SID Number,TDCJ Number,Name,Current Facility,Projected Release,TDCJ Offense,Sentence Date,Offense Date,Sentence (Years)
827471,2608018,"STOWE,JERRY EARL",Byrd,6/11/2031,INDEC W/CHILD CONTACT,3/12/2026,10/19/2024,6
1142300,2585405,"CLARK,RAMSEY JOSHUA",LeBlanc,12/18/2059,POSS CHILD PORN,10/16/2025,7/24/2022,35
1173182,190234,"JIMENEZ,RICHARD",Powledge,10/13/2033,MURDER W/MALICE,6/29/1966,11/27/1965,198
1188055,1882205,"CRUZ,ISMAEL",Pack,9/20/2047,SEX ASSAULT/HAB,9/9/2013,5/20/2012,35
1210115,730485,"JACKSON,ANDREW HAYWARD",Powledge,3/8/2069,MURDER,7/20/1995,3/9/1994,75
1249895,279559,"LARA,VIRGILIO E",Connally,1/1/9999,ATPT CAPITAL MURDER HABITUAL,4/13/1978,9/14/1977,Life
1325069,245868,"GUILLEN,JUAN",Robertson,1/1/9999,ATTEMPTED CAPITAL MURDER,2/4/1975,8/21/1974,Life
1348749,1137125,"MONTOYA,JOSE",Dalby,1/1/2062,AGG SEX ASLT-CHILD,10/4/2002,1/1/2002,60
1364608,2212179,"GUERRERO,JOSE L",Beto,7/21/2033,INDECENCY W/CHILD CONTACT,7/24/2018,7/18/2016,15
1384827,1465196,"ZUNIGA,JUAN GUZMAN",C.T. Terrell,4/23/2036,SEX ASLT,9/24/2007,4/24/2006,30
1385426,1924413,"VALVERDE,BENITO CAVAZOS",Pack,2/12/2044,MURDER REPEATER,3/20/2014,9/4/2011,30
1434783,279297,"ESTRADA,JUAN SALINAS",Wainwright,1/1/9999,AGGR ROB HABITUAL,12/19/1977,1/21/1977,Life
1466566,2419782,"TREVINO,JOHNNY GUTIERREZ",Briscoe,10/21/2047,AGG SEX ASLT CHILD,10/24/2022,6/1/2014,25
1474843,333817,"LOPEZ,OSCAR GARCIA",Pack,1/1/9999,AGG ROBBERY W/DW,3/2/1982,8/3/1981,Life
1485357,665051,"HICKS,GEORGE WASHINGTON",Pack,1/1/9999,AGG SEX ASLT,3/2/1994,1/11/1993,Life
1486336,1230284,"LEE,HAROLD EDWARD",LeBlanc,3/28/2041,MURDER (HABITUAL),3/25/2004,3/21/2003,38
1510658,2571708,"VALDEZ,ROLANDO PEREZ",Dominguez,6/24/2035,AGG SEX ASLT CHILD,6/25/2025,11/29/2000,10
1531260,1503989,"RIOS,SANTOS",Powledge,4/24/2058,AGG SEXUAL ASSLT / CHILD,5/2/2008,1/31/2005,50
1538375,2041757,"ARREDONDO,ROBERT G",Fort Stockton,5/1/2034,AGG SEX ASLT-CHILD,12/14/2015,11/15/2012,20
1550561,296993,"GUILLEN,ERNESTO GRANADO",Telford,1/1/9999,CAPITAL MURDER,9/20/1979,1/24/1979,Capital Life
1565327,625709,"GOMEZ,LOUIS",McConnell,1/18/2027,BURG BLDG,6/29/1992,3/7/1992,25
1575174,1292319,"GARZA,CASIMIRO SABIDO",Hughes,1/3/2044,AGG SEXUAL ASLT-CHILD,2/28/2005,1/3/2004,40
1579028,396934,"STOUT,LARRY C.",Pack,4/9/2049,ROBBERY,4/23/1985,9/15/1984,77
1604233,2447485,"GONZALES,GUADALUPE JOSE",Ney,5/23/2027,MISAPP FIDUC FIN INST 300K,5/2/2023,1/15/2016,10
1614226,2102304,"RIOS,MARIO",Pack,10/3/2056,AGG SEXUAL ASLT CHILD U/6Y,11/17/2016,4/16/2012,40
1634071,1961510,"BAKER,GARY L",Jester III,1/1/9999,AGG SEXUAL ASLT CHILD,9/18/2014,10/17/2003,Life
1638018,863147,"CARDENAS,VICTOR MANUEL",Hospital Galveston,1/13/2097,MURDER,12/15/1998,5/5/1996,99
1647409,1874254,"LOVEN,DAVID",West Texas Hospital,1/1/9999,AGG SEX ASLT CHILD,6/10/2013,12/31/2011,Life
1647767,567107,"JOHNSON,ANDRE",C.T. Terrell,8/25/2028,FORGED CHECK,10/9/1990,6/9/1990,35
1656145,1427158,"REYES,VICENTE JR",Telford,1/1/9999,AGG SEX ASLT-CHILD,3/15/2007,12/6/2000,Life
1683173,456388,"MOBERG,RAY",McConnell,1/1/9999,MURDER,6/30/1987,1/9/1987,Life
1683606,525335,"MIXON,WILLIAM",Stiles,10/1/2026,MURDER W/DEADLY WPN,7/17/1989,6/15/1988,60
1693125,2576307,"AVINA,ANTONIO MENDOZA",LeBlanc,3/1/2027,INDEC W/CHILD CONTACT,9/10/2025,8/12/2013,8
1700357,2505846,"OLEARY,TIMOTHY CARROL",Dominguez,11/8/2029,ARSON HABIT/PLACE OF AS,5/10/2024,3/18/2023,16
1702644,346243,"LOZANO,RUBEN G",Lewis,11/5/2031,AGG RAPE,5/20/1982,7/24/1981,60
1723905,1639974,"MORAN,ALBERT",McConnell,1/1/9999,INDEC W/CHILD-CONTACT-HAB,1/22/2010,4/1/2005,Life
1738794,1765159,"FINO,DAVID",Lewis,1/1/5555,CONT SEX ABUSE CHILD,1/19/2012,9/2/2007,LWOP
1739141,2303257,"RODRIGUEZ,ROBERT",Jester III,7/8/2039,AGG ASLT AGAINST PUB SERV,1/10/2020,7/8/2019,20
1739247,2440914,"ORTIZ,JERRY",Lewis,10/22/2030,DWI,3/27/2023,10/22/2022,8
1745545,2380525,"MORA,JUAN",Stiles,1/26/2035,AGG SEX ASLT CHILD,1/18/2022,2/1/2013,15
1756091,582248,"SANDOVAL,ARTHUR GONZALES JR",Diboll,11/9/2056,AGG SEX ASSLT,3/20/1991,7/8/1989,65
1761083,2451689,"BADILLO,LUCIO",C.T. Terrell,4/2/2038,VIOL S.OFFNDR REG W/PREV CONV,5/17/2023,1/17/2023,15
1767563,629201,"ALFORD,WALTER DOUGLAS",Dalby,10/1/2026,DEL COCAINE-HABITUAL,10/7/1992,3/23/1991,35
1776142,261899,"SANDERS,ROBERT JR",Estelle,1/1/9999,AGG ROBBERY,9/27/1976,3/6/1976,Life
1783381,2440367,"RAMIREZ,PEDRO",Ellis,3/13/2031,INDEC W/CHILD-CONTACT,3/15/2023,3/30/2019,8
1797019,2557587,"KIRKWOOD,JAMES ANTHONY",Jester III,2/12/2032,AGG ROBBERY,4/21/2025,1/28/2023,7
1807819,1047466,"CAFFEY,MICHAEL",Pack,1/1/9999,AGG KIDNAPPING,4/11/2001,3/27/2000,Life
1820065,2188039,"LONGORIA,HILARIO",Pack,3/2/2038,AGG SEXUAL ASLT/CHILD,3/14/2018,11/13/2013,20
1830973,2431185,"FARRIAS,JESSE GARZA",Smith,9/30/2031,AGG SEXUAL ASLT CHILD,1/24/2023,7/3/2012,10
1837941,2423982,"COLLASO,FRANK DEMRIUS",Willacy County,5/5/2034,AGG ASLT W/DWPN,11/29/2022,5/4/2022,12
1853011,2400563,"BRAZIEL,RUFUS LAFAYETTE",Michael,1/16/2042,AGG SEX ASLT CHILD,6/28/2022,5/18/2011,20
1862203,2532676,"PEREZ,VENTURA SOSA",McConnell,5/22/2047,MAN DEL CS PG1 4-200G,11/25/2024,5/25/2019,25
1865212,382036,"ESPARZA,RAUL MEDINA",Pack,3/29/2041,AGG SEXUAL ASSAULT,8/6/1984,11/26/1983,99
1880263,2579259,"STEPHENSON,CLAYBORNE LEIF",Pack,12/1/2026,POSS CS PG1 1-4G,9/24/2025,12/8/2020,5
1896400,1889199,"JANSKY,DONALD RAY",W. Scott,8/14/2033,AGG SEX ASLT CHILD,10/14/2013,9/15/2011,20
1897862,1661541,"ESCALANTE,DAMIAN JR",Pack,5/5/2054,SEX ASSAULT REPEATER,7/19/2010,9/15/2000,45
1900576,524731,"LEE,ROBERT E.",Pack,1/20/2071,AGG ROB W/DDLY WEAPON HAB,9/26/1989,9/5/1987,60
1907026,2558778,"SILVA,DAVID",Willacy County,11/30/2035,AGG ASLT W/DWPN,5/5/2025,11/30/2024,11
1908923,2514761,"SALAS,ROBERT",Duncan,6/8/2030,INDEC W/CHILD CONTACT,7/18/2024,6/1/2018,6
1924643,2264454,"VILLANUEVA,ALFONSO",Duncan,2/20/2031,INDEC W/CHILD CONTACT,5/13/2019,7/1/2013,12
1928864,2605379,"SPEED,DANNY",East Texas Treatment Facility,9/29/2026,FELON-POSSOF A WPN,1/29/1990,3/15/1989,Life
1929117,820968,"MARTINEZ,PETE MARTINEZ",Allred,8/23/2042,MURDER-MARRIED-GUN,11/4/1997,5/22/1994,45
1930891,1983514,"SMITH,CARLOS BERNARD",Stiles,7/3/2053,MURDER,2/13/2015,5/10/2013,40
1960232,338260,"GARCIA,ROBERT",Lewis,1/1/9999,ATT CAPITAL MURDER,4/13/1982,12/11/1981,Life
1963476,1372875,"DEGOLLADO,DAVID CONTRERAS",Boyd,2/28/2032,AGG SEXUAL ASSAULT-CHILD,5/17/2006,1/26/1999,20
1969449,2475463,"GAYTAN,RAYMOND",Powledge,4/18/2038,AGG ASLT W/DWPN,9/11/2023,4/19/2023,15
1970121,2400120,"FURNESS,DONALD PAUL",Pack,11/3/2026,DWI 3RD,5/26/2022,11/18/2021,12
1991673,2265754,"COYASO,JOHNNY ANGLE",Garza West,6/14/2026,POSS W/I DEL CONT SUB 4-200G,5/17/2019,3/23/2019,8
1993216,2543513,"RODRIGUEZ,CRUZ SALAZAR",Dominguez,6/1/2026,AGG ASLT W/DEADLY WPN,1/30/2025,8/20/2024,2
2012919,2423273,"CHAPA,RALPH JOHN",LeBlanc,4/1/2027,INDEC W/CHILD CONTACT,11/15/2022,7/25/2021,6
2015051,2538103,"MARTINEZ,MOSES RIVAS",Willacy County,8/9/2027,DWI,12/19/2024,2/17/2024,3
2030556,610562,"VILLARREAL,CARLOS",Garza West,5/24/2046,AGG ROBBERY W/DEADLY WPN,2/24/1992,6/7/1991,45
2036544,1443062,"ONOFRE,JESSE JR",LeBlanc,7/12/2041,AGG ASLT,6/7/2007,10/31/2004,35
2036908,351769,"VILLAREAL,HARVEY",Michael,1/1/9999,MURDER,2/10/1983,9/2/1982,Life
2041292,2465032,"LANDIN,FLORENCIO JR",Willacy County,8/20/2039,INDECENCY W/CHILD CONTACT,8/22/2023,8/21/2017,16
2046861,2308860,"HERNANDEZ,OSCAR G",Duncan,12/25/2029,SEX ASLT,2/14/2020,10/17/2015,10
2049324,2476078,"DONALDSON,PAUL JAMES",Clements,1/1/9999,MANSLAUGHTER,11/9/2023,1/15/2017,Life
2052550,1594461,"WILSON,WILLIAM EUGENE",Michael,1/1/5555,CAPITAL MURDER-MULT PER,8/26/2009,6/10/2007,LWOP
2053756,522438,"JACKSON,HARRY T",Garza West,5/25/2029,BURG OF BLDG,2/15/1989,1/16/1988,32
2054179,2597716,"BETANCOURT,ARNOLD",Young,9/1/2030,FAIL COMP SEX OFF DUTY REG LIFE,10/8/2025,8/28/2023,5
2057178,576276,"SILVA,ARMANDO",Connally,11/27/2031,BURG HABIT,1/7/1991,4/3/1990,45
2057625,2168667,"MCFARLIN,JEFFRIE WILLARD",LeBlanc,2/9/2036,BURG HAB-INT COMM FEL REP,11/15/2017,12/3/2015,20
2068271,2179310,"MOLINA,DAVID LOZANO",Coffield,8/9/2052,AGG ROBB,1/22/2018,5/18/2016,35
2076961,2310344,"ROBLEDO,FRANK ORTEGA",Lewis,12/3/2043,AGG SEX ASLT-CHILD,3/3/2020,11/8/2018,25
2079550,384377,"MOONEY,VERNON WAYNE",Stiles,1/1/9999,AGG ALST W/BOD INJURY,9/20/1984,3/6/1984,Life
2093916,2502453,"GATICA,MIKE",Willacy County,5/18/2028,DWI 3D/M REPEATER,4/22/2024,6/5/2023,10
2096086,732076,"ORTIZ,LUIS C",Pack,8/3/2027,AGG SEXUAL ASLT-REPEATER,9/12/1995,8/23/1994,28
2099083,890139,"CORTEZ,DAVID L",Michael,1/1/9999,SEX ASLT,8/19/1999,3/2/1998,Life
2104884,1199226,"MORENO,JESUS RAMIREZ",Jester III,3/29/2038,MURDER,9/29/2003,3/30/2003,35
2107579,347323,"SANCHEZ,RAYMOND",Jester III,1/1/9999,BURG HABIT WIC RAPE,5/26/1982,12/2/1981,Life
2117444,577892,"VERA,MARIANO",Smith,12/28/2090,AGG ROBBERY W/DDLY WPN,2/7/1991,5/4/1990,99
2117473,2601486,"VILLARREAL,RICHARD",Dominguez,3/14/2027,THEFT PROP $2500 2/M PREV,2/2/2026,8/19/2025,1.5
2122041,867066,"GOMEZ,JIMMY",Jester III,5/27/2032,MURDER,3/1/1999,3/26/1997,35
2124620,2593140,"ORTIZ,RAYMOND",East Texas Treatment Facility,10/11/2026,DRIVING WHILE INTOXICATED 3RD OR,,7/4/2019,5
2125910,2415595,"KOENIG,DAVID LEE",Pack,2/1/2027,DWI,9/22/2022,2/19/2022,10
2126360,636967,"BRIONES,ALEX M",Pack,1/1/9999,MURDER,12/18/1995,3/5/1992,Life
2135088,2608019,"THOMPSON,KENNITH RAY",Garza West,2/1/2027,ROBBERY,3/5/2026,5/13/2025,2
2138550,2585557,"LEWIS,WILLIE CURTIS",East Texas Treatment Facility,6/1/2026,DRIVING WHILE INTOXICATED 3RD OR,,7/12/2024,10
2139057,1828432,"RAMIREZ,REYNALDO GARCIA",Stiles,10/10/2032,INDECENCY W/CHILD CONTACT,12/10/2012,7/1/2011,20
2141494,2458901,"CARREON,DAVID JOSEPH",McConnell,7/12/2027,POSS W/I DEL CS PG1 4-200G,7/19/2023,1/31/2020,5
2150116,498393,"LEE,KENNETH DEAN",Polunsky,1/1/9999,ROBBERY/THREATS,11/14/1988,7/30/1988,Life
2152437,598955,"GARCIA,BASILLO",Stiles,1/1/9999,MURDER,6/28/1991,11/3/1990,Life
2163271,920048,"RODRIGUEZ,JESSE",McConnell,12/16/2043,BURG HABIT,3/23/2000,3/9/1999,60
2175407,2613019,"FUENTES,RALPH",Garza West,9/4/2045,AGG ASLT W/DEADLY WPN,4/10/2026,6/16/2025,20
2176591,2373651,"ROBINSON,CARLOS",Willacy County,7/13/2034,AGG ASLT W/DWPN FAM,11/30/2021,7/7/2020,14
2201491,297647,"GOVEA,JESSE M",McConnell,1/1/9999,CAPITAL MURDER,10/11/1979,11/30/1978,Capital Life
2220154,807315,"GARZA,ELISEO GONZALES",Smith,1/1/9999,CAPITAL MURDER,8/25/1997,6/6/1996,Capital Life
2221705,782294,"TORRES,BOBBY",Lewis,8/30/2036,MURDER,2/13/1997,12/6/1995,40
2222641,1252081,"SMITH,JAMES DONALD JR",Goodman,8/14/2026,BURG HABIT-FORCE(HABITUAL),7/21/2004,10/24/2003,40
2229185,1448628,"RESENDIZ,LEE",Clements,1/1/9999,AGG SEX ASLT-CHILD,6/21/2007,2/3/2006,Life
2229743,611824,"COVARRUBIAS,MANUEL RODRIGUEZ",LeBlanc,8/16/2029,DEL HEROIN,2/24/1992,1/20/1991,35
2234225,587519,"RIDGEWAY,ROBIN STEEN",Garza West,8/21/2026,AGG ROBBERY W/DEADLY WPN,5/28/1991,9/29/1990,35
2240461,2574848,"COLEMAN,JARVIS LOUIS",Hamilton,9/1/2026,DWI,8/7/2025,11/5/2023,2
2251709,1718962,"MONTEITH,ROY LEE",Ney,4/1/2027,AGG SEX ASLT CHILD,5/23/2011,5/11/2009,20
2257631,2552625,"CARRILLO,RUBEN ALEXANDER",Cotulla,3/6/2033,MAN DEL CS PG1 4-200G,3/25/2025,3/1/2023,20
2259682,547851,"FLORES,EDUARDO M",Michael,4/10/2030,ROBBERY BY THREATS,10/18/1989,10/20/1988,30
2263014,2590108,"MACKEY,FRANK D",Garza West,3/2/2027,MAN DEL CS PG1 4-200G,11/12/2025,1/9/2023,5
2276258,310438,"JOHNSON,ALAN",Stiles,1/1/9999,CAPITAL MURDER,9/11/1980,2/12/1979,Capital Life
2278456,577512,"SANCHEZ,JUAN JORGE",Clements,11/16/2042,MURDER,12/6/1990,12/12/1986,99
2288284,2558533,"DIAZ,GILBERT",Gist,6/11/2026,BURG OF BUILDING HAB,4/25/2025,8/26/2024,5
2292973,822372,"FLORES,CIRILDO JR",McConnell,1/1/9999,ATT MURDER,11/19/1997,12/17/1996,Life
2303011,1535515,"JETT,RICHARD",Allred,6/20/2105,MURDER,10/7/2008,6/12/2006,99
2308547,2504628,"ALVAREZ,LUIS",LeBlanc,6/1/2026,INDECENCY-CHILD EXPOSURE,5/14/2024,4/26/2022,4
2330908,1390436,"ALVAREZ,MIGUEL",LeBlanc,3/23/2032,AGG SEXUAL ASLT CHILD,8/21/2006,9/1/1995,30
2343592,827821,"ESPARZA,EDWARD",Briscoe,7/29/2062,MURDER,2/17/1998,8/3/1996,65
2345350,1346455,"VILLANUEVA,MARIO S",Wynne,3/6/2055,AGG ROBBERY,12/21/2005,9/30/2004,50
2351081,2396312,"MONTEMAYOR,JUAN",LeBlanc,6/1/2026,INDEC W/CHILD CONTACT,5/23/2022,1/6/2021,6
2360043,2531737,"TORRES,JAIME",LeBlanc,6/1/2026,FAIL COMP SE OFF DUTY REG LIFE,11/8/2024,4/4/2022,2
2364361,2557595,"SALAZAR,JIMMY",Willacy County,12/13/2027,FAIL COMP SEX OFF DUT REG W/PREV,4/28/2025,10/8/2024,3
2388216,2033426,"HUIZAR,ERNEST CAMPOS",Clements,10/3/2026,INDECENCY W/CHILD-CONTACT,11/2/2015,2/12/2014,12
2388801,305602,"HERNANDEZ,JOSE FLORES",Wynne,1/1/9999,MURDER,5/27/1980,1/27/1980,Life
2411066,1235119,"RODRIGUEZ,ADAN",Telford,2/1/2027,MURDER,4/26/2004,2/7/2003,24
2415520,1611689,"PEREZ,BEATRIZ",Crain,1/1/9999,MURDER,11/10/2009,8/23/2007,Life
2425628,1031719,"LINDBERG,WALTER",Pack,8/8/2045,AGG ROBBERY,2/21/2001,5/10/2000,45
2427667,1647898,"BARRAZA,ABEL",LeBlanc,7/24/2054,AGG ROBBERY,5/18/2010,7/14/2009,45
2427693,2499680,"MARTINEZ,JOE ANGEL",Briscoe,1/15/2049,FAIL STOP/RENDER AID MOVG HAB,4/15/2024,7/5/2021,25
2446537,829557,"ROMERO,JOSE LUIS",McConnell,6/8/2042,MURDER,3/20/1998,4/20/1997,45
2454230,482626,"WALTON,ROY",Jester III,8/18/2042,ROBBERY,6/19/2018,8/13/2017,25
2454331,2515789,"RAMOS,JOSE A",Lewis,8/11/2030,INDECENCY W/CHILD CONTACT,8/14/2024,10/12/2021,6
2459105,2552640,"VANCE,RICHARD LANE JR",Willacy County,2/28/2029,FAIL COMPLY SEX OFF DUTY PREV,3/24/2025,8/28/2023,4
2460976,1240894,"LANGLEY,MARK DAVID",Hodge,1/1/9999,MURDER,4/15/2004,9/13/2002,Life
2463778,2482088,"MARTINEZ,JOSE JUAN",Ramsey,11/5/2033,ROBBERY,12/19/2023,10/22/2023,10
2479374,1826493,"CHILDS,GEORGE LAWRENCE",Michael,8/27/2036,AGG ASLT DWPN REPEATER,11/28/2012,7/2/2011,25
2483022,1269316,"RAMOS,MIKE S",Connally,4/26/2043,AGG SEX ASLT HAB,9/24/2008,2/2/2002,40
2484587,2198296,"LOPEZ,ROBERT",McConnell,1/20/2029,VIOL SEX OFF REG W/PREV CONV,5/10/2018,1/29/2015,10
2490823,1174817,"KIRK,RUSSELL",Lewis,4/3/2042,AGG ASLT W/DDLY WPN,5/12/2003,11/18/2001,40
2492555,2494250,"DOMINGUEZ,CELIA VASQUEZ",Hobby,6/1/2026,AGG ASLT DW,3/21/2024,8/21/2011,10
2495694,2558545,"PEREZ,ALBERT",Willacy County,12/13/2026,FAIL CMPLY SEX OFF DTY REG LIFE,4/25/2025,3/11/2024,2
2505178,1996924,"CARTER,BRUCE",Smith,1/1/5555,CONTINUOUS SEX ABUSE-CHILD,4/29/2015,12/13/2012,LWOP
2506783,888549,"LEGATE,JAMES",McConnell,9/3/2097,MURDER,8/11/1999,9/3/1998,99
2513076,2550882,"MARTINEZ,DOMINGO",LeBlanc,2/29/2028,ASLT FAMILY HSEHLD MEMBER,3/19/2025,2/18/2024,3
2524235,1776875,"GARCIA,DANIEL FLORES",Powledge,9/13/2029,MURDER-NONFAMILY,3/26/2012,6/25/1986,45
2527068,620652,"SIMMONS,LAVERNE DWAYNE",Smith,5/17/2042,ARMED BURG W/DEAD WPN,6/15/1992,5/24/1991,50
2531342,285306,"GAY,DONALD LYNN",Coffield,11/1/2027,AGGRAVATED ROBBERY W/DEAD,10/20/1978,1/19/1978,52
2534473,571497,"SPENCER,KENNETH LEWIS",Garza West,10/25/2033,AGG ROBBERY W/DEAD WPN,11/19/1990,4/14/1990,40
2541551,1308455,"PALACIOS,MARIA",O'Daniel,1/1/9999,INJURY TO CHILD-SBI-INT/KNO,5/12/2005,1/21/2004,Life
2544421,2352801,"DIAZ,LUIS",Connally,6/1/2026,DWI-3D/M,6/16/2021,8/10/2019,6
2545509,2164954,"MARTINEZ,MIGUEL",Dalby,7/2/2037,BURG BLDG-INT THEFT,10/27/2017,10/29/2015,20
2547794,2236021,"TAPIA,JOE",Diboll,3/16/2036,SEX ASLT,12/3/2018,10/15/2000,18
2553717,2614362,"DUKES,ARTHUR",Byrd,11/20/2026,POSS CONT SUBS PG1 4-200G,9/5/2008,6/11/2006,70
2557085,2576401,"GONZALES,ANTONIO",East Texas Treatment Facility,6/30/2026,POSS CS PG 1/1-B >=4G<200G,,3/14/2024,5
2557639,1334510,"JONES,JUAN T",Powledge,11/15/2102,AGG ROBBERY,10/25/2005,11/9/2003,99
2560001,2595697,"RIGGINS,DARREL VICTOR",Willacy County,7/6/2030,POSS CS PG 1/1-B 4-200G,12/1/2025,7/6/2025,5
2597569,2183142,"MALDONADO,FELIX",Lopez,9/1/2026,DWI,2/12/2018,3/31/2017,10
2600037,1358544,"SERNA,JESUS ANTONIO",Smith,10/18/2029,AGG SEX ASLT-CHILD,2/3/2006,4/5/2003,25
2604810,1819351,"MALDONADO,ANTHONY",Estelle,1/1/9999,AGG SEX ASLT CHILD-RPT,10/19/2012,9/1/2005,Life
2609676,480282,"MORENO,RAUL RALPH",Clements,3/11/2107,AGG SEX ASLT,4/6/1988,9/12/1987,99
2612231,1097892,"GARCIA,DANIEL D",McConnell,2/22/2101,MURDER,2/28/2002,2/21/2000,99
2614854,2362909,"DELGADO,BENITO",Ramsey,6/20/2035,AGG SEXUAL ASLT CHILD,9/7/2021,10/25/2019,15
2623502,549845,"HERNANDEZ,MIKE GONZALES",Lewis,1/1/9999,AGG SEX ASLT,5/2/1990,1/2/1990,Life
2626466,2548532,"GARZA,RAMIRO D JR",Willacy County,3/20/2027,AGG ROBBERY,3/4/2025,11/21/2021,5
2633376,1470311,"PASQUALE,ANTHONY T",Polunsky,5/30/2051,AGG SEX ASSAULT CHILD,10/22/2007,2/12/2006,45
2633557,785447,"LEWIS,WILLIAM KELLEY",Allred,7/23/2039,SEX ASLT,2/25/1997,6/2/1995,43
2637756,644639,"RAGAN,ANDRE PHILLIP",Pack,1/1/9999,ATT SEX ASLT,3/18/1993,1/2/1992,Life
2640797,2585397,"AGUIRRE,JOHNNY ALEX",Torres,3/25/2029,ROBBERY,10/27/2025,3/23/2025,4
2642590,2602826,"MARTINEZ,JOHNNY",Byrd,2/13/2029,ASLT FAM/HSE MEM IMP BRTH/CIR,2/4/2026,2/13/2025,4
2643586,414168,"WILSON,JAMES",Polunsky,10/5/2030,MURDER,1/28/1986,8/17/1985,60
2650775,2066062,"HERNANDEZ,DAVID",Garza West,8/16/2028,POSS WID CONT SUB PG1 4-200G,5/6/2016,5/11/2015,14
2655244,2419308,"GUTIERREZ,MIKE",Garza East,6/10/2032,INDEC W/CHILD CONTACT,10/25/2022,5/9/2020,10
2663385,1263270,"RODARTE,JOHN SR",Estelle,1/1/9999,AGG SEXUAL ASLT-CHILD,9/3/2004,8/14/1995,Life
2670143,1407465,"HINOJOSA,FLOYD",Connally,6/20/2041,AGG SEX ASLT/CHILD,11/20/2006,7/10/2003,35
2674296,2588254,"FOLSOM,RANDY WAYNE",Willacy County,8/25/2027,DWI,10/29/2025,6/1/2024,7
2677142,718187,"ARRENDONDO,GILBERT",McConnell,4/23/2035,MURDER,5/11/1995,1/4/1994,40
2682401,1708848,"RODRIGUEZ,ISRAEL YTUARTE",Coffield,2/20/2037,SEX ASLT-CHILD,5/7/2012,2/28/2004,25
2682443,2454091,"EDMONSON,JUNIOR ONEAL",Clemens,6/19/2031,DWI 3D/M,6/20/2023,11/7/2021,8
2684286,2583584,"CORTEZ,JUAN",Willacy County,7/31/2027,POSS CONT SUB L/1G,9/24/2025,12/8/2023,2
2686744,449268,"COVARRUBIAS,CARLOS",Allred,6/10/2030,AGG SEX ASLT OF CHILD,3/30/1987,4/27/1986,40
2686976,394646,"CHARLES,EDWARD",Boyd,4/3/2032,BURG HABIT,3/20/1985,11/30/1984,60
2688733,2603734,"ORTIZ,ROBERT F",Dominguez,6/11/2026,THEFT PROP <2500 2/M PREV CONV,2/9/2026,3/17/2024,0.5
2689736,802667,"AGUILAR,PERRY SOLOMON",Polunsky,1/1/9999,AGG SEX ASLT-CHILD,8/13/1997,3/14/1996,Life
2691161,681917,"COLUNGA,CARLOS",Smith,1/1/9999,MURDER,8/15/1994,11/21/1993,Life
2698036,869849,"WELCH,JAMES NORRIS",Allred,1/1/9999,AGG SEX ASLT,11/5/1997,12/18/1996,Life
2699332,2199591,"LONGORIA,JIM GARCIA",Hospital Galveston,1/1/9999,MURDER,5/11/2018,1/15/2017,Life
2700434,2354520,"BARKER,DONALD RAY",C.T. Terrell,2/17/2030,INDECENCY W-CHILD-CONTACT,6/24/2021,1/25/2020,10
2701316,531913,"SANCHEZ,ROBERT",Beto,1/1/9999,CAP MURDER W/DEADLY WPN,10/30/1989,3/11/1989,Capital Life
2707391,1828436,"SOTO,MICHAEL",Ramsey,10/11/2030,INDECENCY CHILD EXPOSURE,12/11/2012,10/11/2012,18
2711766,2505830,"DELUNA,GILBERT",Ferguson,2/26/2028,DWI 3D/M REPEAT,5/14/2024,1/9/2024,10
2714502,2600789,"GONZALES,PAUL STEVEN",Kyle,9/2/2026,BURG OF A VEH,4/12/1989,11/13/1988,Life
2722542,485110,"DURANGO,JOE",Connally,1/1/9999,BURG OF BLDG,6/9/1988,12/26/1987,Life
2722745,1542251,"RODRIGUEZ,JUAN RAMON",Garza East,8/22/2038,INDEC W/CHILD-CONTACT,10/24/2008,8/11/2008,30
2723109,1717080,"PENA,ROLAND VALDEZ",Connally,6/22/2030,POSS W/I DEL CONT SUB PG1 4-200G,5/18/2011,10/23/2009,15
2724273,545873,"GROSS,LARRY WAYNE",C.T. Terrell,1/1/9999,AGG SEX ASLT,3/28/1990,8/28/1988,Life
2725042,2228228,"TAMAYO,DOMINGO JR",Connally,9/3/2048,AGG SEX ASLT-CHILD,10/11/2018,7/15/2001,30
2727162,679468,"VAUGHN,DAVID MICHAEL",Stiles,1/1/9999,MURDER,6/9/1994,1/26/1994,Life
2727780,1633336,"MORA,VICTOR",Coffield,12/1/2026,AGG ROBBERY,3/18/2010,8/2/2009,25
2727805,601649,"DUARTE,RICHARD FERNANDEZ",Estelle,1/1/9999,AGG ROBBERY W/DEADLY WPN,10/23/1991,10/28/1990,Life
2730419,2452408,"WALLACE,ORVELL B",Pack,7/1/2026,POSS WID CONT SUB PG1 4-200G,5/31/2023,4/7/2021,7
2732836,515226,"ESQUIVEL,JESUS",Beto,7/31/2026,BURG OF BLDG,4/14/1989,12/2/1988,75
2736523,2423290,"ORTA,ANTHONY ALFARO",Gist,6/11/2026,POSS WITD CONT SUBS PG1 4-200G,11/14/2022,4/11/2022,7
2737748,1571646,"NOLDEN,PATRICIA ANN",Murray,7/10/2035,AGG ROBBERY,1/30/2009,4/10/2007,28
2738944,2594724,"DE LEON,RAUL",Dominguez,10/24/2030,FAIL COMP SEX OFF DUTY REG LI/AN,8/11/2025,10/16/2023,5
2743484,315165,"MARTINEZ,RUDY",Ferguson,11/18/2033,MURDER,5/29/1984,4/7/1980,45
2745288,2063866,"RINCON,ROGELIO JR",McConnell,1/28/2039,MURDER,4/26/2016,1/5/2012,25
2755453,2300031,"VELIZ,HONORATO G",Michael,10/26/2031,POSS CONT SUB PG1 4-200G,12/20/2019,1/23/2019,12
2759494,1419083,"VILLA,EDWARD",Ellis,12/2/2104,MURDER,2/2/2007,12/3/2005,99
2768751,366229,"CAMPBELL,FRED",Lewis,1/1/9999,CAP MURDER,9/13/1984,6/9/1983,Capital Life
2769452,2312173,"LOPER,KURT WAYNE",McConnell,5/13/2053,POSS CHILD PORN,2/12/2020,2/20/2018,34
2773299,588166,"CAMPA,ROLAND",Lewis,1/12/2036,ROBBERY-THREATS,6/7/1991,1/5/1991,40
2773712,2585417,"GARCIA,GABRIEL III",Cotulla,3/23/2028,CONT VIOL AGAINST FAM,9/25/2025,8/29/2019,8
2773955,899173,"PENA,EDUARDO",Michael,1/1/9999,MURDER,6/11/1999,1/1/1998,Life
2778053,2283256,"IDROGO,JOHNNY",Connally,4/1/2029,ROBBERY,9/12/2019,2/16/2019,10
2779031,2565750,"SMERTNECK,JAMES LEE JR",Dominguez,1/1/2027,DWI 3RD MORE,6/12/2025,2/7/2023,4
2792632,1962864,"GALINDO,RUBEN",Coffield,4/13/2070,INTOX MANSLAUGHTER,10/20/2014,4/13/2013,19
2792917,2244975,"GARCIA,ROBERT JR",Estelle,3/27/2048,BURG HABIT-FORCE,1/24/2019,9/7/2017,75
2793438,2287187,"WASHINGTON,STANLEY",LeBlanc,5/7/2027,SEX ASLT-CHILD,10/1/2019,12/28/2018,8
2801239,429204,"BURKE,MICHAEL",Lewis,12/13/2032,AGG ROB W/DEADLY WPN,8/6/1986,5/8/1986,45
2804484,1272843,"THOMPSON,CARLTON WALTER",Telford,1/2/2079,ROBBERY (HABITUAL),10/13/2004,1/3/2004,75
2809444,2613031,"MOTT,CARL",Connally,12/14/2094,TAMP/FAB PHYS EVID W/INT IMP,3/6/2026,12/14/2024,70
2810053,2551074,"ARREDONDO,ALICIA ANGELITA",Halbert,8/3/2026,OBSTR OR RETALIATION,10/25/2024,11/2/2022,7
2810344,1854012,"RAMOS,FRANCISCO",Ellis,7/11/2029,POSS WID CONT SUB PG1 4-200G,4/17/2013,4/4/2013,13
2811431,320141,"EDWARDS,THEODORE R III",Polunsky,1/1/9999,MURDER,4/7/1981,2/9/1981,Life
2814097,572402,"OVALLE,MARIO",Smith,2/11/2047,ROBBERY,10/12/1990,11/14/1989,40
2814441,2596681,"RODRIGUEZ,ALEJANDRO",Jester III,3/2/2027,POSS CS PG1-4 200GRAMS,4/4/2022,1/11/2021,4
2815799,715134,"CANTU,DAVID JOSEPH",Michael,7/29/2026,AGG SEX ASLT OF CHILD,8/27/1993,12/12/1990,70
2819594,1920299,"MOORE,JIMMY RAY",Bell,6/1/2026,POSS WID CONT SUBS PG1 4-200G,3/24/2014,10/16/2012,10
2822760,2520032,"VILLANUEVA,ROGER",Garza West,4/1/2027,AGG ASLT AGNST PUB SERV,8/20/2024,11/7/2023,5
2831846,1439041,"BENITEZ,THOMAS",Polunsky,4/6/2041,AGG ASLT,5/18/2007,3/7/2006,35
2836158,1069305,"LAZARINE,ALBERT M",Pack,7/28/2033,AGG ROBBERY W/DDLY WPN,7/24/2001,2/17/2000,25
2837790,1950794,"LUGO,GUILLERMO C",McConnell,2/12/2074,SEX PERF BY A CHILD U/14,8/21/2014,2/3/2012,60
2838111,1560899,"TREJO,JUAN BENITO",Briscoe,2/24/2038,AGG SEXUAL ASLT CHILD(REPEATER),1/5/2009,8/20/2007,30
2842131,476714,"MADRIGAL,JOSE GORROSER",Smith,1/1/9999,MURDER W/DEADLY WPN,2/12/1988,8/4/1981,Life
2848349,2591884,"HERNANDEZ,FELIBERTO JR",Memorial,12/1/2026,POSS CS PG1/1-B 1-4G,11/20/2025,9/1/2024,2
2848454,1720494,"CHARLES,ARMANDO",Stiles,8/13/2060,MURDER REPEAT,6/9/2011,8/14/2010,50
2850934,629797,"FLOYD,LEANDER JR.",Lewis,1/1/9999,CAP MURDER,6/30/1992,4/18/1991,Capital Life
2859282,2588288,"SUAREZ,ANGEL",C.T. Terrell,7/28/2027,POSS CS PG1/1-B 1-4G,10/29/2025,7/28/2025,2
2860089,1756000,"MANN,JOHN EDWARD",Estelle,4/4/2041,AGG ROBB,5/20/2016,8/17/2011,25
2864527,1779696,"MALDONADO,EMILIO J",Young,12/23/2070,AGG ROBBERY,3/1/2012,12/23/2010,60
2866841,2077900,"ORTIZ,JOSE ANGEL",Stiles,7/5/2034,AGG SEXUAL ASLT CHILD,7/6/2016,12/31/2002,18
2870040,2593418,"BARBER,DONALD WAYNE",Garza West,3/2/2027,TAMP/FAB PHYS EVID IMP HUM COR,12/3/2025,5/2/2019,3.7
2872947,2168688,"TREVINO,LEONARD",Boyd,11/10/2041,BURG HABIT-INT COMMIT FELONY,11/14/2017,11/10/2016,25
2875866,462737,"LOFTUS,JOHNNIE",Powledge,7/5/2026,DEL OF COCAINE,9/4/1987,10/27/1986,105
2882009,534505,"MARTINEZ,MIGUEL",East Texas Treatment Facility,2/26/2028,ATT BURG HABIT,9/5/1989,3/22/1988,35
2885737,2440892,"BADILLO,FIDENCIO",Stiles,10/18/2043,MURDER,3/24/2023,10/17/2018,25
2889246,2468983,"ROJAS,EDWARD",Lewis,7/8/2041,INDEC W/CHILD CONTACT,10/6/2023,5/21/2018,19
2901020,1302035,"PERKINS,ARTHUR LEE",Jester III,1/28/2064,AGG ROBBERY,1/31/2005,1/23/2004,60
2908297,2595144,"ARROYO,ROBERTO SANTILLAN",Hamilton,11/18/2026,DWI 3RD/MORE,7/17/2025,9/1/2024,3
2909166,618644,"MORANTE,JOSE ANGEL JR.",Robertson,1/1/9999,MURDER W/DEADLY WPN,11/15/1991,10/4/1990,Life
2911073,2548542,"MURCHISON,ROBERT ALEXANDER JR",Garza East,8/23/2026,AGG ASLT W/DW,3/3/2025,8/23/2024,2
2914923,1982177,"SALAZAR,GILBERT",Estes,9/24/2032,AGG SEX ASLT CHILD,2/10/2015,1/1/2000,18
2915184,2584950,"DONNELL,ARTURO",Hodge,4/11/2033,FAIL COMP SEX DUTY REG W/PREV,10/9/2025,3/24/2025,8
2915187,2185596,"GREEN,ROBIN RAY",Pack,3/26/2032,AGG ASLT W/DWPN,2/26/2018,3/2/2017,15
2916454,1428650,"WEBBER,ROBERT CARL",Clements,3/2/2056,MURDER,3/23/2007,3/3/2006,50
2917385,1745228,"BLUE,TERRELL JAMES",Estelle,9/26/2034,MURDER-REP,9/28/2011,9/11/2008,26
2921053,2147909,"CUNNINGHAM,MARK EUGENE",W. Scott,3/17/2051,CONT SEX ABUSE-CHILD/HAB,7/20/2017,6/1/2010,35
2922745,1107834,"MESQUITI,EDWARD ACUNA",McConnell,6/12/2052,ROBBERY,3/21/2002,7/31/2001,50
2929238,1374053,"LOPEZ,ADAM",Connally,6/13/2030,ASLT PUBLIC SERVANT-BI,5/31/2006,6/13/2005,25
2929399,2418328,"MARTINEZ,VICTOR R",Cotulla,12/1/2026,DWI,10/17/2022,3/6/2022,9
2929757,2538092,"CASANOVA,RICHARD T",Dominguez,12/1/2026,VIOL BOND/PROTECT ORD 2+ PREV,12/16/2024,4/20/2024,3
2932254,2526457,"DELEON,ELEUTERIO VILLARREAL",Jester III,10/3/2027,DWI 3RD/MORE,10/7/2024,6/24/2023,3
2932861,526627,"GONZALES,ANTONIO R.",West Texas Hospital,6/24/2107,MURDER OF A CHILD,7/7/1988,8/29/1987,297
2932937,1580666,"SIMMANG,CARY ALLEN",Connally,6/10/2049,INJ TO CHILD-SBI-INT/KNOWN,6/12/2009,9/15/2000,40
2933455,712969,"SOTO,JIMMY",Ellis,9/19/2033,DEL C/S COCAINE,2/13/1995,5/21/1994,40
2935542,521564,"WERLINE,HAROLD GENE",McConnell,1/1/9999,AGG SEXUAL ASSLT,9/1/1989,1/25/1989,Life
2942071,1984807,"COCKRUM,JOE LOUIS",Dominguez,9/30/2027,POSS CONT SUBS L/1G,2/17/2015,10/15/2013,3
2942116,1943895,"SANCHEZ,EDDIE M",Lynaugh,5/2/2028,AGG ASLT DW SBI FAM/DATING,7/17/2014,4/20/2012,15
2947897,373936,"DELGADILLO,ARTURO",Cotulla,3/24/2028,BURG HABIT W/I THEFT,3/14/1984,12/21/1983,45
2951609,1708827,"GARCIA,RAUL",Wainwright,2/1/2031,AGG ROBBERY,3/30/2011,2/1/2011,20
2955751,1309408,"LAWRENCE,LLOYD",Jester III,1/1/9999,INDECENCY W/CHILD,6/9/2005,3/12/2001,Life
2960234,389050,"WOJCIK,TAMMIE L.",Murray,4/1/2034,MURDER W/DEADLY WEAPON,12/7/1984,3/20/1984,99
2962911,1661821,"BARNES,HOWARD SIDNEY",Pack,8/18/2030,MURDER,8/20/2010,1/1/2007,20
2964278,1386839,"DEVAUGHN,LENARD",Garza West,8/28/2026,BURG HABIT,8/3/2006,3/5/2004,40
2968493,2427574,"TREVINO,ANDRES",Briscoe,4/1/2027,DWI 3/MO,12/13/2022,10/16/2020,8
2973298,1699159,"LOBO,PAUL STEVEN",Lopez,3/2/2027,ROBBERY,2/3/2011,12/1/2010,15
2974973,551350,"CLINE,CHARLES ANTHONY",Coffield,6/24/2027,"THEFT 750-20,000",2/28/1990,12/12/1988,40
2976051,2452915,"MARTINEZ,JUAN ENRIQUE",Hughes,12/18/2050,CONT SEX ABUSE CHILD,6/6/2023,12/18/2020,30
2978160,644602,"RODRIGUEZ,REYNALDO GARCIA",Michael,7/21/2034,MURDER,11/4/1996,7/30/1991,40
2981042,2603430,"GUERRA,MIGUEL JR",Byrd,1/27/2032,POSS CS PG1/1-B 4-200G,1/29/2026,2/19/2025,6
2981652,2597470,"REYES,JOSE ARNOLDO",East Texas Treatment Facility,11/11/2026,AGG ASSAULT W/DEADLY WEAPON,,12/25/2024,6
2982876,1570522,"VALDEZ,JOSE HECHAVARRIA",Polunsky,1/1/9999,BURG HABIT I/COM FEL-FOR,3/26/2009,8/19/2006,Life
2989709,2468189,"ARELLANO,ABELARDO",Torres,9/17/2037,BURG HAB-INTENT COMMIT FEL,9/8/2023,9/17/2022,15
2990627,632285,"CASTRO,JOSE ANGEL",McConnell,1/1/9999,AGG ROBBERY W/DEADLY WPN,12/11/1992,1/17/1992,Life
2993717,816652,"ETHRIDGE,JOEY CRAIG",Michael,9/2/2056,MURDER,10/23/1997,10/24/1995,60
2994541,1154381,"BALDERAS,JAVIER",Torres,11/29/2026,DWI,2/3/2003,4/17/2002,25
2994910,2142984,"GARCIA,SAN JUAN",Stevenson,6/7/2047,DWI 3RD/M,6/21/2017,1/10/2014,30
2998819,582668,"VELA,KENNETH",Coffield,1/1/9999,AGG ROBBERY W/DEADLY WPN,3/3/1993,1/7/1990,Life
3002982,2025296,"HUNT,BARON JEFFREY",Powledge,9/18/2035,MURDER,9/21/2015,8/14/2012,20
3003017,1689833,"MORENO,JUAN A",Polunsky,1/1/9999,AGG SEX ASLT CHILD,12/10/2010,12/27/2007,Life
3006880,619278,"SHAW,DUANE JOHN JR.",Hughes,1/1/9999,AGG ROBBERY W/DDLY WPN,5/29/1992,9/8/1991,Life
3025935,2562430,"ORTIZ,GILBERTO",Gist,2/10/2029,FAIL COMPLY SEX OFF DUTY REG W/P,5/7/2025,5/31/2022,5
3029428,2593134,"RAMIREZ,ALCADIO",East Texas Treatment Facility,10/14/2026,DRIVING WHILE INTOXICATED 3RD OR,,4/28/2025,8
3033411,1215502,"WOODS,MICHAEL",C.T. Terrell,3/5/2039,SEX ASLT-CHILD,1/14/2004,12/31/1999,30
3045823,1580999,"COCKRELL,TIMOTHY",Connally,1/1/9999,CAPITAL MURDER,7/21/2009,8/9/1992,Capital Life
3045909,2172501,"VINEYARD,JAY BRENT",C.T. Terrell,9/1/2026,DWI,12/18/2017,2/5/2016,12
3047753,2430116,"RODRIGUEZ,RUBEN ARMANDO",Stevenson,12/9/2029,POSS CONT SUB O/400G,1/12/2023,12/9/2021,8
3051912,2572380,"WHITE,GLENN LORENZO",Briscoe,7/8/2030,AGG ASLT W/DWPN,7/8/2025,12/14/2024,5
3052518,539003,"HERRERA,ROGER",Wainwright,12/10/2027,BURG OF HABITATION,1/16/1990,8/27/1989,35
3064350,1556872,"FLETCHER,LARRY THOMAS",Michael,10/9/2106,AGG SEX ASLT-CHILD,2/6/2009,3/15/2003,99
3064534,2310360,"WEBB,DARRYL EUGENE",Hughes,5/23/2059,MURDER,2/27/2020,5/23/2019,40
3071002,1288088,"MITCHELL,RONALD JR",Allred,1/1/9999,AGG SEXUAL ASLT-CHILD,2/14/2005,4/11/2003,Life
3075156,2258586,"ANTHONY,ROY ESPINOSA",Powledge,6/28/2038,DWI 3RD/MORE,7/5/2018,11/23/2016,20
3076506,2561817,"SALAS,ARNOLD",Dominguez,2/25/2027,UUV,2/9/2023,12/17/2021,2
3078360,2460763,"BARBA,ADAM CHARLES",Wainwright,1/1/9999,AGG SEXUAL ASLT CHILD,7/31/2023,5/26/2018,Life
3079828,2604247,"GUERRA,JESUS GUADALUPE",Stevenson,4/4/2031,ONLINE SOLICIT MINOR,2/13/2026,9/4/2025,12
3082419,2564358,"WARGO,RANDALL GEORGE",Holliday,10/2/2026,OBSTRUCTION OR RETALIATION,6/4/2025,1/5/2025,4
3086280,375912,"TORRES,MARC ANTHONY",Polunsky,1/1/9999,AGG SEXUAL ABUSE,4/19/1984,9/22/1983,Life
3093207,2605403,"PEREZ,GEORGE LOPEZ",Garza East,9/27/2029,TAMP ELECTR MON DEV INT SUP,2/26/2026,8/11/2025,4
3093564,1603886,"WOODARD,AVERIN",Clemens,4/9/2029,ASLT FAMILY,9/28/2009,4/5/2008,25
3093755,2427570,"MORALES,DAVID P",C.T. Terrell,8/7/2037,MANSLAUGHTER,12/2/2022,7/15/2017,15
3093758,765628,"MAXWELL,ALLEN",Diboll,1/10/2045,MURDER,9/18/1996,5/1/1994,50
3099789,2562111,"SALDANA,SONNY LEE",Hughes,5/5/2036,TAMP W/ELECTRONIC MONITOR DEVICE,5/23/2025,3/15/2024,12
3102618,2588281,"ROCHA,DAVID LEO",Garza West,6/4/2031,AGG ROBBERY,10/23/2025,6/4/2025,6
3106722,2575794,"MIRANDA,RAYMUNDO",Estelle,6/1/2026,POSS C/SUB 4-200G,3/4/2004,2/18/2004,18
3108370,796729,"MUJWID,RANDALL ALLAN",Estelle,6/17/2045,RETALIATION,5/28/1997,8/7/1995,99
3121799,2470983,"HUERTA,MICHAEL ANTHONY",Lynaugh,9/24/2032,AGG ASSLT SBI,10/5/2023,9/25/2022,10
3122512,2609572,"GOTSON,MICHAEL ANTHONY",Garza West,4/22/2040,AGG ROBBERY,3/18/2026,4/23/2025,15
3124412,2457895,"GIL,EDWARD",Stevenson,6/14/2033,FELON POSS FIREARM REPEATER,7/11/2023,6/13/2021,10
3125280,653147,"SINCLAIR,CLEVELAND",Stiles,1/1/9999,AGG SEX ASSLT,11/9/1993,8/5/1992,Life
3127293,2537039,"MORALES,JOSE",Dominguez,9/2/2027,FELON POSS FIREARM,6/14/2021,8/4/2020,3
3129791,1038652,"MILLS,TYRON",Allred,11/11/2039,BURG HABIT,3/27/2001,7/18/2000,45
3136718,2374405,"CARRION,PABLO LIVAS",McConnell,9/28/2031,FELON POSS FIREARM,9/15/2021,9/28/2019,12
3137991,2541314,"GARCIA,CARLOS",Hughes,8/1/2026,POSS CS PG1 L/1G,1/16/2025,5/8/2022,3
3139051,905928,"ROHM,WILLIAM JR",Huntsville,7/1/2044,AGG SEX ASLT-CHILD,11/15/1999,4/18/1998,45
3142509,2583596,"PEREZ,JULIO JR",Garza West,9/24/2028,UNL CARRY WPN W/FELONY CONV,9/30/2025,9/12/2023,3
3143501,1938149,"KYLE,LLOYD CHISOM",Stiles,4/23/2034,SEX ASLT CHILD REPEATER,6/17/2014,2/2/2013,20
3147532,2591902,"SHELTON,LONNIE COVINGTON III",Garza West,5/16/2028,THEFT PROP L/$2500 2/MORE PREV,9/11/2025,4/21/2025,3
3150404,469209,"ARIN,HAZE JR.",Wynne,1/1/9999,CAP MURDER,12/2/1987,3/22/1987,Capital Life
3151288,2608001,"HOYLE,LAWRENCE",McConnell,4/6/2040,AGG ASLT CAUSE SBI,3/6/2026,10/23/2021,15
3151568,1309765,"VALDILLEZ,PEDRO",Clements,1/1/9999,AGG ROBBERY,12/16/2004,8/4/2003,Life
3152192,2563309,"CUNNINGHAM,JACKIE RAY",Stevenson,5/15/2044,SEXUAL ASLT CHILD,5/23/2025,4/29/2024,20
3164774,2204827,"CARREON,GILBERTO",Stiles,1/25/2037,MURDER,6/15/2018,1/25/2017,20
3171639,2400573,"GARCIA,CARLOS",Ellis,5/14/2040,AGG SEX ASLT CHILD,6/24/2022,5/13/2020,20
3178138,496422,"MACIAS,ALBERT",Hughes,9/28/2030,AGG SEX ASLT-CHILD,10/6/1988,8/22/1987,45
3183636,2413519,"CARTER,TOMMIE",Polunsky,2/17/2038,SECURITIES FRAUD O/$100K,9/16/2022,5/14/2015,40
3192267,2450557,"MATLOCK,BRIAN KEITH",Connally,3/16/2028,DWI 3D/M,5/16/2023,4/26/2022,12
3192628,1690744,"JIMENEZ,ANDRES",Stiles,12/9/2030,AGG SEX ASLT CHILD,12/13/2010,9/11/1997,20
3193016,2302131,"JONES,GENENE",Murray,1/1/9999,MURDER-NON FAMILY,1/16/2020,12/12/1981,Life
3194651,2540202,"LUERA,RAUL",Ferguson,1/6/2028,POSS CONT SUB 4-200G,1/16/2025,9/7/2024,8
3196168,725568,"GARZA,ROBERT VELA",Clements,7/29/2103,MURDER,6/5/1995,7/27/1994,99
3202072,2402944,"FLOWERS,DONALD",Michael,11/1/2026,POSS CONT SUB 200-400G,7/14/2022,11/1/2021,5
3203483,1928567,"SMITH,RICHARD FREDERICK",Stevenson,8/29/2063,ROBBERY,5/19/2014,8/21/2013,50
3206104,2580231,"RENDON,JOSE DERLY",Lopez,8/2/2026,UNAUTH USE OF VEHICLE,7/28/2014,3/19/2013,4
3209237,1419069,"GUZMAN,ROBERT",Pack,6/9/2028,BURG HABIT-FORCE,2/5/2007,7/28/2006,25
3209870,2136501,"ARREDONDO,PEDRO",Garza East,11/1/2026,DWI 3RD/MORE,5/19/2017,7/12/2015,15
3210433,1108982,"CHRISTENSEN,BRUCE LYNN",Duncan,2/23/2031,AGG SEX ASLT-CHILD,4/22/2002,8/31/1994,30
3211107,2573783,"HOFFMAN,RANDY LEE",Lopez,3/22/2027,FRAD USE/POS ID INFO ITEM L/5 EL,7/24/2025,8/8/2024,5
3211109,2527606,"HENDERSON,CHARLES BERNARD",Ney,3/24/2028,ASLT FAM HSE MEM IMP BRTH CIRC,10/7/2024,1/21/2024,4
3211951,2306802,"RODRIGUEZ,JOSEPH ANTHONY",Stevenson,7/29/2027,INDECENCY W-CHILD-CONTACT,1/22/2020,1/31/2018,8
3214387,676305,"LINARES,LARRY",Connally,12/30/2041,AGG SEX ASLT,3/28/1994,9/9/1991,50
3214660,2610520,"GONZALES,TIODULO",Garza West,1/26/2028,DWI 3RD OR MORE,3/30/2026,2/23/2025,4
3217948,611018,"MOLINA,PETE CARLOS",Wainwright,3/6/2037,MURDER W/DEADLY WPN,3/6/1992,7/1/1990,45
3219257,2587452,"JACKSON,SIDNEY DEMPSON",Luther,1/14/2032,AGG ASLT W/DWPN,10/3/2025,12/4/2024,7
3220536,2609562,"DE LA CERDA,EDDIE",Garza West,11/17/2040,FAIL COMP SEX OFF DUTY W/PREV,3/17/2026,6/27/2021,15
3221073,1956315,"YBARRA,ANDRES ILDEFONSO",Bartlett,4/13/2054,SEX ASLT CHILD,9/16/2014,4/12/2014,20
3225275,2218834,"HERNANDEZ,DAVID JR",Lychner,8/2/2026,POSS CONT SUBS PG1 1-4G REPEAT,8/21/2018,5/21/2014,15
3225421,1576873,"ANTHONY,CHARLES DALTON",Hospital Galveston,10/8/2049,ROBBERY,5/8/2009,10/6/2008,35
3227952,2509876,"HLAVINKA,TROY",Dominguez,6/1/2026,POSS CS PG1/1-B 1-4G,6/10/2024,3/7/2024,5
3230058,2419314,"LOMAS,ARTHUR",Dominguez,4/1/2027,DWI,10/14/2022,4/19/2019,8
3230333,656415,"CANTU,MARK ANTHONY",Wynne,4/10/2042,AGG ROBBERY W/DEADLY WPN,4/5/1993,11/23/1991,50
3232949,1207957,"ESTRADA,JAMES",McConnell,1/1/9999,AGG SEX ASLT,8/29/2003,10/27/2001,Life
3238693,2445293,"COTHAM,DAVID",Stringfellow,1/28/2027,INDEC CHILD CONTACT,3/29/2023,1/3/2014,5
3241087,1047483,"WHITE,EUGENE",Memorial,7/10/2060,ROBBERY,5/25/2001,4/10/2000,60
3243228,1445420,"DE LUNA,ARTURO",Michael,1/1/9999,SEX ASLT CHILD,6/11/2007,11/3/2004,Life
3257407,2444133,"ACEVEDO,STEVEN",Ney,5/2/2032,AGG ASLT SBI,4/12/2023,5/1/2022,10
3259164,1158787,"DAVIS,GORDON RAY",Wynne,1/2/2041,MURDER,2/6/2003,3/12/2002,38
3261569,727616,"CASARES,JIMMY G",Allred,1/1/9999,BURG HABIT,8/1/1995,7/9/1992,Life
3267152,437273,"NEVAREZ,DAGOBERTO",Pack,1/1/9999,MURDERW/DEADLY WPN,10/23/1986,4/20/1986,Life
3272705,2607501,"CHAIRES,YOLANDA SANTOYA",Plane,12/12/2026,DWI 3RD OR MORE,3/11/2026,12/1/2023,2
3273989,2348225,"VERA,JERRY",Pack,3/31/2037,AGG SEX ASLT-CHILD,5/18/2021,1/13/2010,17
3277926,664991,"LOPEZ,FELIX ANTHONY",Clements,2/8/2032,SEXUAL ASLT-CHILD,7/23/1993,7/5/1992,39
3277950,1485077,"RODRIGUEZ,STEVE",Hughes,1/1/9999,CAPITAL MURDER-NON FAMILY,1/14/2008,7/4/1990,Capital Life
3281990,1795088,"RICHARDSON,STEPHEN",McConnell,8/1/2045,MANSLAUGHTER,6/11/2012,8/2/2010,35
3283298,2440899,"DEHOYOS,JAVIER",McConnell,8/9/2037,AGG ASLT WDW&SBI FAM/DATING,3/27/2023,3/12/2020,16
3283976,2518754,"ESPINOZA,JESSE JR",Willacy County,10/7/2033,AGG SEX ASLT CHILD,8/14/2024,10/8/2023,10
3285142,2540204,"MARTINEZ,JIMMY",Garza East,12/21/2031,MAN DEL CS PG 1-B 4G-200G,1/9/2025,12/21/2023,8
3292516,2433305,"POLLARD,RONALD AUSTIN",C.T. Terrell,10/24/2035,POSS WID CONT SUB PG1 4-200G,1/26/2023,9/15/2020,13
3294208,753122,"GOMEZ,TIMOTHY R",Robertson,1/1/9999,BURG W/INT SEX ASLT,4/8/1996,9/10/1995,Life
3301681,2588277,"ORTIZ,VALENTINE",Ney,10/26/2031,INJ DIS W/INT BI,10/28/2025,6/9/2021,6
3303473,858559,"YANEZ,RICHARD",Clements,1/1/9999,AGGRAVATED KIDNAPPING,10/15/1998,9/25/1997,Life
3308537,2573517,"GARCIA,ERNESTO",Dominguez,12/7/2027,VIOL SEX OFF REG W/PREV CONV,9/19/2023,4/24/2023,3
3309523,2090685,"AGUILAR,RALPH",C.T. Terrell,8/10/2040,AGG ROBBERY,7/19/2016,8/6/2015,25
3312827,2397191,"GLASS,JOSEPH NATHAN",Lopez,5/31/2026,EVADE ARREST/DETN 2ND,6/1/2022,1/24/2022,4
3314264,1503974,"CONSTANCE,ROBERT LOUIS",Diboll,4/21/2046,INDEC W/CHILD-CONTACT,5/2/2008,6/15/2005,40
3314768,2207424,"GARCIA,ROBERT R",Coffield,5/4/2027,FELON POSS FIREARM,6/7/2018,5/3/2018,9
3323171,2550081,"CANALES,RENE JR",Dominguez,12/10/2026,"THEFT PROP<2,500 2/M PREV CONV",1/6/2025,3/9/2024,2
3329514,2157602,"SIMS,BENJAMIN",Michael,4/30/2037,SEXUAL ASLT CHILD,9/14/2017,4/1/2015,20
3330138,2402134,"DEVAUGHN,GARY FRANZ",Clements,2/15/2091,ATT AGG SEX ASLT REPEAT,7/1/2022,3/5/2020,70
3334752,2151652,"FLORES,PAUL",Connally,9/21/2032,ASLT PUBLIC SERVANT-BI,8/9/2017,2/22/2016,16
3336607,691410,"AMUNSON,JOHN WESLEY",Allred,1/1/9999,MURDER,10/20/1994,11/17/1992,Life
3343603,2417820,"NANEZ,ABRAM",Wynne,10/1/2026,FELON POSS FIREARM,10/10/2022,11/6/2020,8
3344171,2176643,"BELTRAN,PAUL",Estelle,3/16/2042,AGG SEXUAL ASLT/CHILD,1/2/2018,2/19/2016,25
3346070,589470,"DAVIS,KEVIN",Wynne,1/1/9999,AGG ASLT W/DEADLY WPN,6/7/1991,4/19/1990,Life
3346272,2612635,"DELGADO,SALLY ONOFRE",Plane,3/28/2027,THEFT PROP $2500 2/M PREV CONV,3/31/2026,9/23/2025,1
3350240,1918755,"RIOJAS,JOSE",Bridgeport,11/1/2030,AGG ASLT W/DDLY WPN REPEATER,3/13/2014,10/28/2012,18
3351260,2264974,"DOMINGUEZ,ROY",East Texas Treatment Facility,6/4/2026,INTOX ASLT,5/17/2019,3/31/2017,10
3353476,1349990,"CANTU,RICHARD",Stevenson,1/11/2035,MURDER,1/19/2006,1/11/2005,30
3358010,2405625,"JIMENEZ,RALPH",Coffield,1/1/9999,AGG SEX ASLT CHILD,7/27/2022,5/3/2021,Life
3360766,2425552,"ALEJANDRO,JESUS",Garza West,4/11/2028,TAMPER EVIDENCE INT IMP,12/2/2022,4/12/2022,6
3362394,1304455,"MONTELONGO,RALPH",Stiles,4/7/2064,MURDER,2/11/2005,3/5/2004,60
3362445,2310340,"RAMIREZ,ELIGIO ALFONSO",Stiles,2/28/2072,CONT SEX ABUSE-CHILD,3/2/2020,8/18/2018,52
3363618,2088055,"HERNANDEZ,JOSE L",Allred,3/24/2056,MURDER,7/18/2016,8/17/2013,40
3364143,2588290,"VASQUEZ,PEDRO M",Ney,7/20/2034,INDEC W/CHILD SEX CONTACT,10/29/2025,7/15/2019,9
3365255,1498067,"SOTELLO,ROBERT",Robertson,9/29/2041,ASLT FAMILY,2/27/2007,7/20/2005,60
3366146,1463917,"MUNOZ,ELISEO PENA",Havins,9/8/2026,POSS W/I DEL CONT SUB PG1 4G-200,9/11/2007,4/6/2007,15
3367826,2500501,"MARTINEZ,ABEL",Garza East,6/1/2026,VIOL SEX OFFENDER REG LIFE/90,4/23/2024,3/2/2023,4
3372728,2612769,"CORTEZ,ROBERT",Dominguez,11/17/2026,THEFT PROP 2500 2/M PREV CONV,4/2/2026,11/18/2025,1
3374534,2568998,"EVANS,MICHAEL ANTHONY",Dominguez,6/28/2028,MAN/DEL PG1 4-200G,7/2/2025,9/2/2024,8
3374727,2121228,"VILLARREAL,ERNEST",Estelle,5/23/2054,AGG SEXUAL ASLT CHILD,3/2/2017,10/12/2013,40
3376877,793834,"GARCIA,JUAN ANTONIO",Pack,6/12/2037,AGG KIDNAPPING,6/16/1997,10/10/1996,40
3387305,2586270,"FERNANDEZ,DAVID",Dominguez,6/1/2026,POSS CS PG1/1-B <1G,9/12/2025,2/5/2023,1
3388552,2609326,"KELLY,RAY ALEXANDER",Dominguez,11/17/2027,POSS CS PG1/1-B 1-4G,3/17/2026,11/17/2025,2
3388553,2492434,"VOTION,ALEXANDER",McConnell,2/19/2054,CONTINUOUS SEX ABUSE-CHILD,2/23/2024,3/23/2012,30
3392136,1784387,"MIRELES,CARLOS",Lewis,1/1/9999,AGG SEX ASLT-CHILD,4/25/2012,6/15/2004,Life
3396613,619970,"EVERETT,MICHAEL",C.T. Terrell,7/20/2032,ROBBERY BY THREATS,6/5/1992,3/20/1991,35
3401219,2375444,"HALE,JOHN THOMAS",Cotulla,7/29/2037,MURDER,12/14/2021,7/30/2019,18
3401343,2517966,"SALINAS,ELOY JR",Dominguez,6/1/2026,TAMP EVID-INT IMP,7/29/2024,11/17/2023,5
3403481,641435,"HARTFIELD,LESTER",Briscoe,10/21/2027,UNATH USE VEHICLE,1/11/1993,10/21/1992,28
3405250,2524740,"TREJO,GILBERT",C.T. Terrell,6/5/2032,POSS W/I DEL CS PG1 4-200G,8/30/2024,1/1/2024,8
3406194,2605370,"HERNANDEZ,EDDIE",Estelle,10/1/2026,BURG WIT COMM THEFT,5/19/1994,1/1/1994,25
3409350,2093343,"BOWSER,DARREL K",Connally,8/29/2115,CONTINUOUS SEX ABUSE CHILD,9/1/2016,9/1/2007,99
3411088,2609568,"FRANKLIN,NATHAN",Byrd,1/1/9999,MURDER,3/6/2026,3/4/2025,Life
3413391,734927,"JOHNSON,JOSEPH",Polunsky,1/1/9999,MURDER,6/22/1995,9/7/1993,Life
3419292,1451924,"DELACRUZ,ALBERTO",Coffield,5/4/2051,MURDER,7/23/2007,4/30/2006,45
3421868,476109,"WILKINS,JAMES DANIEL",Connally,1/1/9999,MURDER,1/26/1988,9/13/1986,Life
3427132,1235940,"ESLORA,ALFREDO",Beto,10/15/2052,AGG SEX ASLT-CHILD,2/10/2004,8/24/2002,50
3429552,2548550,"RODRIGUEZ,ANTONIO",McConnell,10/24/2054,AGG SEXUAL ASLT CHILD,3/5/2025,8/1/2024,30
3429752,2570167,"CARDENAS,MAURICIO",Ney,6/27/2030,IMDECENCY W/CHILD SEX CONT,7/9/2025,7/21/2019,5
3439623,2041759,"BROWN,BARRY ARTHUR",Michael,5/30/2074,AGG ROBBERY,10/16/2015,5/18/2014,60
3440616,2595159,"MORALES,ROBERTO",Willacy County,4/22/2033,AGG ROBBERY,12/11/2025,4/22/2025,8
3450696,2572368,"GOMEZ,JOSE ANTONIO",Lopez,11/1/2026,UNL POSS FIREARM,7/14/2025,2/10/2025,4
3451053,661298,"JOHNSON,BRIAN L",W. Scott,7/17/2026,DEL COCAINE,1/14/1994,3/10/1993,35
3455314,2418520,"OLVEDA,MARGIE",Coleman Work Facility,2/1/2027,AGG ASLT W/DW,10/7/2022,11/14/2021,6
3457652,681559,"WILSON,DONTE",Connally,1/1/9999,AGG ROBB W/DEADLY WPN,6/30/1994,5/7/1993,Life
3459808,2455433,"DE LA FUENTE,RICARDO GOMEZ",Estelle,9/3/2026,AGG ASLT DW,6/27/2023,9/3/2021,5
3460344,400512,"ARAIZA,RICHARD",McConnell,6/18/2039,MURDER,6/26/1985,2/17/1985,102
3461119,2524717,"WILSON,EDDIE JAMES",Dominguez,7/26/2030,AGG ASLT W/DWPN,9/23/2024,3/7/2023,7
3464209,2430105,"CUELLAR,RAYMOND",Dominguez,6/1/2026,POSS CONT SUB PG1 4-200G,1/11/2023,6/15/2022,4
3474173,2409631,"DRAEGER,EDWARD",Robertson,10/13/2036,INDEC W/CHILD CONTACT,8/16/2022,7/1/2018,15
3474372,1310666,"DELOS SANTOS,MARIA",Murray,7/15/2078,MURDER,4/19/2005,6/7/2003,75
3487424,2529232,"GARZA,RUDY N",Dominguez,9/25/2026,POSS CS PG 1/1-B L/1G,10/22/2024,8/11/2023,2
3488246,2464848,"JOHNSON,MIKEL WAYNE",Cotulla,1/11/2027,POSS WI/DELV CS PG1 4G-200G,8/22/2023,11/4/2022,10
3494000,2585471,"WHITEHEAD,RICHARD ALAN",Dominguez,6/1/2026,POSS CS PG1/1B 1-4G,10/20/2025,6/22/2025,2
3496242,2525602,"PHILLIPS,RONALD LYNN",Beto,8/5/2028,UNL POSS F/ARM BY FELON,10/23/2024,4/11/2023,5
3503295,774218,"TYRONE,JOHN W",Wynne,1/1/9999,MURDER,11/8/1996,8/20/1994,Life
3509170,1471684,"BRITE,JIM",Stiles,1/1/9999,AGG SEX ASLT CHILD,11/2/2007,11/30/2005,Life
3509899,462031,"EGAN,JOHN JAMES",Lewis,2/21/2031,AGG ROB W/DEADLY WPN,8/4/1987,10/23/1986,55
3510367,2560786,"RODRIGUEZ,RUBEN M",Luther,1/7/2030,FAIL COM SEX OFF DTY REG LIFE/90,5/14/2025,8/22/2021,5
3512859,2443390,"GONZALES,BILLY EDWARD",C.T. Terrell,12/7/2027,DWI 3RD OR MORE,3/30/2023,12/7/2022,5
3520618,2234573,"CADENA,RUBEN SANTOS",Polunsky,3/1/2027,FELON POSS FIREARM REPEAT,11/14/2018,8/17/2018,10
3521238,905874,"HARDING,LEONARD ALEXANDER",C.T. Terrell,1/2/2049,MURDER,1/3/2000,10/8/1997,50
3521554,2338582,"MARES,ENRIQUE F",Estelle,1/29/2027,FELON POSS FIREARM,2/1/2021,3/9/2020,12
3524230,792148,"MENDOZA,DAVID",Memorial,7/8/2046,AGG ROBBERY,6/6/1997,9/16/1996,45
3525181,1569077,"LOPEZ,CHRISTOPHER",Michael,6/1/2026,AGG SEX ASLT CHILD,4/7/2009,10/8/2005,20
3527486,2458702,"GONZALES,JESSE",Polunsky,1/27/2029,BURG BLDG INT THEFT,7/19/2023,5/4/2021,6
3527507,2508750,"HERNANDEZ,DANIEL",Pack,9/12/2027,DWI 3D/M,6/5/2024,5/21/2023,8
3529035,739443,"MACHUCA,GEORGE",Ramsey,7/22/2044,BURG HAB,12/22/1995,7/12/1995,75
3529814,2072606,"TRIBBLE,SCOTTY",Connally,5/30/2036,INDECENCY W/CHILD SEXUAL CONTACT,6/7/2016,4/24/2015,20
3532562,2080512,"GUTIERREZ,JOHNNY",Memorial,3/12/2027,DWI,7/28/2016,12/25/2015,12
3537714,2583593,"MERCADO,ROGELIO",Lopez,2/1/2027,POSS CS PG1/1-B 1-4G,9/29/2025,2/2/2025,3
3540935,2575824,"SAUCEDA,AUGUSTINE",Willacy County,6/1/2026,FAIL CMPLY SEX OFFN REG LIF/ANN,8/14/2025,4/6/2023,3
3544908,1496786,"GOKEY,ROBERT WADE",San Saba,12/1/2026,AGG ASLT PUB SERV HAB,3/28/2008,11/8/2006,30
3545703,504313,"ESCOBEDO,JERRY",LeBlanc,11/7/2027,MURDER,1/9/1989,7/16/1987,45
3545711,2313077,"ESLORA,JIMMY FRANK",Lynaugh,4/16/2031,AGG ROBBERY,3/13/2020,2/15/2019,12
3546001,2372980,"IBARRA,RUDOLFO",Stevenson,2/18/2038,AGG SEXUAL ASLT CHILD REPEATER,11/9/2021,2/11/2020,18
3546168,2169656,"CHASE,MICHELLE",Hobby,2/7/2061,MURDER,12/7/2017,2/6/2016,45
3546528,2598482,"JOHNSON,TERRY ALONZO",C.T. Terrell,6/25/2055,MURDER,1/5/2026,4/5/2024,30
3551204,578572,"ESLORA,ANTONIO",Stiles,8/29/2028,BURG HABIT WIC THEFT,2/19/1991,5/18/1990,35
3553629,1150199,"GARCIA,ERNEST JR",McConnell,1/16/2028,AGG ROBBERY,9/9/2002,3/15/2002,18
3555545,1262985,"GARCIA,JUAN ANTONIO",Stiles,6/9/2040,INDECENCY W/CHILD CONTACT,8/26/2004,1/5/2002,20
3556845,1322790,"ALVARADO,ALEX",Pack,1/1/9999,MURDER,8/17/2005,7/17/2004,Life
3557167,2580234,"TOSCANO,ALBERT FRANCIS",Garza West,11/1/2026,POSS CS PG1 4-200G,9/10/2025,2/8/2023,4
3560593,2280696,"PINA,SILVANO",Torres,4/1/2027,DWI,8/26/2019,10/26/2018,10
3561130,2428548,"BELLARD,KENNEAL RAY",Dominguez,6/1/2026,THEFT U/2500,12/3/2021,3/14/2021,4
3564095,2234577,"PEREZ,JOE ANTHONY",Wainwright,4/11/2058,POSS WID CONT SUB 4-200G,7/12/2018,4/11/2018,40
3566533,2369817,"BENEVENTO,LOUIS JOSEPH",Beto,5/21/2034,MURDER,10/27/2021,5/22/2019,15
3566992,807154,"LEBRON,HECTOR JAUARIZ",Pack,1/1/9999,MURDER,9/19/1997,4/8/1996,Life
3567643,2457894,"FLORES,ANDRES ESTRADA",Dominguez,6/1/2026,EVAD ARR DET VE,7/11/2023,2/25/2023,8
3572246,1361053,"SALINAS,VICTOR",McConnell,9/20/2034,AGG ROBBERY,3/20/2006,3/28/2005,25
3572743,2600459,"ZURITA,JESSE",Dominguez,11/21/2026,PCS PG1/1-B<1G,1/27/2026,10/23/2025,1
3573399,2437740,"STRZELCZYK,DORA BEATRIS",Plane,1/15/2027,ASLT PUB SERV BI,3/3/2023,10/24/2022,4
3578691,2253783,"REYES,BERNARDO JR",Wynne,11/20/2032,SEX ASLT CHILD,3/5/2019,10/29/2017,15
3584462,2406444,"ESPINOZA,ROBERTO",Cotulla,11/13/2033,INDECENCY W/CHILD CONTACT,8/8/2022,1/1/2009,12
3584972,2506064,"VILLANUEVA,ROWLAND",Torres,8/25/2036,INDECENCY CHILD SEX CONTACT,5/17/2024,5/15/2018,13
3585712,2166076,"CERVANTES,JULIO",Ramsey,1/16/2037,BURG HABIT-FORCE,10/30/2017,10/3/2016,20
3587059,592644,"QUINTANILLA,REYMUNDO",Wainwright,12/19/2040,ATT MURDER W/DEADLY WPN,7/26/1991,1/24/1991,50
3587193,1978340,"HERNANDEZ,ERWIN",Smith,11/22/2039,AGG ROBBERY,1/20/2015,11/22/2014,25
3587284,648867,"FLORES,ELIAS JR",McConnell,1/1/9999,CAP MURDER,6/8/1993,7/10/1992,Capital Life
3589447,2591907,"UHR,DONALD WAYNE",Willacy County,1/1/2027,DWI 3RD MO,11/18/2025,8/20/2025,4
3595600,2599381,"ROGERS,PATRICK KEVIN",Dominguez,9/18/2026,POSS CS PG1/1-B <1G,1/12/2026,9/19/2025,1
3596256,2601702,"LUNA,BENJAMIN",Ellis,2/19/2028,MAN DEL CONT SUB 4-200G,1/30/2026,10/24/2025,5
3596292,2372977,"FARNSWORTH,KENNETH RUSSEL",Clements,6/14/2026,INDECENCY-CHILD EXPOSURE,11/22/2021,8/20/2021,8
3596305,1795342,"PACHECO,RAUL AGUILAR",LeBlanc,1/1/9999,AGG ROBBERY,4/10/2006,1/22/2005,Life
3597055,2575802,"GALVAN,MICHAEL ANTHANY",Dominguez,1/27/2028,ASLT FAM/HSE MEM PREV CONV,8/12/2025,1/27/2025,3
3597167,2330935,"HERNANDEZ,ENRIQUE R",Stringfellow,2/1/2027,DWI,12/1/2020,12/25/2018,12
3598771,1298825,"BROOKS,PAUL MILTON",Boyd,11/18/2043,AGG/ROBBERY,3/21/2005,5/12/2003,40
3601717,2385711,"WHETSTONE,GREGORY",Willacy County,8/20/2036,AGG ASLT SBI,3/1/2022,8/21/2021,15
3602603,2583967,"GARZA,A P",Dominguez,11/20/2029,ASLT FAM/HSE MEM PREV CONV,10/7/2025,1/4/2024,5
3603639,1119709,"CASAREZ,JESUS LUNA",Ramsey,7/11/2051,MURDER,7/18/2002,7/11/2001,50
3606465,2485003,"LAWHORNE,ALLEN",Briscoe,10/16/2033,ASLT FAM 2ND OFFENSE HABITUAL,1/3/2024,5/28/2021,10
3613802,787556,"MITCHELL,WILLIAM",Estelle,9/19/2074,AGG ROBBERY W/DW,5/30/1996,7/8/1994,80
3614104,1714589,"KEVERSIAN,DANIEL LEON",Jordan,4/14/2036,AGG SEX ASLT-CHILD,5/2/2011,9/5/2005,25
3615879,590789,"SHUETTE,ALFRED",Hughes,1/1/9999,AGG ROBBERY W/DEADLY WPN,3/25/1991,5/17/1990,Life
3615889,2018640,"MENDOZA,ANTONIO JR",Dominguez,2/3/2033,ROBBERY,8/19/2015,4/22/2015,15
3617090,662785,"DELGADO,LUIS A",Estelle,1/1/9999,ROBBERY-THREATS,3/14/1994,6/26/1993,Life
3624216,1991619,"ROSS,CARL C",Stiles,3/15/2044,AGG ROBBERY,3/19/2015,3/16/2014,30
3624237,2152885,"RIOS,TONY MORALES",Wainwright,8/30/2041,VIOL SEX OFFENDER REG-LIFE,8/7/2017,8/17/2016,25
3625426,2330362,"DELAGARZA,LORENZO JR",Ney,4/9/2028,DWI,11/2/2020,2/2/2020,20
3627236,1444367,"LOPEZ,RUDOLFO",Wainwright,7/4/2076,AGG ROBBERY,8/16/2006,5/1/2005,50
3628547,2572363,"ESCOBEDO,RUBEN",Ney,7/22/2029,UNL POSS FIREARM,7/23/2025,9/23/2024,4
3629710,1833803,"CASANOVA,THOMAS",Gist,6/22/2026,FELON POSS FIREARM,1/14/2013,2/29/2012,15
3630350,2589141,"RABAGO,ALFRED JOSE JR",East Texas Treatment Facility,9/15/2026,POSS CS PG 1/1-B >=1G<4G,,2/4/2024,4
3631569,603694,"SALAZAR,EDWARD",Montford,11/28/2120,MURDER W/DEADLY WPN,12/4/1991,9/25/1990,60
3636689,700998,"DELAROSA,HECTOR",Hughes,6/13/2026,AGG SEX ASLT,9/6/1994,6/15/1991,30
3638791,1547255,"BERMUDEZ,HERMAN",Fort Stockton,5/2/2042,AGG ASLT W/DW SBI/FAM/DATE,12/1/2008,4/27/2007,35
3641160,522440,"TALAMANTES,EDUARDO",McConnell,4/10/2096,AGG ROBBERY W/DEADLY WPN,8/9/1989,12/23/1988,99
3641744,2615219,"MORROW,STEVE W",Garza West,10/31/2026,POSS CS PG1 4-200G,4/27/2026,9/13/2019,3
3642249,1375329,"RODRIGUEZ,ENRIQUE",Clements,1/1/9999,SEX ASLT-CHILD,5/30/2006,3/26/2004,Life
3644597,595966,"BOUDREAUX,MICHAEL",McConnell,4/12/2028,AGG ROBBERY W/DEADLY WPN,9/3/1991,2/2/1991,35
3645013,1257337,"PARKER,JOE",LeBlanc,6/30/2027,SEX ASLT,8/13/2004,8/13/2003,25
3645393,2613278,"DAVIES,WALTER CRAIG",Hospital Galveston,2/20/2028,POSS CS PG 1/1-B 4-200G,2/11/2025,11/12/2023,2
3645965,1689778,"BARNES,GEORGE",Clements,1/1/9999,AGG SEX ASLT CHILD RPTR,12/7/2010,2/28/2009,Life
3646755,2152884,"RIOS,RAYMOND RICHARD",Coffield,5/31/2030,AGG ASLT/DW SBI FAM/DATING,8/3/2017,5/31/2016,14
3646801,2601886,"GOMEZ,EDUARDO",Ney,7/3/2033,INJ CHILD ELD DIS W/INT BI,2/3/2026,1/11/2025,8
3649481,1918750,"MORALES,FRANCISCO",Pack,2/2/2074,AGG SEX ASLT-CHILD,3/12/2014,8/14/2008,60
3651222,2583586,"GALVAN,ERNEST VALFRY",Cotulla,8/26/2049,AGG ASLT W/DWPN,9/29/2025,6/30/2024,25
3652098,1225592,"BOONE,DANIEL LATRELL",Stevenson,5/12/2043,AGG SEX ASLT,3/5/2004,3/30/2003,40
3652541,2294984,"CANTU,RICKY",Hughes,2/24/2058,MURDER,11/21/2019,2/24/2018,40
3654379,2418311,"BLANKENSHIP,WILLIAMS",C.T. Terrell,12/9/2030,MURDER,10/18/2022,12/8/2020,10
3657790,2548006,"HERRERA,RANDY AUGUSTINE",Dominguez,4/10/2041,THEFT PROP $20-100K,2/19/2025,6/4/2022,18
3661014,2451697,"ESPINOSA,RUBEN JR",East Texas Treatment Facility,5/3/2028,DWI 3RD OR MORE,5/8/2023,3/4/2022,5
3669450,676132,"CASAREZ,STEVEN",LeBlanc,11/16/2037,BURG HABIT WIC SEX ASLT,3/31/1994,4/9/1992,45
3671126,779137,"COVARRUBIAS,JESSE",McConnell,2/27/2092,AGG ROBBERY,10/16/1996,3/11/1996,75
3672426,439291,"RIVERA,TAMMI",Murray,1/1/9999,CAP MURDER W/DEADLY WPN,8/26/1988,3/27/1986,Capital Life
3674193,2454890,"DEHARO,ROSALIO JR",Wynne,2/22/2059,CONTINUOUS SEX ABUSE-CHILD,6/22/2023,5/1/2013,37
3680062,2021399,"DELAGARZA,LUZ",Segovia,6/19/2027,ASLT-FAMILY-2ND OFFENSE,9/1/2015,4/19/2015,6
3684403,2430574,"BROWN,JOEL",Allred,8/21/2034,AGG ROBBERY,1/20/2023,10/21/2019,12
3684540,2537699,"SCHAEFER,MARIA ANN",Plane,5/25/2030,AGG ASLT DW,12/20/2024,5/25/2024,6
3685294,2385700,"MORALES,DAVID",Ellis,6/21/2027,AGG SEX ASLT CHILD,3/1/2022,6/10/2019,7
3685298,2597558,"HARDAWAY,CHARLES",East Texas Treatment Facility,8/13/2026,DEL COCAINE-HABITUAL,5/28/1991,1/5/1991,40
3691761,2471008,"VERDINES,AARON C",McConnell,10/1/2043,AGG SEXUAL ASLT,10/4/2023,7/1/2003,20
3692488,902092,"ORTEGON,MARTIN",Coffield,1/1/9999,MURDER,4/23/1996,2/3/1995,Life
3692643,2611499,"FIELD,DWAYNE SCOTT",Dominguez,7/26/2026,EVADING ARR/DET W/PREV CONV,3/26/2026,12/1/2025,0.7
3695354,2548530,"GARCIA,MARTIN",Ney,12/4/2068,MURDER (REPEATER),3/3/2025,12/5/2023,45
3696306,910311,"NUNN,MICHAEL WAYNE JR",McConnell,12/31/2097,INTOX MANSLAUGHTER,2/8/2000,1/1/1999,99
3698400,2507752,"RUIZ,LEONARD MARTINEZ",Stevenson,2/20/2038,INDEC CHILD CONTACT,6/3/2024,3/1/2010,14
3699552,2298858,"SHELTON,RICKY D",Pack,1/17/2031,ROBBERY,12/2/2019,1/17/2019,12
3703884,2607990,"CARRILLO,RAMIRO R",McConnell,8/25/2028,AGG ASLT W/DEADLY WPN,3/9/2026,6/21/2024,3
3704372,734769,"SANTOYA,ELOY OCHOA",Garza West,4/27/2031,AGG ROBBERY,10/3/1995,9/22/1994,30
3704561,2590121,"SANCHEZ,RAUL G JR",Dominguez,3/18/2035,AGG ASLT W/DWPN,11/13/2025,3/18/2025,10
3707516,2568150,"RODRIGUEZ,JOSE",Garza West,3/27/2031,FAIL CMPLY SEX OF DTY REG PREV,6/26/2025,2/11/2021,6
3707890,2412360,"HOBSON,BARNNIES D",Ney,10/27/2026,ROBBERY,3/16/2022,10/20/2021,5
3708633,2424000,"ROBERTS,ROBERT RAY",Stevenson,6/19/2028,SEX ASLT CHILD,11/28/2022,11/10/2017,9
3708889,2145371,"SOTO,JOEL",McConnell,11/20/2073,MURDER,7/10/2017,11/16/2013,60
3709788,1501363,"GUERRERO,ROBERTO",Byrd,8/14/2026,BURG HABIT-FORCE,4/9/2008,3/10/2008,15
3710653,2584976,"SCHINDLER,FREDERICK W III",LeBlanc,8/8/2026,POSS CS PG1/1-B 4-200G,7/23/2025,3/21/2025,3
3714211,2381377,"OLIVO,LOUIS JR",Wainwright,1/4/2028,ASLT-FAMILY-2ND OFFENSE,2/1/2022,8/19/2019,6
3714494,2613784,"JOHNSON,KIMBERLY ANN",Plane,2/24/2028,DWI 3RD OR MORE,11/21/2024,4/25/2020,2
3717109,617409,"SOFTLY,CLARENCE",Polunsky,9/30/2043,MURDER,5/4/1992,5/10/1991,50
3725155,678138,"BENSON,JAMES",Wynne,1/1/9999,AGG ROBBERY,4/29/1994,3/16/1994,Life
3725872,643008,"MORRISON,EDWARD EUGENE",Garza East,7/10/2048,AGG SEX ASLT W/DEADLY WPN,4/29/1993,2/4/1992,50
3725920,2576036,"GARZA,RALPH",Garza East,10/11/2028,FAIL CMPLY SEX OF REG LIFE/ANN,8/18/2025,5/20/2022,4
3726784,2571540,"MARTINEZ,RAMON",Dominguez,12/1/2026,EVADING ARREST DET W/VEH,7/21/2025,4/4/2025,4
3726888,2414759,"GONZALES,ALFRED",C.T. Terrell,7/28/2034,INDECENCY W/CHILD CONTACT,9/22/2022,3/2/2019,15
3727298,1197964,"GORMAN,JIMMY RAY",Jester III,4/14/2101,AGG ROBBERY W/DDLY WPN,4/15/2003,12/24/2001,99
3730193,2252529,"NUNEZ,DANIEL",Jester III,5/8/2047,MURDER,3/8/2019,2/23/2017,30
3735470,2601711,"SANCHEZ,JOSE G JR",Dominguez,5/25/2028,FAIL COMP SEX OFF DUTY REG LIFE/,1/28/2026,3/12/2024,3
3740439,2497056,"DIAZ,JOSE ARMANDO CADENA",McConnell,10/14/2027,ROBBERY,3/20/2024,10/14/2023,4
3740893,795371,"PATRICK,LARRY CORNWELL",McConnell,1/1/9999,AGG KIDNAPPING,3/4/1996,2/20/1995,Life
3747519,2404123,"GARCIA,FLORENCIO",C.T. Terrell,9/21/2031,SEXUAL ASSAULT CHILD,7/1/2022,8/5/2021,10
3749574,1841237,"WILLIAMS,CHARLES DWAYNE",Clements,1/1/9999,AGG ASLT DW,12/14/2012,4/28/2011,Life
3757060,2369840,"ANDERSON,EDWARD EARL",C.T. Terrell,9/5/2026,DWI 3D/M,10/21/2021,5/5/2021,12
3758694,1241122,"GILES,GREGORY LIONEL",Ney,8/6/2035,AGG ROBBERY,5/3/2004,9/17/2003,28
3758847,2550869,"DEGLANDON,ERIC M",Garza West,9/1/2026,FAIL COMPLY SEX OFF DUTY REG,3/12/2025,3/28/2023,2
3760112,1862182,"CERVANTES,RICHARD",Pack,9/25/2027,AGG ASLT SBI,5/17/2013,8/20/2012,15
3770244,507565,"COKER,ERIC LEE SR.",Wynne,1/1/9999,MURDER W/DEADLY WPN,12/22/1988,1/27/1987,Life
3774488,2480162,"GUILLEN,PEDRO JR",Hughes,3/22/2031,AGG ASLT W/DEADLY WPN,12/8/2023,3/22/2023,8
3774959,1713337,"GUTIERREZ,ROBERT",Hughes,1/1/9999,MURDER,4/25/2011,8/19/2009,Life
3778287,2049290,"CARPENTER,JOHN ELVIS",Connally,3/4/2030,BURG HABIT-FORCE,2/5/2016,2/11/2014,35
3782085,619335,"VERDEJA,RUDY",Stiles,6/27/2027,BURG OF HABIT,6/8/1992,6/17/1991,35
3782735,1657484,"SANCHEZ,RAYMOND",Pack,6/11/2030,AGG SEX ASLT CHILD,6/18/2010,8/15/1991,20
3785112,2532169,"GARCIA,EDWARD LIMON",Powledge,6/1/2026,AGG ASLT DDLY WPN,3/2/2021,2/18/2020,4
3788926,2398651,"GUTIERREZ,JOHNNIE FLORES",Travis County,8/1/2026,DWI,6/7/2022,6/17/2021,8
3789756,2498423,"BANDA,JERRY EUGENE",McConnell,11/6/2028,AGG ASLT W/DWPN,4/2/2024,11/6/2023,5
3790749,2443156,"GUERRA,MICHAEL",Connally,7/23/2029,FELON POSS FIREARM,4/3/2023,6/15/2022,15
3793774,2550465,"RUIZ,CARLOS EDWARD",Beto,8/7/2026,POSS CS PG1 1G,2/25/2025,4/16/2023,3
3793821,1833812,"HATFIELD,DARYL ALLAN",Gist,6/1/2026,BURG HABIT/FORCE/REPEATER,1/11/2013,6/28/2012,20
3797570,465026,"MESEN,CARLOS MANUEL",Pack,1/1/9999,MURDER,10/16/1987,12/26/1986,Life
3797609,1683459,"WOODARD,KASEY",Connally,11/30/2059,AGG ASLT W/DWPN,11/4/2010,11/30/2009,50
3797639,2023028,"DUKES,GLEN LEON",Wynne,1/1/5555,CAPITAL MURDER,9/23/2015,6/2/2012,LWOP
3805200,1529969,"SANCHEZ,VICTOR DAVID",Stringfellow,12/9/2026,AGG SEX ASLT HABIT,9/2/2008,3/24/2004,25
3806925,1860978,"SAMARRIPAS,JOHN DAVID",Connally,6/28/2047,AGG ASLT W/DW,5/17/2013,6/28/2012,35
3810172,1390441,"GONZALES,FRANCISCO",Stevenson,12/3/2043,MURDER,8/22/2006,12/3/2003,40
3811319,2268385,"HERRERA,FELIX",Dominguez,3/22/2028,EVADING ARREST/DETN W/VE,5/13/2019,12/3/2017,8
3813581,618611,"RODARTE,ROLANDO",Hughes,1/1/9999,CAP MURDER,3/17/1995,10/26/1988,Capital Life
3816449,1531327,"REYES,REYNALDO JR",McConnell,1/1/9999,AGG SEX ASLT CHILD,9/4/2008,11/9/2006,Life
3816484,2257433,"MENESESS,BENITO JOSE",Allred,10/25/2068,MURDER,4/2/2019,10/15/2018,50
3816531,1021163,"TYLER,ALFRED",Jester III,8/3/2031,MURDER,1/2/2001,7/23/1988,40
3819274,1313567,"SANCHEZ,RICARDO",Wynne,6/3/2041,MURDER,5/24/2005,7/29/1999,40
3820739,1037551,"TAYLOR,DEBORAH RENE",Crain,1/1/9999,CAPITAL MURDER,3/1/2001,4/30/2000,Capital Life
3820798,2480365,"SPEARS,WILLIE RAY",Garza West,5/3/2027,EVADING ARRST DET W/VEH,12/8/2023,4/9/2023,4
3824461,1966664,"CABRERA,AARON",San Saba,10/31/2029,INDEC W/CHILD CONTACT,11/5/2014,3/15/2010,15
3825385,2183124,"CRON,JOHN DAVID",LeBlanc,8/9/2033,AGG SEXUAL ASLT/CHILD,2/9/2018,8/1/2012,20
3829268,1466330,"BENAVIDES,JESSE",Wainwright,11/2/2056,INTOX MANSLAUGHTER,10/15/2007,1/8/2006,20
3829360,2613022,"GOMEZ,CARLOS",Garza West,8/20/2027,EVADING ARREST DET W/VEH,4/1/2026,8/18/2025,2
3829881,2440365,"HOOPER,JAMES BERNARD",LeBlanc,4/8/2027,DWI 3RD,3/22/2023,2/26/2022,10
3830651,2041777,"ROSE,RAYMOND",Pack,10/1/2058,AGG SEX ASLT-CHILD,12/3/2015,7/30/1996,45
3831278,1875636,"PARDO,OSCAR DAVID",Stevenson,4/7/2053,INJ CHILD-SBI-INT/KNO,7/19/2013,4/29/2010,40
3832757,2141617,"WASHINGTON,JERALD A",Michael,2/28/2041,CONTINUOUS VIOL AGAINST FAM,5/9/2017,9/18/2015,25
3839942,2428065,"VILLARREAL,JOE ANTHONY",Hamilton,11/5/2026,DWI,11/29/2022,5/29/2021,10
3840969,2121165,"COOK,JIMMY WAYNE",Stringfellow,3/2/2043,SOL CAPITAL MURDER,2/24/2017,12/30/2015,27
3842139,1501365,"HASSE,LYLE BRADFORD",Duncan,3/29/2033,AGG SEXUAL ASLT-CHILD,4/14/2008,6/29/1999,25
3847950,1389032,"EVANS,CARL",McConnell,6/16/2060,AGG ASLT,8/17/2006,10/27/2004,55
3853887,1844924,"IBANEZ,BEATRICE ANN",Hobby,9/21/2041,MURDER,3/6/2013,9/22/2011,30
3855319,2096344,"GUZMAN,JOHN DAVID",Clemens,8/2/2027,DWI,10/13/2016,4/23/2015,30
3857830,2476164,"MARROQUIN,MICHELLE",Crain,6/1/2026,VIOL SEX OFF REG W/PREV CONVIC,10/31/2022,4/27/2022,3
3861160,2583982,"PENA,ROGER",Dominguez,10/7/2030,ASLT FAM/HSE MEM PREV CONV,10/8/2025,4/6/2024,5
3861443,542204,"JOHNSON,DAVID",Allred,1/1/9999,ATT COM CAP MUR/DEAD WPN,1/16/1990,2/22/1988,Life
3862258,2567929,"IRVIN,OTIS MELVIN",Dominguez,2/13/2029,THEFT PROP L/2500 2 OR MORE PREV,6/24/2025,9/21/2024,4
3862914,2541320,"MONEYHAN,CURTIS LEE",Connally,10/17/2026,POSS CS 1-4G,1/13/2025,5/3/2022,5
3864053,2585418,"GARZA,CHRISTOPHER",Lopez,6/7/2032,FAIL COM SEX OFF DUTY REG W/PREV,10/16/2025,11/5/2024,7
3864808,739436,"HERNANDEZ,RAUL",Hughes,7/14/2092,AGG SEX ASLT,11/17/1995,7/15/1994,98
3865690,663324,"LANG,JAMES TIMOTHY",Allred,1/1/9999,MURDER-NONFAMILY,2/14/1994,7/1/1993,Life
3866819,1382000,"HERNANDEZ,AUGUSTINE",McConnell,1/1/9999,AGG SEXUAL ASLT/CHILD,6/26/2006,11/15/2004,Life
3871132,2251175,"COLON,ADRIAN MIGUEL",Sayle,8/1/2026,FELON POSS F/ARM,3/5/2019,1/31/2018,35
3875514,2498152,"ROSAS,DANIEL",Hightower,6/22/2026,VIOL SEX OFFEN REG-ANN,6/6/2022,4/16/2021,4
3875702,2002220,"TREADWAY,ARESTEDE JAMES",Jester III,12/2/2026,BURG HABIT INTENT COMMIT FEL,4/14/2015,4/14/2013,25
3878605,2413301,"CALBILLO,GILBERT TIJERINA",Dominguez,8/3/2026,FELON POSS FIREARM,9/16/2022,10/22/2020,10
3883291,633446,"OVALLE,ANTONIO",Hospital Galveston,1/1/9999,MURDER W/DEADLY WPN,10/9/1992,6/7/1991,Life
3885463,480915,"THICKSON,WILLIAM RICHARD",Hughes,6/24/2133,MURDER,4/18/1988,6/3/1987,161
3886930,1728635,"GAMEZ,GLORIA",Hobby,1/1/9999,MURDER REPEATER,7/8/2011,10/15/2007,Life
3888026,2265753,"COUNTY,RONALD EDWARD",Smith,10/6/2030,AGG ASLT W/DW,5/16/2019,10/10/2017,12
3891390,2560795,"WILSON,TIMOTHY W",Ellis,11/21/2072,AGG ROBBERY,5/14/2025,11/5/2021,50
3891397,2541327,"SOTO,JOSE M",Ellis,10/26/2026,ASLT FAM HSE MEM,1/17/2025,1/9/2022,2
3893071,2356977,"GUTIERREZ,FORTINO ANTONIO",Connally,9/7/2029,RETALIATION,7/15/2021,8/4/2018,25
3895906,2456832,"ACOSTA,MARTIN",LeBlanc,10/18/2028,AGG ASLT DW,6/30/2023,10/19/2022,6
3897417,2610533,"RAMIREZ,JERRY",Garza West,8/6/2027,VIOL BOND/PROT ORD 2+ W/I 12MO,3/23/2026,7/20/2025,3
3898470,1230558,"DELGADO,ANTONIO",Willacy County,2/13/2029,INTOXICATION MANSLAUGHTER,8/28/2003,1/30/2003,25
3898966,2589137,"VIDALES,JOSE ANGEL",East Texas Treatment Facility,9/17/2026,"THEFT PROP <$2,500  2/MORE PREV",,5/31/2025,5
3899753,2382274,"GOMEZ,MARIANO ALONSO",Briscoe,2/2/2040,INDECENCY W/CHILD-CONTACT,2/8/2022,5/10/2020,18
3902389,898498,"LOPEZ,RUDY C",Garza East,2/23/2037,MURDER,7/27/1999,2/11/1999,30
3904377,2372141,"VILLANUEVA,GABRIEL",McConnell,1/23/2027,AGG ASLT W/DWPN,11/9/2021,10/15/2020,6
3905337,700106,"COLEMAN,DANNY R",Stiles,2/1/2033,AGG KIDNAPPING,8/18/1994,10/16/1992,40
3906146,1606138,"GONZABA,PAUL",Stiles,7/27/2039,AGG ASLT AGAINST PUB SERV,10/20/2009,11/19/2007,25
3907635,2534135,"PARKINS,GREGORY",Memorial,4/5/2028,ASLT FAM HHLD MEM PREV CONV,12/9/2024,4/4/2024,4
3910149,2532670,"MARTINEZ,OSCAR",Torres,9/26/2068,AGG SEXUAL ASLT CHILD,11/19/2024,12/23/2022,37
3916435,2478220,"WILSON,CILVERIO",Goodman,8/14/2026,ASLT FAM 2ND OFF,1/14/2021,9/12/2020,5
3917757,576889,"ZUNIGA,RICK",Ney,10/6/2056,AGG SEX ASLT OF A CHILD,9/19/1990,1/29/1989,65
3927537,770055,"GARDEA,ALBERTO RAMON",Estelle,2/23/2056,AGG KIDNAPPING,9/13/1996,12/27/1993,60
3928661,2589890,"KELLOGG,JAMES EDWARD",Dominguez,6/1/2026,EVADING ARREST DET W/PREV CONV,4/17/2025,11/9/2024,1.7
3937017,2613013,"CRENSHAW,DAVID MARK",Garza West,8/5/2027,UNL CARRY WPN W/FEL CONV,4/7/2026,9/29/2025,4
3937177,2544953,"LUCIO,MANUEL GUTTIERREZ",Estelle,7/22/2026,THEFT PROP L/$2500 2/MORE PREV,8/13/2024,4/4/2024,2
3939600,1210004,"FACTOR,STEVE",Memorial,1/1/9999,AGG SEX ASLT,8/22/2003,6/1/2000,Life
3942873,1500041,"WEBBER,RUSSELL GARLAND",Polunsky,3/2/2056,MURDER,12/11/2006,3/3/2006,50
3943367,2188045,"NETTLES,MILTON WAYNE",C.T. Terrell,1/1/2028,INDECENCY W/CHILD-EXPOSURE,2/20/2018,1/28/2017,15
3944797,498992,"HERNANDEZ,JUAN CASSIANO",Skyview,1/1/9999,ATT COM CAP MUR W/DEAD WP,9/20/1988,12/8/1987,Life
3946522,1389048,"RODRIGUEZ,GILBERT",McConnell,1/1/9999,MURDER,8/11/2006,10/31/2004,Life
3947762,2427430,"MACKEY,GUY SYLVESTER",Dominguez,9/2/2026,INJ TO ELD BI (REPEATER),12/13/2022,1/22/2021,8
3954620,2532180,"MENDEZ,THOMAS RENE",Dominguez,6/1/2026,UNL CARRY WEAPON W/FEL CONV,11/19/2024,2/7/2022,4
3956316,547826,"WATSON,ROBERT JAMES",McConnell,1/27/2038,AGG ROBBERY W/DDLY WPN,4/10/1990,8/7/1989,45
3957278,2569716,"OLIVER,DENA LEIGH",Plane,12/24/2026,DWI 3RD MORE,7/21/2025,12/14/2023,4
3958744,2185531,"COBBS,TRACY ONEIL",Jester III,1/1/5555,SUPER AGG SEXUAL ASLT/CHILD,2/8/2018,4/17/2015,LWOP
3958953,2594721,"AMPARAN,JERRY ROGER",Segovia,6/1/2026,ASLT FAM MEM PREV CONV,9/24/2018,2/26/2017,2
3959194,1647044,"TENEYUCA,HENRY",LeBlanc,8/10/2030,POSS WID C/SUB PG1 4-200G,4/27/2010,10/1/2009,25
3959197,1876812,"PERALES,JESSIE",Stevenson,8/12/2029,AGG ASLT W/DWPN,8/14/2013,3/12/2011,16
3959616,1685729,"GRANDBERRY,DAN",Stiles,5/2/2070,AGG SEX ASLT CHILD,12/1/2010,7/4/2003,60
3960453,1792306,"SANCHEZ,RAFAEL GONZALEZ",Bartlett,8/21/2039,ATT CAPITAL MURDER POLICE OFFCR,6/12/2012,7/31/2011,28
3962743,2328810,"ADAME,SERGIO",East Texas Treatment Facility,6/1/2026,DWI,11/5/2020,9/27/2019,6
3965841,2571072,"STEVENS,MARK",Dominguez,12/28/2026,CRIM MISCH $2500<30K,7/21/2025,12/7/2023,1.5
3968796,2532185,"REYNOSA,JOSE MANUEL",Garza East,4/30/2027,OBSTRUCTION/RETALIATION,11/12/2024,12/2/2023,8
3970321,2238668,"MENDEZ,GILBERT",Coffield,1/13/2066,AGG ASLT W/DW,11/16/2018,1/14/2016,50
3971714,2413321,"RIVERA,NOEL",Estelle,9/1/2026,POSS WID CONT SUBS PG1 4-200G,9/16/2022,1/11/2021,7
3972303,2097783,"TRCKA,RICKY",Hodge,10/20/2045,MURDER,10/24/2016,10/18/2015,30
3975455,2265761,"GONZALEZ,THOMAS",Vance,3/10/2029,AGG ROBBERY,5/20/2019,1/13/2017,11
3977185,2430573,"BAKER,LARRY",Dalby,4/26/2036,AGG SEX ASLT CHILD,1/5/2023,12/1/2010,15
3977606,543596,"JIMENEZ,EDWARD",Coffield,9/15/2034,MURDER W/DEAD WPN,9/15/1989,10/16/1988,45
3980355,2596679,"MATA,RICHARD GUERRO",C.T. Terrell,11/26/2030,UNL CARRY WEAPON W/FELONY CONV,12/18/2025,7/8/2024,5
3983801,1186771,"ALVARADO,DAVID",Stevenson,4/27/2033,BURG HABIT I/COMM ASLT,7/7/2003,6/4/2002,30
3985721,1650551,"HARGROVE,DEAON",Connally,1/1/9999,AGG ROBBERY,3/31/2010,4/16/2009,Life
3986015,1804581,"GARZA,RAUL III",Hughes,11/1/2026,IMPERSONATE PUBLIC SERVANT,8/6/2012,6/24/2011,35
3986016,2418310,"BENNETT,MICHAEL JAMES",Dominguez,7/20/2026,UNL CARRY WPN W/FELONY CON,10/24/2022,6/4/2022,10
3986041,701819,"CHARGUALAF,JOSEPH EARL",Hughes,6/30/2079,ATT COMMIT MURDER,2/21/1995,4/16/1994,45
3991618,2089381,"HERNANDEZ,SANTIAGO",C.T. Terrell,1/17/2055,MURDER,9/6/2016,1/17/2015,40
3992422,774844,"CASTRO,JUAN ERNESTO",Stevenson,10/24/2034,MURDER,11/1/1996,11/13/1994,30
3994245,665057,"MORENO,JOEL",Coffield,1/1/9999,MURDER,4/6/1994,7/18/1992,Life
3998657,2581266,"BAKER,ROBERT",Garza West,3/25/2027,FAIL COMPLY SEX OFF REG W/PREV,9/17/2025,2/27/2025,2
4004017,1580869,"GARCIA,LORENZO III",C.T. Terrell,11/13/2038,MURDER,6/12/2009,6/1/2001,30
4005403,2569178,"GONZALES,RIHCARD JR",Briscoe,12/10/2031,SEXUAL ASLT CHILD,7/8/2025,4/10/2024,7
4005640,2595690,"JONES,ROBERT B JR",Torres,11/18/2035,ROBBERY,12/15/2025,12/13/2024,10
4009614,2548534,"GUEVARA,RUDY",Ney,5/2/2027,AGG ASLT W/DWPN,3/3/2025,9/30/2019,7
4010150,2444344,"MILLER,LONNIE PAUL",Wynne,1/1/5555,CONTINUOUS SEX ABUSE CHILD,4/11/2023,1/15/2014,LWOP
4012714,2600455,"SANCHEZ,RAYMOND GUADALUPE",Dominguez,12/25/2026,ATT TAKE WEAPON FROM OFFICER,1/16/2026,6/29/2025,1.5
4017777,1500889,"FULLER,DONALD",LeBlanc,4/2/2055,AGG SEX ASLT CHILD,4/10/2008,12/11/2002,47
4018217,2602842,"WEBB,AARON A",Cotulla,7/18/2049,AGG ASSLT CAUSING BODILY INJ,1/29/2026,10/9/2021,25
4020256,1578295,"WILSON,EDDIE",Jester III,1/19/2047,POSS CONT SUB 4-200G,4/1/2009,2/28/2007,67
4025011,2480155,"DOUDS,GARY WAYNE",McConnell,7/26/2033,AGG SXL ASSLT - CHILD,12/8/2023,1/12/2016,10
4025398,2407443,"DIAZ,ARNOLDO",Wynne,7/30/2068,INDECENCY CHILD CONTACT,8/5/2022,7/1/2016,18
4028799,2613026,"LERMA,GREGORY TREVINO",Garza West,1/5/2034,AGG ROBBERY,4/9/2026,1/5/2026,8
4029169,2247629,"VILLARREAL,EMERITO MARTINEZ",Coffield,1/17/2034,POSS W/I DEL CONT SUB PG1 4-200G,2/7/2019,8/27/2018,15
4030427,2502455,"GUERRERO,FERMIN DE LA CRUZ III",Stevenson,10/18/2028,BURG BUILD INT-THEFT,5/3/2024,10/19/2023,5
4031826,1579511,"CRAIG,MARTIN ALLEN",San Saba,1/27/2047,MURDER,6/4/2009,1/20/2007,40
4033193,2119675,"GARCIA,JIMMY RODRIGUEZ",Lewis,8/2/2031,SEXUAL ASLT,2/17/2017,8/2/2016,15
4035960,2528353,"BURRUSS,ERNEST",Jester III,6/11/2032,EVADING ARREST DET W/VEH,8/30/2024,6/11/2024,8
4041432,2453717,"RAMIREZ,CARLOS J",Pack,6/12/2027,INTOXICATION MANSLAUGHTER,6/15/2023,10/26/2019,4
4042227,2327082,"GARCIA,PHILLIP",Telford,7/18/2030,VIOL SEX OFF REG ANNUAL,10/21/2020,7/7/2020,10
4043095,2545959,"LOPEZ,CHARLES",Ney,7/15/2036,ASLT FAM/HSEHLD MEM PREV CONV,2/14/2025,11/19/2023,12
4043150,2381784,"URESTE,FRANK G JR",Stiles,6/1/2026,POSS CONT SUBS PG1 4-200G,1/31/2022,5/3/2020,5
4043285,2542631,"VILLAREAL,ANTHONY",Estelle,3/26/2042,AGG ROBBERY,12/9/2024,8/9/2021,18
4045837,2583980,"NEVAREZ,FIDEL",Connally,7/28/2031,INDECENCY W/CHILD SEX CONTACT,10/9/2025,7/1/2024,6
4049792,672429,"PERKINS,TIMOTHY BRANT",C.T. Terrell,11/1/2026,AGG ROBBERY W/DEADLY WEAPON,10/20/1993,12/3/1991,40
4053069,2601708,"RICHARDSON,CARLOS JR",Powledge,1/9/2028,UNL POSS FIREARM BY FELON,4/7/2025,5/6/2024,2
4054074,894554,"DEMOSS,JAMES",Robertson,1/1/9999,AGG SEX ASLT-CHILD,3/17/1998,6/1/1994,Life
4054690,2464850,"KERR,TARAS",Lopez,4/7/2032,TERROR THREAT PEACE OFF HAB,8/23/2023,6/5/2020,14
4057044,1427157,"PENA,NICKY",Memorial,12/10/2032,AGG ROBBERY,3/19/2007,11/13/2005,25
4061238,1283338,"RAMIREZ,HOMERO",Connally,5/29/2031,AGG SEX ASLT CHILD,10/26/2004,7/25/1991,25
4061301,572087,"TAYLOR,CHARLES DANIEL JR",Stevenson,3/29/2034,MURDER,10/9/1990,8/23/1988,35
4061343,863342,"JONES,CLARENCE",Polunsky,10/30/2096,MURDER,1/28/1999,9/20/1997,99
4062166,2605372,"LOPEZ,MARK ANTHONY",Estelle,10/1/2026,ASSLT/FAMILY MEMBER,3/5/2004,3/12/2003,75
4063929,2550449,"GARCIA,SANTIAGO",W. Scott,11/29/2028,TERR THREAT IMP PUB SERV FEAR SB,11/4/2024,8/30/2023,5
4067272,2164974,"SALAZAR,RAMON JR",McConnell,3/2/2076,MURDER,10/23/2017,3/2/2016,60
4069706,1362228,"GONZALEZ,RENE",Michael,4/23/2035,AGG SEX ASLT/CHILD,3/29/2006,5/11/2004,30
4070056,2088044,"FLORES,JESSE LOPEZ",Garza East,12/5/2027,POSS CONT SUB 4-200G,8/29/2016,12/30/2015,10
4070607,2613037,"REYES,JOE SOSA",Garza West,1/21/2028,POSS CS PG1 1-4G,5/30/2023,10/2/2021,2
4070654,2137905,"VILLARREAL,ARTHUR",McConnell,5/26/2061,MURDER,5/30/2017,4/3/2016,45
4070935,2574875,"REEVES,JEFFREY A",Cotulla,2/26/2034,UNL CARRY WEAPON PROH PLACES,8/11/2025,1/12/2025,10
4071154,2606149,"BRAGGS,FRANCELL",Garza West,7/24/2027,POSS CS PG1 1G,6/11/2024,5/14/2023,2
4071453,531427,"GILMORE,ROBERT",Young,1/1/9999,AGG ROBBERY W/DEADLY WPN,11/16/1989,11/17/1988,Life
4071459,999601,"GONZALEZ,MARK ANTHONY",Polunsky,1/1/8888,CAPITAL MURDER-POLICE OFFICER,1/15/2016,5/28/2011,Death
4071513,2582497,"FLORES,JOEL JAMES",McConnell,2/6/2029,BURG HABIT,9/16/2025,6/3/2022,8
4074074,2591878,"GAMEZ,JOE",Segovia,6/1/2026,ASLT FAM HSE MEM PREV,11/21/2025,6/22/2025,2
4076099,1972712,"ADAME,JACOB",Diboll,2/27/2052,AGG ROBBERY,12/4/2014,11/19/2013,38
4079338,1437814,"FRAZIER,GARY",LeBlanc,8/1/2026,AGG SEXUAL ASLT-CHILD,2/28/2011,6/1/2006,20
4084261,552193,"DAVIS,DALE",Polunsky,1/1/9999,MURDER W/DEADLY WPN,6/8/1990,6/29/1988,Life
4084263,2407437,"CASILLAS,TOMMY",Michael,7/26/2041,AGG SEX ASLT CHILD,8/9/2022,11/14/2013,20
4085407,699092,"CASTILLO,RICARDO C",Hughes,6/16/2049,AGG SEXUAL ASSLT,7/15/1994,6/17/1994,55
4085585,2604031,"REYES,MARCEL",Willacy County,5/16/2032,OBSTRUCTION OR RETALIATION,7/23/2025,5/12/2024,8
4086912,1769706,"ALVARADO,RUDY",Estelle,4/17/2027,AGG ROBBERY,2/14/2012,8/20/2010,15
4087437,2607510,"RODRIGUEZ,MICHELLE DENISE",Plane,12/9/2026,DWI 3RD/MORE,3/12/2026,6/1/2025,3
4088945,738766,"WILLIAMS,CLINTON VERNON",Hughes,2/5/2070,MURDER,11/7/1995,10/17/1994,75
4092704,1376414,"KEARSE,EDDIE",Wainwright,1/29/2104,MURDER,6/12/2006,1/29/2005,99
4092718,2242575,"HODGE,MARCUS",Lynaugh,10/18/2032,FAIL STOP/RENDER AID-SBI,1/15/2019,10/19/2017,15
4096500,2468024,"DELACRUZ,ADOLFO",McConnell,5/31/2026,FELON POSS FIREARM,9/11/2023,2/10/2023,6
4097044,2478176,"DIXON,VERNON KING",Connally,1/1/9999,MURDER,11/15/2023,3/31/2022,Life
4098265,756273,"GARCIA,GLORIA",Murray,1/1/9999,ASLT W/INT S.B.I. CHILD,5/24/1996,11/3/1995,Life
4099545,2579056,"AYALA,SANTANA GARCIA",Garza West,12/17/2026,THEFT PROP $30-$150K,8/1/2025,12/4/2024,4
4102861,806926,"QUINTERO,ROBERT L",Stiles,11/26/2047,BURG HABIT,6/12/1997,10/26/1995,65
4102865,1424513,"ELLISON,ERVIN",Connally,1/1/9999,MURDER,2/27/2007,8/15/2005,Life
4103484,1202626,"CANO,RUBEN ALVINO",Estelle,1/1/9999,SEX ASLT CHILD,10/9/2003,10/24/2002,Life
4111048,577452,"GUEVARA,RICHARD",Garza East,5/27/2034,AGG SEX ASLT OF CHILD,2/11/1991,10/9/1988,40
4111116,2398640,"CURBOW,MICHAEL WAYNE",Wynne,1/27/2055,MURDER,6/17/2022,1/28/2020,35
4114005,751737,"OCHOA,OSCAR",Briscoe,1/13/2034,AGG SEX ASLT CHILD,4/4/1996,6/16/1994,35
4115566,2530291,"ROBLES,ROBERT SANTOS",Jester III,1/3/2027,DWI 3RD MO,10/30/2024,6/22/2024,6
4117395,620636,"ALONZO,JOSE",Allred,1/1/9999,CAP MUR W/DEADLY WPN,6/29/1992,9/29/1991,Capital Life
4117449,2598491,"RUSSO,THOMAS GEORGE",Garza East,11/24/2030,FAIL COM SEX OFF REG W/PRE,1/8/2026,5/31/2022,6
4119386,2490321,"BELMUDEZ,RAMON",Connally,5/31/2026,POSS CS PG1 1G-4G,2/2/2024,4/12/2023,6
4120803,583305,"RODRIGUEZ,AMBROSIO",Memorial,1/1/9999,MURDER NONFAMILY W/DEADLY,2/7/1991,4/8/1990,Life
4122122,2570394,"CASTILLO,RUDY JR",Estelle,10/1/2026,POSS CS PG1/1-B 4-200G,7/14/2025,11/5/2023,4
4124678,2596677,"LONGORIA,MANUEL",Garza West,8/1/2026,DWI,12/12/2025,11/4/2018,2
4124685,2437769,"GARCIA,MICHAEL A",McConnell,10/20/2046,AGG SEXUAL ASLT,3/2/2023,8/15/2007,25
4126847,1685740,"MONREAL,JOSE JESUS CONTRERAS",Stevenson,10/23/2043,MURDER,11/10/2010,9/20/2008,35
4127425,2612768,"COLUNGA,JIMMY",Dominguez,11/3/2026,THEFT PROP $2500 2/M PREV CONV,4/7/2026,8/26/2025,0.7
4128355,1151767,"BROWN,HOWARD",Clements,12/19/2077,MURDER,12/20/2002,8/3/2001,75
4131240,2537104,"FORD,THOMAS P",Dalby,8/16/2026,AGG ASLT W/DW,1/8/2025,9/17/2022,3
4131696,2570174,"GONZALES,ALEXANDER",Segovia,11/10/2026,INJ ELDERLY PERSON W/INT BI,7/11/2025,2/10/2020,5
4133113,2613023,"HAYNES,WILLIAM FRANKLIN",Garza West,3/7/2034,POSS CS PG 1/1-B 4-200G,4/10/2026,5/1/2025,8
4140943,2211204,"CHAPMAN,WILLIAM",Clements,2/2/2038,AGG ASLT W/DEADLY WPN,7/13/2018,1/12/2017,20
4140991,1939592,"ARAIZA,ADOLPH",Garza West,8/28/2026,BURG HABIT FORCE,6/23/2014,4/10/2012,12
4145517,2591905,"STRICKLAND,ERNEST HOWARD",Jester III,1/27/2028,DDLY COND DSH FIREARM,11/20/2025,2/9/2025,6
4146792,2531715,"ONTIVERAS,JULIAN",Ney,12/23/2027,BURG OF BLDG,11/6/2024,7/1/2022,8
4154259,2212192,"SALAZAR,DANIEL CERVANTES",Hightower,1/6/2047,MURDER,7/20/2018,6/2/2016,30
4154552,593865,"BRYANT,ROBERT",Ramsey,2/7/2061,AGG SEX SLT CHILD,12/13/1991,4/25/1991,45
4156694,811022,"MANESS,MARK",Coffield,1/1/9999,CAPITAL MURDER-CHILD U/6,10/20/1997,11/26/1996,Capital Life
4157149,1166796,"ROMO,TIM",Connally,7/17/2057,AGG ROBBERY,4/10/2003,7/18/2002,55
4159504,602673,"STEGER,DARREN",Garza West,6/4/2042,BURG HABIT-CT 1,11/8/1991,9/5/1991,50
4162030,2172446,"CANTU,JOSE LUIS",Dominguez,4/1/2027,PWID CONT SUBS PG2-A 4-400G,12/15/2017,4/25/2017,10
4165566,2572362,"ESCALANTE,DARIO",Segovia,1/30/2027,POSS CS PG1/1-B 4-200G,7/23/2025,2/9/2024,2
4167706,785448,"MILES,HIRAM",Kyle,1/1/9999,MURDER,4/3/1997,10/10/1995,Life
4168190,2164927,"GALVAN,ROBERT JR",Powledge,10/7/2046,CONTINUOUS SEX ABUSE-CHILD,10/19/2017,10/2/2016,30
4168399,654616,"WEDGEWORTH,JAMES SCOTT",Montford,1/1/9999,MURDER W/DEADLY WEAPON,7/21/1993,1/24/1992,Life
4169451,595970,"GONNERMAN,TY WESLEY",Ramsey,1/1/9999,MURDER W/DEADLY WPN,9/5/1991,10/26/1988,Life
4169580,2601696,"GUZMAN,VICTOR JR",Segovia,11/16/2027,DWI 3RD OR MORE,1/13/2026,4/4/2025,4
4170070,673241,"REYES,ROCKY",Lewis,4/28/2028,MURDER,10/4/1993,10/10/1992,30
4170776,2410724,"EVANS,MICHAEL ANTHONY",Boyd,6/25/2027,SEX ASLT,8/31/2022,6/25/2021,6
4171102,582926,"MARKLE,JONATHAN JAMES",Allred,1/1/9999,MURDER W/DEADLY WPN,4/11/1991,4/4/1990,Life
4172075,2304455,"MARQUEZ,LUIS",Lewis,5/22/2059,AGG SEXUAL ASLT CHILD,1/7/2020,6/1/2017,40
4173993,2155981,"KENNEDY,JAMES PATRICK ALLAN",East Texas Treatment Facility,6/1/2026,DWI W/PREV INTOX MANSL CONVICT,9/1/2017,4/24/2016,10
4174269,2593440,"RODRIGUEZ,ARTHUR TREVINO",Dominguez,3/2/2027,MAN/DEL CS PG 1 4-200G,11/14/2025,6/13/2024,5
4181971,2605052,"HARDAWAY,DWAYNE MANDEL",Dominguez,6/11/2027,THEFT PROPERTY $2500,2/12/2026,10/4/2025,1.3
4182777,2460780,"RAMIREZ,PAUL",McConnell,11/16/2031,INDECENCY W-CHILD-CONTACT,8/3/2023,4/30/2008,9
4184608,2589541,"CANTU,RICARDO BALTAZAR",Lopez,4/26/2027,ASLT PEACE OFFICER/JUDGE,9/30/2025,4/26/2025,2
4184632,2540889,"FLORES,GUADALUPE",Estelle,8/23/2026,EVADING ARREST DET W/VEH,2/4/2025,5/19/2022,5
4184894,2398665,"MOJICA,PAUL",Lynaugh,4/30/2028,INDECENCY W-CHILD-CONTACT,5/3/2022,4/15/2020,6
4185512,2580230,"RANGEL,RAMIRO JR",McConnell,3/25/2040,AGG ASLT W/DWPN,8/15/2025,3/26/2025,15
4186426,2611810,"JOHNSON,JEFFREY EARL",Garza West,12/1/2026,POSS CS PG1/1-B L/1G,4/1/2026,1/5/2026,2
4186571,2147906,"CAMPOS,FRANK",Huntsville,1/1/9999,MURDER,7/24/2017,2/20/2014,Life
4190073,1095331,"KANE,WILLIAM R JR",Michael,1/1/9999,SEX ASLT,3/18/2002,4/10/2000,Life
4191042,931547,"GARZA,MARK ANTHONEY",McConnell,1/1/9999,AGG SEX ASLT-CHILD,8/5/2002,6/7/1999,Life
4191479,610558,"HERRERA,FREDERICK EUGENE",Stringfellow,1/1/9999,MURDER W/DEADLY WPN,3/5/1992,7/10/1990,Life
4193149,1627912,"PFEIFER,JORDAN",Ramsey,1/1/2027,BURG HABIT-FORCE,2/18/2010,10/22/2009,30
4195376,1170971,"BROWN,PATRICK",Powledge,1/24/2040,BURG WITH ATT TO COMMIT/COMISSIO,10/3/2005,3/24/2002,35
4196673,661657,"FLORES,AURELIO",Connally,1/1/9999,CAPITAL MURDER,2/8/1994,4/13/1992,Capital Life
4199577,2537052,"SAMUDIO,JUAN",Garza West,5/29/2027,HARASS PUBLIC SERV,12/16/2024,5/29/2024,3
4199581,1721657,"MURPHY,MAURICE",Ramsey,5/9/2049,MURDER-HABITUAL,6/2/2011,5/9/2009,40
4201408,2088059,"LOPEZ,JOSE GERARDO",Chasefield Wilderness,5/28/2030,DWI,8/29/2016,7/14/2015,10
4201714,1992899,"LARA,JOE ANTHONY",Coffield,1/1/5555,CONT SEX ABUSE CHILD,3/26/2015,12/20/2008,LWOP
4202724,633792,"MYART,JAMES III",Lynaugh,7/5/2030,AGG SEX ASLT CHILD/DEAD W,1/19/1993,6/27/1989,32
4203031,2589320,"OVERMAN,MILES DE PAUL",Lopez,6/1/2026,THEFT PROP $2500 2/MORE PREV CON,11/10/2025,7/13/2025,2
4203533,770058,"HUIZAR,VINCENT C.",Ferguson,1/17/2095,AGG SEX ASLT-CHILD,10/10/1996,5/8/1995,99
4204212,2221476,"ACOSTA,GUILLERMO",Gurney,9/2/2046,AGG SEX ASLT CHILD,9/4/2018,12/26/2014,28
4206383,1366299,"RODRIGUEZ,RICHARD DAVID",Garza East,12/7/2028,AGG SEX ASLT CHILD,4/21/2006,5/22/2005,20
4211319,2593430,"ISAAC,JAKE ARTHUR",Briscoe,2/1/2027,FRAUD USE/POS ID INF ITEM 10-50,12/3/2025,7/30/2025,3
4211547,2388026,"BUCHANAN,THEODORE WAYNE",Lewis,1/2/2030,POSS CHILD PORN,2/28/2022,7/3/2020,8
4211550,2414920,"ALDERETE,ERNEST",Lychner,6/19/2037,AGG ASLT DW,10/3/2022,6/20/2022,15
4215961,2118322,"VASQUEZ,ALFREDO",Dominguez,6/1/2026,EVADING ARREST DETN W/VEH,2/14/2017,6/17/2015,15
4216094,2125219,"REYNA,GERARDO",C.T. Terrell,2/9/2035,AGG ASLT W/DEADLY WPN,4/10/2017,11/10/2016,18
4219104,1894451,"MEDRANO,RENE",Connally,12/11/2047,SEX ASLT CHILD,11/1/2013,2/15/2010,35
4223173,1158600,"LALINDE,MANUEL SR",Allred,1/3/2067,AGG SEX ASLT CHILD,11/22/2002,7/1/2000,30
4225227,2374419,"HUNTER,TERRANCE",Jester III,12/27/2029,ROBBERY,12/6/2021,12/26/2020,9
4225996,1501352,"CABALLERO,JUAN L",Powledge,4/7/2066,BURG HABIT WIT COMM SEX ASLT,4/18/2008,4/7/2006,60
4226210,1768112,"LOVING,HERMAN L",Holliday,6/28/2029,INDECENCY W/CHILD CONTACT,8/1/2011,11/15/2007,15
4227776,1337244,"MURILLO,ROSENDO",Connally,5/17/2034,MURDER,10/28/2005,5/16/2004,30
4228025,2478192,"JOHNSON,LEONARD",Estelle,6/29/2027,AGG ASLT W/DWPN,11/16/2023,6/28/2023,4
4229764,1822698,"LOPEZ,MICHAEL OMAR",McConnell,3/7/2027,INDECENCY W/CHILD CONTACT,11/7/2012,12/11/2011,15
4231034,646695,"GALVAN,ELOY",Stiles,12/1/2026,AGG ROB W/DEADLY WPN,5/13/1993,3/12/1992,40
4232697,1529966,"RIOS,ISAIAS",Connally,11/26/2051,MURDER,6/19/2008,9/18/2004,45
4235933,2521005,"HERRERA,FABIAN",Dominguez,3/28/2027,ASLT FAM 2ND OFF,8/29/2024,9/4/2022,8
4236096,2585365,"LANDIN,MARCO ANTONIO",Dominguez,12/30/2029,FRAUD USE/POSS ID INFO L/5,8/5/2025,1/5/2025,12
4236721,1150400,"HARRUP,JOHN",Connally,9/7/2041,AGG SEX ASLT-CHILD,1/17/2003,9/6/2001,40
4237416,860511,"WILLIAMS,AVALO A",Powledge,1/1/9999,AGG ROBBERY,8/28/1998,8/17/1997,Life
4238266,2305573,"FUENTES,JOSE",C.T. Terrell,12/29/2033,AGG SEX ASLT-CHILD,1/29/2020,1/10/2018,15
4239397,2574651,"FRANKS,JOHNNY LEE",Garza West,4/24/2027,UNL CARRY WPN W/FEL CONV,8/6/2025,3/3/2025,5
4240431,1729939,"GONZALES,VALENTINE",Clements,9/20/2030,AGG ROBBERY HAB,7/19/2011,7/17/2010,20
4242085,2605374,"MITCHELL,HERMAN MASTON",Glossbrenner,10/1/2026,DWI,11/27/2018,11/6/2017,15
4242172,1856782,"OLVEDA,STEVEN",Garza East,2/11/2031,AGG ASLT DWPN/SBI,4/29/2013,2/11/2011,20
4244471,827819,"CORONADO,MICHAEL",Connally,1/1/9999,MURDER,4/16/1998,1/26/1997,Life
4245219,2449609,"SANCHEZ,JUAN",Lewis,1/1/5555,CONT SEX ABUSE - CHILD,5/12/2023,5/1/2010,LWOP
4245271,2603731,"GILLUM,MICHAEL CLARENCE",Dominguez,7/15/2026,THEFT PROP <2500 2/MORE,2/10/2026,9/18/2025,1
4246569,2330354,"CALVILLO,MARK ANTHONY J",Willacy County,10/20/2030,DWI,11/23/2020,9/12/2020,25
4248066,2602831,"PERALES,GILBERT",Cotulla,12/21/2027,FAIL COMP SEX OFF DUTY REG LI/AN,2/4/2026,3/2/2021,2
4249491,1681289,"HENDRICKS,EDWARD",Connally,4/16/2108,AGG ROBBERY,9/16/2010,4/16/2009,99
4249518,2413531,"PANTOJA,JIMMY",Dominguez,6/1/2026,AGG ASLT DW,9/19/2022,6/7/2022,5
4252142,1772674,"FORD,JON THOMAS",Hughes,2/22/2052,MURDER,2/24/2012,1/1/2009,40
4255306,1458316,"BROOKS,CARL L",Connally,1/1/9999,CAPITAL MURDER,6/8/2007,10/26/1995,Capital Life
4255332,576196,"ARRELLANO,RUBEN MIMIN",Memorial,1/15/2050,BURG HABIT,1/17/1991,11/22/1989,99
4255402,2524905,"PERCO,JOHN C",Stevenson,10/7/2027,REPEATED VIOL CT ORD BOND/COND,8/27/2024,5/20/2021,8
4256265,1986512,"RAMIREZ,DANIEL",W. Scott,2/4/2042,AGG ROBBERY,2/27/2015,2/4/2014,28
4256607,2535871,"GUTIERREZ,RENE",Ney,9/16/2038,AGG SEXUAL ASLT CHILD,12/9/2024,1/1/2010,15
4256824,2574643,"WILLIAMS,JEFFERY DON",East Texas Treatment Facility,6/1/2026,ASLT FAM 2ND/OFFENSE,5/2/2018,11/24/2017,10
4260555,625717,"UVALLE,ROGER",Hughes,5/19/2031,AGG ROB W/DEADLY WPN,8/10/1992,2/4/1991,40
4262709,2495253,"MARTINEZ,DANIEL",Stevenson,9/29/2053,MURDER,3/18/2024,5/6/2023,30
4265498,1113140,"MORENO,VICTOR CRAIG",Garza East,2/1/2027,ROBBERY,5/3/2002,4/1/2001,20
4270035,2526458,"ESTRADA,SAMMY BELTRAN",Dominguez,8/23/2028,POSS CS PG1 4-200G,10/3/2024,7/3/2022,4
4270851,2152875,"MONTEJANO,VICTOR",Boyd,4/6/2027,AGG SEXUAL ASLT-CHILD,8/9/2017,1/1/2015,10
4271558,1004440,"DIAZ,GERRARDO",Allred,1/1/9999,AGG ASLT W/DDLY WPN,8/9/2000,8/19/1999,Life
4274727,1072758,"PEREZ,JOE MICHAEL",Duncan,5/31/2039,INTOXICATION MANSLAUGHTER,7/30/2001,6/30/2000,20
4275112,2404125,"GUZMAN,GENARO EFREN",McConnell,5/20/2027,POSS WID CONT SUB PG1 4-200G,7/21/2022,2/10/2021,15
4275296,1312377,"MCGREW,MACE",Robertson,1/1/9999,MURDER,3/4/2005,12/24/2001,Life
4276176,2601687,"BRIENO,DAVID",LeBlanc,8/23/2026,ARSON,4/25/2025,8/23/2024,2
4279435,1595787,"JOHNSON,MARK WILLIAM",Allred,7/12/2083,AGG ROBBERY RPT,8/27/2009,3/26/2008,75
4281581,2609332,"PAYTON,JOHN W",Garza West,5/7/2033,"THEFT PROP $2,500 2/MORE PREV",3/9/2026,1/3/2025,8
4283711,2550464,"RODRIGUEZ,RAMON JR",Garza East,7/22/2032,SEXUAL ASLT CHILD,3/12/2025,4/28/2024,8
4283854,2375455,"SANCHEZ,FELIX",C.T. Terrell,6/21/2050,MURDER,12/15/2021,6/13/2020,30
4284230,1730379,"LOPEZ,GEORGE",Wynne,8/1/2026,AGG ROBBERY,7/25/2011,5/18/2011,20
4284293,2452375,"LUNA,PAUL ANTHONY",Boyd,9/18/2047,AGG ROBB-REPEAT,5/31/2023,10/13/2021,25
4285921,2593445,"VALDEZ,ANGEL",Dominguez,11/14/2027,POSS CS PG1/1-B 1G RP,12/8/2025,1/30/2025,2
4287100,2577681,"CLARK,FREDERICK DEWAYNE",Estelle,6/1/2026,POSS CS PG1 1-4G,6/22/2021,1/13/2020,4
4287654,1048615,"PATRICK,JOHN DAVID",Smith,6/13/2030,ATT CAP MURDER,5/14/2001,6/13/2000,30
4287949,2415585,"GARCIA,REUBEN S",Beto,6/1/2026,ONLINE SOL MINOR MEET W/INT SE,10/3/2022,6/1/2021,8
4290128,2547038,"CHAVARRIA,JOE ANTHONY",Connally,1/1/2027,POSS CONT SUB 1-4G,2/19/2025,3/20/2023,5
4291975,2568996,"DOMINGUEZ,PAUL ANTHONY",Ney,2/9/2033,AGG ASLT W/DWPN,6/23/2025,2/9/2025,8
4292642,2613034,"PARRA,JOSE LUIS",Garza West,12/31/2030,POSS CS PG 1/1-B 4-200G,4/2/2026,4/3/2024,5
4294460,1517504,"DIAZ,GUILLERMO",Dalby,1/26/2038,AGG SEX ASLT CHILD,7/10/2008,5/22/2006,30
4296261,2543078,"DOMINGUEZ,JOHN A",Garza East,9/12/2032,INDECENCY W/CHILD - CNTCT,7/27/2023,1/15/2019,10
4297115,2582505,"JIMENEZ,GILBERT C",Garza East,6/16/2035,DWI,9/17/2025,6/16/2025,10
4298114,1116054,"ACEBEDO,JUAN",Coffield,9/9/2029,ROBBERY,6/11/2002,11/10/2001,25
4299787,1505142,"DALE,LAWRENCE",Clements,9/10/2055,AGG KIDNAPPING,5/19/2008,9/10/2005,50
4300671,2002494,"GARCIA,MARK ANTHONY",Allred,6/22/2032,AGG ROBBERY,5/20/2015,6/15/2014,18
4300687,2194525,"ESCOBEDO,BENJAMIN",Stiles,10/12/2066,CONT SEX ABUSE CHILD,3/23/2018,4/15/2014,50
4302815,1722719,"GONZALEZ,EDUARDO",Ferguson,5/11/2029,BURG HABIT FORCE RPT,6/15/2011,5/12/2011,18
4305101,2290762,"GONZALES,DAVID",Clements,4/28/2027,ROBBERY,10/18/2019,4/28/2019,8
4307067,2394861,"RIVERA,JUAN ANTONIO",Memorial,1/5/2060,AGG ASLT W/DW,5/3/2022,8/17/2019,40
4308120,2531714,"MURILLO,HECTOR M",Segovia,7/4/2026,UNL CARRY WPN W/FEL CONV,11/6/2024,5/10/2024,5
4312154,1632858,"KING,JACK LEE",Memorial,2/18/2068,MURDER-NONFAMILY,11/4/2009,7/3/1993,60
4315779,2398204,"RIOS,EDDIE D",Clemens,2/20/2032,ASLT FAM CHOKING/STRANG,5/24/2022,5/19/2020,25
4316203,2241239,"VILLARREAL,LEE",Stevenson,5/9/2028,EVADING ARREST/DETN W/VE,1/7/2019,1/28/2018,7
4316263,2609577,"LOPEZ,OSCAR Z",Dominguez,7/1/2026,DWI 3RD,5/3/2023,1/12/2022,2
4320600,2262340,"CABALLERO,ANTONIO MIGUEL",Ramsey,5/13/2035,DWI,5/3/2019,12/9/2016,40
4321283,1875635,"MORALES,RICHAD M",Coffield,2/23/2033,BURG HABIT-FORCE (REPEAT),8/5/2013,8/14/2012,20
4322736,2044506,"TRAN,BILLY MINH",Connally,1/1/9999,MURDER,1/14/2016,12/5/2012,Life
4325858,1904826,"JACKSON,TERRY",Lewis,1/1/9999,MURDER,12/17/2013,9/15/2012,Life
4327490,1560882,"MENDEZ,JESSE",Huntsville,11/29/2061,ROBBERY (REPEATER),9/5/2008,10/31/2005,55
4327519,2397189,"GARCIA,JOSE AUGUSTINE",Powledge,9/7/2027,AGG ASLT W/DDLY WPN,6/3/2022,9/7/2021,6
4327706,2471078,"SCOTT,RUBY LENA M",Hobby,3/28/2030,AGG ASLT W/DWPN,10/24/2023,3/29/2023,7
4331007,636939,"SOTO,JOE",Garza East,7/11/2030,MURDER W/DEADLY WPN,1/12/1993,10/18/1991,35
4331018,830764,"SUTHERLAND,BILLY BOB",Pack,1/1/9999,MURDER,4/6/1998,7/16/1990,Life
4331202,2585443,"MUNOZ,FREDDY",Segovia,1/1/2027,THEFT PROP L/2500 2MORE PRE CONV,10/23/2025,3/15/2025,4
4332945,2063881,"DUNCAN,JOHN BRENNON",Memorial,4/29/2105,AGG ASLT W/DWPN,4/19/2016,4/30/2015,90
4334360,2446496,"MOSMEYER,VICTOR WADE",C.T. Terrell,3/15/2027,FAIL STOP RENDER AID DEATH,4/21/2023,6/6/2021,10
4336455,2559590,"PAEZ,JESSE G",Dominguez,7/2/2026,MAN/DEL CS PG1 4-200G,5/13/2025,8/26/2024,5
4337069,1566500,"ANTHONY,JAMES ARTHUR",Dalhart,11/3/2046,AGG SEX ASLT CHILD REPEAT,4/1/2009,10/18/2006,40
4338170,2532657,"CARTER,JERRY L",Stevenson,5/3/2028,DWI 3RD OR MORE REPEATER,12/4/2024,9/17/2022,10
4338569,1742428,"OJEDA,REFUGIO",Ramsey,11/28/2036,INDEC W/CHILD-CONTACT,9/19/2011,11/29/2009,27
4340727,1641362,"SELESTINO,JESSE JR",Garza West,7/27/2027,POSS CONT SUB PG1 4-200G,4/14/2010,1/17/2007,18
4341575,2521015,"REYES,JOSEPH GARCIA",Middleton,1/20/2029,AGG ASLT W/DWPN,8/28/2024,1/4/2024,5
4344070,2611817,"ROJAS,EARNEST RAYMOND",Garza West,2/3/2028,DWI 3RD,2/12/2024,9/9/2022,2
4346374,2604007,"BRISENO,RONALD TIETZ",Stevenson,5/29/2028,TAMP W/ELEC MONIT DEVICE,2/11/2026,8/17/2025,6
4348194,2575795,"PILAND,JASON CHARLES",East Texas Treatment Facility,6/1/2026,POSS WID CONT SUBS PG1 1-4G,2/10/2015,8/11/2013,14
4348195,1889373,"DOMINGUEZ,JOHN CHRISTOPHER",Coffield,1/25/2073,AGG KIDNAPPING,10/10/2013,1/20/2013,60
4348212,2602843,"ZEPEDA,JUAN P",Garza West,12/19/2039,COLLISION INV SBI,1/26/2026,11/21/2024,15
4350584,2479855,"WILLIAMS,JOSEPH ANDREW",LeBlanc,8/22/2028,POSS WI DEL CS PG1 4G-200G,12/4/2023,10/10/2022,5
4356405,1330641,"ROCHA,ANTHONY",Allred,1/1/9999,AGG SEXUAL ASLT,9/9/2005,8/8/2003,Life
4358476,1990309,"REYES,VICTOR",Lopez,6/16/2030,POSS MARIJ 4OZ-5LBS,3/30/2015,5/4/2013,15
4358496,2492409,"ARREDONDO,ANTHONY",Segovia,11/13/2027,POSS CS PG1 4G-200G REPEAT,10/23/2023,8/9/2022,10
4358511,2576047,"RAMON,MARIO ANTONIO",Lopez,3/2/2027,POSS CS PG1 4-200G,3/23/2022,4/23/2020,6
4359025,1484468,"RAMIREZ,MARTIN ANTHONY",Clements,8/3/2041,AGG SEX ASLT-CHILD,1/14/2008,5/15/2006,35
4361521,765632,"SANCHEZ,VICTOR LEBORIO",Memorial,3/10/2031,AGG ROBBERY,9/3/1996,12/2/1995,32
4361741,2326289,"CASTRO,ARMANDO",Gurney,8/3/2032,ROBBERY,9/30/2020,9/17/2018,12
4362491,2574742,"SANCHEZ,MICHAEL",Lewis,12/5/2054,INDECENCY W/CHILD SEX CONTACT,8/11/2025,9/1/2017,30
4362653,1875611,"CAMPOS,ROGER",Jordan,5/13/2033,INJURY TO ELDERLY-SBI,8/5/2013,5/13/2013,20
4362697,579591,"GONZALES,ISRAEL",Gurney,9/5/2028,BURG OF HABITAT,2/28/1991,6/20/1990,30
4362720,1399709,"FELAN,MARTIN",Willacy County,12/16/2027,AGG SEX ASLT-CHILD,10/9/2006,6/21/2002,20
4365491,1435234,"PANSZA,ANTHONY",Coffield,9/11/2053,MURDER,6/10/2014,1/13/2005,40
4366005,2580787,"LEHMAN,LEE ANN",Coleman Work Facility,7/20/2028,POSS CS PG1 4G-200G,5/17/2022,9/23/2021,7
4368654,2572378,"SOLIS,ROGER DE LA CRUZ",C.T. Terrell,2/20/2027,CRIM MISHCHIEF IM/I PUB SER $30K,7/14/2025,2/20/2025,2
4368967,2582514,"ORTIZ,RENEE LOEVA",Willacy County,3/2/2027,HARASS PUBLIC SERV,9/23/2025,12/28/2022,8
4369867,2473604,"MARTINEZ,MICHELE",Murray,3/26/2033,ARSON HABIT/PLACE AS,11/6/2023,3/27/2023,10
4372275,2458697,"ESQUIVEL,EPIFANIO",Ellis,7/4/2026,THEFT $2500-30K,8/1/2019,9/9/2017,4
4376800,2502710,"TAVERA,ERNESTO MANUEL",Briscoe,1/30/2042,MURDER,4/11/2024,1/30/2022,20
4379069,2398199,"ORTIZ,RUBEN A",Dominguez,4/12/2036,AGG ASLT W/DWPN & SBI FAM/DATE,6/13/2022,11/10/2019,15
4379071,1784400,"VILLEGAS,FELIX",Torres,11/18/2026,BURG HABIT-FORCE,5/1/2012,8/25/2010,20
4382332,2159079,"OWENS,DARRELL HOWARD",Lopez,2/2/2030,POSS CONT/SUB 4-200G,9/26/2017,5/12/2017,15
4385439,1334519,"PRICE,MICHAEL BRACKEN",Michael,2/21/2044,MURDER,11/30/2004,11/11/2003,40
4385936,750436,"PENA,SANTIAGO",Willacy County,6/19/2044,AGG SEX ASLT CHILD,4/16/1996,4/14/1990,40
4387280,2510915,"KIRKWOOD,LESLIE",Hamilton,8/11/2026,DWI 3D/MORE,6/24/2024,12/8/2022,5
4389172,1468862,"BROWN,KEENAN VAUGHN",Jordan,8/11/2041,MURDER,10/26/2007,8/12/2006,35
4392881,2550193,"VITAL-JUAREZ,JUAN JESUS",Segovia,3/30/2027,DWI,2/27/2025,8/30/2024,5
4394361,2527599,"FAZ,ROLAND",Lopez,8/28/2036,POSS CS PG1/1-B 4-200G,10/7/2024,12/7/2023,12
4397078,2609551,"TRUJILLO,FRANCISCO",East Texas Treatment Facility,10/23/2026,DWI 3D/M,12/5/2019,9/27/2018,10
4398088,2415633,"VALDEZ,GEORGE",Stevenson,10/29/2027,BURG HABIT - FORCE,9/30/2022,5/27/2022,13
4399773,2555057,"HOLIDAY,WILLIAM",Lopez,10/4/2028,FLS STMNT PROP/CRDT $30-$150K,4/2/2025,7/11/2024,10
4405458,615035,"MITCHELL,STACY DAMOND",Estelle,4/28/2090,AGG ASLT PO,4/14/1992,10/19/1990,89
4408759,2103828,"FLORES,JOEL",Estelle,7/15/2034,AGG SEXUAL ASLT CHILD,12/1/2016,9/1/2012,20
4411712,2255147,"BOSQUEZ,JESUS GARCIA",Clemens,8/1/2026,DWI,3/27/2019,5/20/2018,12
4413653,2532163,"CARPENTER,JOE",Lopez,6/27/2029,TAMP W/ELECTR MONTR DEV,11/21/2024,6/24/2024,5
4413832,2065125,"KOU,STEVE",Wainwright,4/3/2076,CONT SEX ABUSE-CHILD,5/2/2016,6/1/2011,60
4413964,2614650,"ALVARADO,BELINDA",Plane,12/7/2030,BURG OF HABIT,3/26/2026,10/17/2024,5
4415412,2157596,"RODRIGUEZ,ALEXANDER O",Dominguez,12/9/2029,POSS W/INT DEL CONT/SUB 4-200G,9/15/2017,5/22/2017,8
4415716,2514739,"COLUNGA,JIMMY EDWARD",McConnell,12/4/2031,INDEC CHILD CONTACT,7/15/2024,12/19/2019,8
4419003,2351940,"RIOS,ESEQUIEL",Beto,6/1/2026,INDECENCY W-CHILD-CONTACT,6/3/2021,1/11/2020,6
4419268,2608289,"QUIROGA,ARTHUR",Garza West,10/23/2035,SEX ASLT CHILD,2/10/2026,3/9/2021,10
4419494,802252,"HERNANDEZ,ALFRED",Duncan,12/5/2043,AGG ROBBERY,6/6/1997,9/16/1996,45
4419616,2287177,"SAMANIEGO,GARY DUANE",Garza West,1/12/2027,FELON POSS FIREARM,9/30/2019,2/10/2019,7
4422086,2489693,"RAY,TINY MAE",Crain,5/4/2035,AGG ROBBERY,2/29/2024,4/25/2023,12
4425135,2427098,"MILLER,DENISE",Plane,8/1/2026,FAIL STOP RENDER AID,12/6/2022,8/5/2020,7
4429573,2377377,"SOLORZANO,ANTHONY WAYNE",Goree,7/15/2026,AGG SEX ASLT CHILD,1/4/2022,2/12/2019,10
4430398,2555058,"HUERTA,JUAN SANTOS",Garza East,9/28/2051,INJURY TO ELD SBI OMI,7/12/2024,9/4/2021,30
4435002,690922,"MARTINEZ,JOSE LUIS",Allred,1/1/9999,MURDER,10/21/1994,8/7/1993,Life
4435298,1907707,"BRIDGEWATER,RONALD JEFFERY",Estelle,10/28/2037,BURG HABIT-FORCE,1/21/2014,11/2/2012,20
4439663,1860948,"BARRERA,ROBERT ANTHONY",Robertson,9/6/2042,AGG ASLT W/DWPN,5/15/2013,9/6/2012,25
4442260,1473592,"CHAVEZ,MIGUEL",McConnell,4/7/2066,MURDER,11/16/2007,8/28/2004,60
4443018,2586954,"SEGOVIA,HENRY",Lopez,10/9/2027,OBSTRUCTION/RETALIATION,10/23/2025,3/8/2025,2
4443116,2609316,"AUTRY,LARRY DONNELL",Garza West,3/13/2034,OBSTRUCTION OR RETALIATION,3/16/2026,1/20/2023,8
4445045,767541,"ROBERSON,KEVIN LAMAR",Clements,1/1/9999,MURDER,7/1/1996,3/27/1995,Life
4448059,2235273,"SANDERS,DANIEL RAY",Michael,6/12/2048,AGG SEX ASLT CHILD,11/27/2018,6/12/2018,30
4451143,1835370,"RODRIGUEZ,JUAN",Jester III,5/1/2042,AGG SEX ASLT CHILD,1/14/2013,12/15/2008,30
4451615,2585452,"PERONE,MICHAEL ANTHONY",Dominguez,11/1/2026,"""Z""POSS CS PG1 4-200G",10/23/2025,1/16/2024,3
4452807,619286,"ROSE,TIMO",McConnell,1/1/9999,ATT CAP MURDER,5/22/1992,8/8/1991,Life
4453775,593887,"WILLIAMS,OSCAR",Allred,9/14/2055,AGG SEX ASLT,8/13/1991,8/18/1990,55
4453892,2045848,"GARZA,GUMARO H",Segovia,3/18/2027,AGG ASLT-SBI,1/19/2016,7/26/2014,2
4453893,2430593,"ORTEGA,FRANK RODRIGUEZ",Cotulla,8/31/2030,FELON POSS FIREARM,1/17/2023,5/22/2020,8
4454446,2092134,"DIETERMAN,GARY L",Young,6/1/2026,AGG SEX ASLT CHILD,7/12/2012,8/28/2006,15
4454485,1984803,"ALVARADO,RENE AGUILAR",Luther,2/21/2030,CONTINUOUS SEX ABUSE/CHILD,2/25/2015,10/1/2007,15
4455987,2580277,"MARTINEZ,ISMAEL",Estelle,7/24/2026,POSS CS PG 1/1-B<1G,,1/3/2024,5
4456002,688064,"FRITZ,JOSEPH L",Hughes,1/1/9999,CAP MURDER-NONFAMILY-GUN,12/11/1997,7/26/1993,Capital Life
4456093,2585448,"ORTIZ,JOE ALEX JR",Dominguez,6/1/2026,POSS CS PG 1/1-B 1-4G,10/21/2025,6/1/2025,2
4464795,1495334,"LEARY,FRANCIS J",Dalby,10/19/2046,AGG ROBBERY (HABITUAL),2/26/2008,9/17/2005,40
4465902,2611824,"TIJERINA,SANTIAGO JR",Garza West,6/13/2027,POSS CS PG1/1-B 1G REPEAT,3/27/2026,12/22/2025,3
4466922,707368,"RAMON,JOE",Pack,1/1/9999,BURG HABITAT,4/7/1995,3/4/1991,Life
4467003,603631,"MASSEY,DAVID BRUCE",Michael,2/28/2090,INJURY-CHILD W/DEADLY WPN,10/30/1991,10/7/1990,99
4471067,2535866,"FOSTER,PATRICK",C.T. Terrell,3/26/2034,POSS CONT SUB 1-4G,4/25/2024,6/18/2023,10
4475200,2615210,"HARPER,JAMES EDDIE JR",Garza West,5/5/2028,AGG ASLT W/DEADLY WPN,4/15/2026,11/7/2021,3
4475631,2602834,"RICE,JAMES MINARD",Segovia,3/2/2027,ROBBERY,2/9/2026,10/9/2025,2
4476418,2404143,"VEGA,JOHNNY JOE",Gist,7/10/2026,AGG ASLT DWPN,7/15/2022,3/4/2021,5
4478033,1250683,"OBREGON,DONNA MICHELLE",Coleman Work Facility,3/22/2028,MURDER,7/26/2004,3/21/2003,25
4479038,2567045,"GONZALES,JESSE",Lopez,2/1/2027,POSS CS PG1/1-B 1-4G,6/18/2025,10/10/2023,6
4479046,2590111,"MARTINEZ,RALPH S JR",Ellis,7/1/2026,POSS CS PG 1/1-B 1G-4G,11/13/2025,8/4/2025,2
4479823,2225136,"CHAVEZ-AGUILAR,HENRIETTA",Plane,5/22/2035,AGG ROBBERY,10/8/2018,8/6/2015,17
4481238,1753774,"SANCHEZ,DANIEL",McConnell,8/31/2031,ASLT FAM 2ND OFFENSE,11/15/2011,4/4/2010,15
4482818,2573531,"SANCHEZ,JOSE LUIS",Garza East,1/25/2030,DWI 3RD MORE,7/15/2025,1/25/2025,5
4483020,2531986,"VELA,SALVADOR STEVE",Segovia,6/1/2026,POSS CS PG1/1-B 4-200G,11/15/2024,2/27/2024,6
4488407,2461921,"OLVEDA,MICHAEL",Ellis,6/10/2035,AGG ROBBERY,8/9/2023,6/10/2023,12
4490607,2387502,"GUZMAN,ANDREW",C.T. Terrell,3/2/2036,AGG SEX ASLT-CHILD,3/14/2022,4/3/2019,15
4491689,2574649,"CANTU,FELIX ENRIQUE",Willacy County,7/26/2027,THEFT PROP $2500 2/MORE PRE CON,8/4/2025,2/28/2025,2
4492156,612885,"PALACIOS,LUIS CARLOS",McConnell,4/24/2046,MURDER,3/5/1992,4/24/1991,55
4492940,2615212,"HERNANDEZ,BLAS JR",Garza West,12/25/2027,POSS CS PG1/1-B 1-4G,4/21/2026,12/25/2025,2
4493442,1690747,"LEDESMA,ELPIDIO",Hughes,4/21/2049,MURDER,1/7/2011,4/17/2009,40
4494544,2604026,"PENA,JUAN ROBERTO",Garza East,7/16/2030,DWI 3RD OR MORE,2/11/2026,2/14/2025,5
4496148,1519808,"ROBLEDO,ROBERT",Hughes,4/26/2043,AGG SEX ASLT (REPEATER),7/24/2008,2/1/2006,35
4496596,2390526,"NORIEGA,FRANK",Stevenson,10/19/2036,SEX ASLT,4/4/2022,5/1/2021,15
4497136,2179327,"SANCHEZ,QUENTIN",Hospital Galveston,10/22/2047,AGG SEX ASLT CHILD,1/23/2018,6/25/2015,30
4497160,2459756,"BOGLIN,BRUCE M",Briscoe,6/24/2032,AGG SEXUAL ASLT-CHILD,7/25/2023,1/1/1990,10
4497376,2558544,"PARRA,FELIX",Segovia,3/6/2028,ASLT FAM/HSEHOLD MEM PREV CONV,4/10/2025,3/27/2021,3
4501760,2571545,"SNAPP,PHILIP JOSEPH",Garza West,12/18/2027,ONL SOL MINOR,7/17/2025,12/1/2023,3
4503191,1953713,"MYERS,ROBERT LYN",Wainwright,4/1/2046,MURDER,9/11/2014,1/12/2013,33
4504731,2490110,"BOTELLO,ENCARNACION JR",Cotulla,2/6/2034,AGG ASLT WDW&SBI-FAM/DAT,2/9/2024,12/3/2021,10
4509116,2349059,"CAMACHO,RUBEN G",Wainwright,5/1/2027,FELON POSS FIREARM,4/29/2021,1/3/2020,10
4509348,2543492,"CARLOS,BALTIMORE",Stevenson,6/25/2039,SEXUAL ASSLT CHILD,2/3/2025,10/15/2021,15
4509518,1736781,"PALACIOS,DARIO SAMUEL",Wallace,11/19/2035,AGG SEX ASLT CHILD,8/17/2011,11/8/2010,25
4510017,2502134,"PEREZ,EVONNE MONICA",Murray,9/29/2040,INJ TO CHILD SBI/OMISSION,5/8/2024,9/30/2022,18
4510135,837354,"DEROVEN,DETRICK",Wynne,1/1/9999,CAPITAL MURDER,11/20/1997,4/17/1995,Capital Life
4510807,2376578,"BARRON,MARTIN",Luther,6/24/2026,AGG SEXUAL ASLT CHILD,12/13/2021,9/1/2014,7
4510818,1952432,"KRUEGER,WAYNE F",Briscoe,5/17/2027,INJURY TO ELDERLY BI,8/13/2014,12/5/2012,13
4511029,2473758,"RODRIGUEZ,RICHARD",Travis County,1/1/2027,ALTER/DESTR/CONCEAL HUMAN CORPSE,10/17/2023,6/13/2019,15
4513850,1932736,"NELSEN,KENNETH",Dalhart,12/1/2035,MURDER,5/22/2014,5/20/2010,25
4514895,1449502,"ESCOBEDO,JUAN",Garza West,6/15/2031,FAIL STOP/RENDER AID,7/9/2007,2/28/2005,35
4515836,2522428,"MARTINEZ,DANIEL",Dominguez,1/31/2029,VIOL SEX OFF REG-ANNUAL,9/4/2024,7/6/2023,5
4515900,1709174,"GARZA,IRENE R",Crain,4/21/2029,ARSON-HABIT/PLACE OF AS-RPT,4/1/2011,8/27/2010,15
4516434,2421404,"CONTRERAS,ROBERT JR",Dominguez,9/1/2026,DWI 3D/M REPEATER,11/4/2022,5/7/2022,6
4516647,2578146,"GONZALES,STEVE",East Texas Treatment Facility,6/1/2026,MURDER,8/18/1994,2/20/1993,40
4518738,1377756,"BRACAMONTES,TERESA",Crain,8/25/2039,MURDER,6/8/2006,5/26/2004,35
4518943,2408335,"SALAZAR,ROBERT ANDREW",Stevenson,8/26/2034,POSS CONT SUB PG1 1-4G,8/16/2022,11/7/2021,12
4521048,1658829,"VALDIVIA,MANUAL",Hughes,1/1/9999,AGG SEX ASLT-CHILD,7/20/2010,3/14/2006,Life
4522103,1731754,"WEBB,JEFFREY",Garza East,11/28/2029,MURDER/REPEATER,7/25/2011,11/21/2009,20
4522249,2151663,"HERRERA,FRANCISCO R",Clements,4/16/2032,AGG ASLT DW SBI,8/4/2017,4/16/2016,16
4523504,2590124,"TAYLOR,DEWEY LEE",Segovia,3/25/2027,CONT VIOL AGAINST THE FAM,7/15/2025,3/25/2025,2
4523838,2606786,"HERNANDEZ,ALAN JAY",Segovia,12/13/2027,DWI 3RD MORE,3/2/2026,1/21/2026,4
4525407,2590096,"BENAVIDES,DANIEL",Holliday,10/10/2027,THEFT PROP $2500 2M PRE,2/18/2025,12/8/2022,2
4525575,2537105,"URBANO,CARLO FERNANDO",Bartlett,10/14/2032,DWI 3RD/MORE,1/6/2025,10/17/2023,8
4526337,2442054,"NEWMAN,DAVID MATTHEW",Ney,6/1/2026,POSS CHILD PORNOGRAPHY,2/1/2022,9/2/2020,8
4526356,2531731,"SESSION,JAMES RICHARD",Garza West,4/9/2034,DWI 3RD/MORE,10/30/2024,3/27/2024,10
4527935,703437,"HOLT,DANNY",Clements,1/1/9999,AGG ROBBERY W/DDLY WPN,11/10/1994,12/16/1993,Life
4528444,2501425,"NICHOLS,KEVIN WAYNE",Dominguez,5/16/2028,AGG ASLT W/DEADLY WPN,4/17/2024,1/12/2022,5
4528793,2537103,"ALVAREZ,REFUGIO J",San Saba,6/20/2027,POSS CS PG1/1B L/1G DFZ 481.115,12/3/2024,6/20/2024,3
4529637,1623576,"GONZALES,GABRIEL",Hughes,1/1/9999,CAPITAL MURDER NONFAMILY,2/1/2010,7/20/1994,Capital Life
4534968,2498150,"ROCHA,JOSE B",McConnell,1/1/9999,MURDER,3/27/2024,3/28/2015,Life
4535140,750416,"ARMSTRONG,JONATHAN E",Robertson,1/1/9999,CAP MURDER,3/5/1996,5/8/1994,Capital Life
4536264,2155449,"PORTER,WILLIAM BOYD",Stevenson,8/26/2032,MURDER-SUDDEN PASSION,9/6/2017,12/25/2015,15
4540443,1669184,"CRUZ,ADOLFO JR",Dalhart,6/25/2050,AGG SEX ASSLT-CHILD,9/7/2010,11/18/2004,40
4541222,2585192,"MARTINEZ,JESUS",Garza West,7/15/2029,SEXUAL ASLT CHILD,10/10/2025,10/27/2020,5
4543109,1363362,"LYSSY,CHRISTOPHER CHARLES",Hutchins,9/1/2026,AGG ROBBERY,4/4/2006,5/22/2005,25
4544293,2576959,"MORALES,CARLOS",Estelle,6/1/2026,BURG HABIT FORCE,7/2/2009,5/29/2009,20
4547468,2052220,"HERNANDEZ,ARTURO",Estelle,11/5/2032,AGG ROBBERY,5/15/2015,7/9/2014,18
4549174,1656173,"HOLMES,FOREST LEE",Stiles,7/5/2108,MURDER,7/6/2010,9/5/2006,99
4552542,2572365,"FERGUSON,CHARLES DANIEL JR",Dominguez,9/1/2026,POSS CS PG1 4-200G,9/19/2019,3/18/2017,2
4554847,1210448,"PENA,BENRICK",Estelle,1/13/2102,AGG ASLT PUB SERV,8/20/2003,1/14/2003,99
4556380,1334501,"DOTSON,CLEMENT",Stevenson,9/21/2028,AGG SEX ASLT CHILD,10/17/2005,9/14/2004,20
4560655,2262010,"DELGADO,ANDRES",Stringfellow,4/29/2031,MANSLAUGHTER,5/3/2019,3/14/2018,12
4561295,2372488,"FUENTES,RODOLFO EUGENE",Dominguez,6/1/2026,FELON POSS FIREARM,11/16/2021,12/13/2020,5
4561458,2263131,"SALDANA,ROLANDO",Huntsville,10/28/2043,AGG SEXUAL ASLT CHILD,5/9/2019,10/28/2018,25
4563615,1214401,"JACKSON,EUGENE",Briscoe,11/4/2042,MURDER,12/16/2003,10/25/2002,40
4564155,2366972,"RODRIGUEZ,JUAN JOSE",Estelle,9/25/2027,POSS W/I DEL CONT SUB PG1 4-200G,9/30/2021,7/15/2020,6
4564658,707367,"SILVA,ROBERT ANTHONY",Ramsey,1/1/9999,CONSP T/COMM CAPITAL MURDER,4/13/1995,7/8/1992,Life
4564661,626347,"WATSON,LENOX BOONE",McConnell,1/1/9999,CAP MURDER,10/6/1992,9/24/1991,Capital Life
4566867,661278,"FLORES,ROBERT L",Wainwright,1/1/9999,CAPIT MURDER-NON FAMILY,2/8/1994,4/13/1992,Capital Life
4568900,2579972,"TREVINO,LEE MARQUEZ",Dominguez,9/1/2026,DWI 3RD MORE,12/18/2024,1/26/2024,4
4569202,2402143,"MARTINEZ,JAMES",Pack,6/1/2026,AGG ASLT W/DW,7/12/2022,10/17/2021,4
4570759,2596683,"SULLIVAN,RASHAN",Lopez,12/1/2026,RETALIATION,12/18/2025,1/14/2018,2
4570768,2548525,"DIAZ,JOSE DAVID",Memorial,11/12/2073,AGG ASLT W/DWPN,2/20/2025,11/13/2023,50
4571525,700101,"FRIESEL,THOMAS JR",Connally,1/1/9999,CAPITAL MURDER,2/15/1995,4/26/1992,Capital Life
4571838,2222792,"VALLEJO,ROMEO JAVIER",Lynaugh,4/14/2030,POSS W/I DEL CONT SUB 1-4G,9/19/2018,4/14/2018,12
4572574,1004437,"CASAREZ,CELESTINO",Goree,10/26/2026,AGG ROBBERY,8/14/2000,10/30/1999,22
4573552,2383076,"GUERRA,FAUSTINO",Segovia,11/29/2027,ASLT FAMILY 2ND,2/22/2022,6/20/2021,6
4573812,2478888,"FORD,RICHARD M",Hightower,5/5/2042,BURG HAB-INTENT COMMIT FEL,11/27/2023,5/5/2022,20
4577894,2438471,"MALDONADO,ALBERT",Fort Stockton,1/16/2037,AGG SEX ASLT CHILD,3/3/2023,1/1/2018,15
4577916,2531740,"VASQUEZ,STEVEN ANTHONY",Garza West,1/29/2028,AGG ASLT W/DDLY WPN,11/8/2024,2/26/2021,4
4578695,1349989,"BROWN,KENNETH",San Saba,8/4/2029,BURG HABIT-INTENT COMMIT ASLT,1/19/2006,1/14/2005,20
4578849,1517498,"CINTRON,EMILIO",Wynne,1/1/9999,AGG SEX ASLT-CHILD/REPEATER,5/27/2008,1/15/2005,Life
4581012,2585431,"LEOS,LEO ROBERT JR",Dominguez,1/27/2027,AGG ASLT W/DWPN,10/14/2025,4/16/2019,2
4581456,2563331,"ORTIZ,JUAN FRANCISO",C.T. Terrell,8/24/2030,POSS CS PG 1/1-B 400G,5/30/2025,11/22/2024,14
4581900,2558553,"VASQUEZ,DENNIS ALEJO",Segovia,4/10/2027,CONTIN VIOL AGNST FAMILY,4/15/2025,5/22/2018,3
4583463,2418074,"FISHER,TREY",Stevenson,7/29/2027,BURG HABIT,3/6/2019,12/19/2017,8
4584891,2558528,"AZUALDA,KENNETH TIMOTHY",Cotulla,11/19/2027,DWI 3RD OR MORE,4/30/2025,11/19/2024,3
4587000,2524713,"SOLOMON,DAVID",Segovia,6/1/2026,POSS CS PG 1/1-B 1G-4G,8/14/2024,4/27/2024,5
4587011,2448684,"FENNELL,TELLY ANDRE",Garza East,11/1/2026,ASLT FAM 2ND,5/10/2023,2/26/2023,4
4587309,2610528,"MARTIN,CHARLES ALLEN JR",Garza West,2/28/2044,AGG ASLT W/DWPN REPEATER,3/25/2026,2/28/2024,20
4587553,2468965,"GONZALES,RICHARD PAUL",McConnell,6/4/2028,AGG ASLT W/DEADLY WPN,9/19/2023,2/20/2023,5
4591490,2283268,"MORALES,MOISES",Estes,4/6/2050,MURDER-HABITUAL,9/16/2019,3/31/2018,32
4593839,1405623,"MARTINEZ,JIMMY DONATO",Estelle,6/1/2032,AGG ROBBERY,11/20/2006,5/7/2005,25
4594062,907796,"AUTRY,CHARLES",Ramsey,4/23/2079,AGG ROBBERY,7/30/1999,7/30/1997,80
4594078,2576399,"MARTINEZ,FRANK",East Texas Treatment Facility,6/30/2026,BURGLARY OF HABITATION,,10/21/2020,10
4594680,2411548,"SANCHEZ-MARTINEZ,ANTONIO",Lopez,2/1/2027,DWI,8/31/2022,10/1/2020,7
4598785,2535048,"TREVINO,ALEXANDER",Ellis,1/28/2036,UNL CARRY WPN W/FELONY CONV,12/11/2024,11/16/2023,12
4598996,2445305,"LARA,ENRIQUE",Clements,3/1/2052,MURDER,4/17/2023,2/28/2022,30
4599883,754787,"GARCIA,VICTOR",Garza East,11/10/2035,AGG ROBBERY W/DDLY WPN,4/22/1996,2/16/1994,30
4601883,2000860,"VERA,JIMMY",Connally,3/4/2074,AGG SEX ASLT CHILD,5/28/2015,2/8/2014,60
4602298,2288465,"GARCIA,MANUEL MICHAEL",Wainwright,1/1/5555,CAPITAL MURDER-MULTIPLE PERSON,10/10/2019,2/18/2015,LWOP
4604099,2550452,"HERNANDEZ,JOE",Lopez,3/25/2034,ASLT PEACE OFFICE/JUDGE,3/14/2025,3/25/2024,10
4604519,2407430,"ASTRAN,ALBERT JOSHUA",C.T. Terrell,7/26/2029,AGG ASLT AGAINST PUB SERV,8/9/2022,3/7/2021,7
4604642,2387225,"MOORE,LARRY LEROY",Pack,1/1/9999,CAPITAL MURDER - OTHER FELONY,3/25/2022,1/29/1987,Capital Life
4606108,1432730,"THACKER,ROGER",Byrd,5/3/2033,AGG SEXUAL ASLT-CHILD,4/9/2007,12/31/2000,25
4606497,905868,"GARCIA,ALEJANDRO",Robertson,1/1/9999,AGG SEX ASLT,6/14/2001,3/18/1999,Life
4606956,752192,"FLOWERS,DWAYNE",Telford,1/1/9999,CAP MURDER,4/18/1996,3/7/1993,Capital Life
4607193,2039278,"RHOMER,WILLIAM JOE",McConnell,9/15/2090,MURDER,12/8/2015,5/2/2012,75
4610373,2565730,"BARBOSA,ROGER W",Glossbrenner,10/8/2026,MAN DEL CONT SUB 4-200G,6/11/2025,8/17/2018,5
4610583,1872977,"GARCIA,JUAN",Cotulla,7/1/2036,FELON POSS FIREARM,7/24/2013,1/10/2012,25
4611575,798993,"RAMOS,NABOR VENITO",Hughes,1/1/9999,MURDER,7/10/1997,6/26/1993,Life
4611617,2258592,"BERNAL,AUGUSTINE",Bradshaw,5/1/2028,AGG ASLT AGAINST PUB SERV,4/16/2019,12/31/2017,10
4613801,2291846,"SALAS,CHRIS V",C.T. Terrell,10/1/2026,DWI-3RD/M,10/28/2019,6/9/2019,8
4615510,2572371,"MORENO,MARCO ANTONIO",Stevenson,3/21/2036,AGG SEX ASLT CHILD,7/15/2025,3/10/2024,12
4615693,2460788,"VARA,GAVINO",Cotulla,10/29/2046,MURDER REPEATER,8/1/2023,7/22/2019,24
4616398,2452406,"TREVINO,ALEJANDRO",Garza West,1/1/2027,POSS CS 4-200G,5/24/2023,1/8/2023,10
4619015,2574880,"SANCHEZ,RANDY",Torres,9/30/2033,AGG ASLT W/DWPN,8/8/2025,9/30/2024,9
4619611,774387,"FIELDS,GRAILAND",Goree,12/1/2026,MURDER,10/11/1996,12/12/1993,80
4620926,2101163,"MCGARITY,JODY",Allred,5/10/2031,POSS CONT SUB 4-200G,11/9/2016,9/4/2015,12
4621264,2580784,"BERMEA,KATHY LOU",Plane,6/21/2028,AGG ASLT DW,9/29/2025,6/22/2025,3
4622193,1942700,"LARA,FRANK",Clements,1/1/9999,TRAFF CHILD INT FORCED LABOR,7/11/2014,10/25/2012,Life
4622860,1411152,"ADAN,GILBERTO SERRATO",LeBlanc,7/10/2026,AGG SEX ASSAULT CHILD,12/18/2006,9/20/2006,20
4626013,1421974,"MATA,ARTURO RENE JR",Memorial,4/7/2055,MURDER,2/14/2007,3/3/2005,50
4626014,2535043,"ORTIZ,JOSE D",Cotulla,5/6/2034,UNL CARRY WPN W/FELONY CONV,11/8/2024,3/8/2024,10
4628240,2016068,"GONZALEZ,JOSE",McConnell,7/23/2044,MURDER,7/31/2015,6/30/2014,30
4628446,855693,"GARCIA,JOE ANTHONY",Ferguson,1/1/9999,MURDER,3/9/1998,10/22/1995,Life
4628682,2589281,"PEREZ,NICK ANDREW",East Texas Treatment Facility,6/18/2026,POSS CS PG1 4-200G,2/8/2023,8/14/2019,4
4629164,1556881,"HINES,DWIGHT DEWAYNE",Montford,3/26/2038,ROBBERY,2/12/2009,3/26/2008,30
4631089,2557419,"SANTOS,MARK ANTHONY",Ellis,9/29/2032,POSS CS PG1/1-B 200-400G,4/25/2025,7/19/2024,8
4631675,2418320,"GARCIA,JOE",McConnell,8/1/2026,FELON POSS FIREARM,10/14/2022,9/15/2021,8
4635529,2349073,"MADDEN,JOEL WAYNE",Hightower,11/26/2027,INDECENCY-CHILD EXPOSURE,5/14/2021,3/1/2021,10
4635853,2310345,"RODRIGUEZ,JESUS GONZALEZ",Lopez,2/15/2032,AGG ASLT W/DW,2/27/2020,4/28/2018,12
4637290,901101,"GARCIA,ANDREW",McConnell,4/19/2059,AGG SEX ASLT,11/8/1999,3/18/1999,60
4637329,803819,"SMITH,ROBERT",Ellis,5/25/2056,AGG ROBBERY W/DDLY WPN,6/17/1997,4/10/1996,60
4638068,696660,"COLONGE,JERRY",Garza East,3/31/2036,MURDER,6/20/1994,6/17/1993,40
4638953,2532653,"BALADEZ,JACOB",McConnell,6/29/2034,AGG ASLT W/DWPN,12/12/2024,6/29/2024,10
4644512,2598484,"KROOPF,DAVID GARY",McConnell,11/22/2026,POSS CS PG1/1B 4-200G,1/5/2026,1/16/2025,4
4645371,2600813,"SCROGGINS,SOLOMON LURIA",Segovia,11/16/2027,MAN/DEL CS PG1 1-4G,1/23/2026,7/25/2025,5
4646226,2389462,"CASAREZ,JOHN PAUL",McConnell,1/1/9999,AGG ROBBERY,4/13/2022,7/1/2020,Life
4646370,1531308,"ESQUIVEL,EDDIE",Stringfellow,8/28/2057,AGG SEX ASLT CHILD,9/16/2008,10/21/2006,50
4647632,935474,"TULLOS,MELISSA BESCH",Hilltop,1/1/9999,MURDER,6/19/2000,12/18/1998,Life
4651011,1077577,"LOPEZ,ARMANDO ROMO",Lewis,3/20/2046,MURDER,11/26/2001,3/20/2001,45
4651012,2007960,"RANDLE,CARL JR",McConnell,12/12/2034,AGG ROBBERY,6/10/2015,3/16/2014,20
4654979,2582171,"PALACIO,BRUNO III",Gist,11/14/2026,THEFT PROP <2500 2/M PREV CONV,9/22/2025,5/19/2025,1.5
4655598,2463783,"GARCIA,THOMAS",Boyd,8/16/2027,ASLT PREG PERSON,8/18/2023,10/22/2021,5
4661831,2507123,"GARCIA,FRANK RENE",Stevenson,4/22/2027,SEX ASLT CHILD,5/28/2024,9/24/2022,3
4661952,2605448,"JARMON,DONALD R",East Texas Treatment Facility,1/2/2027,POSS CS PG 1/1-B >=4G<200G,,8/1/2024,6
4661955,1816141,"MORENO,RAMIRO",Dalby,7/25/2091,AGG SEX ASLT-CHILD,10/4/2012,6/23/2010,40
4664646,2425565,"CHAVIRA,HECTOR",Stevenson,3/5/2028,DWI,12/5/2022,3/6/2022,6
4665601,2288468,"IRISH,RICKI LESEAN",Lewis,12/1/2026,POSS WID CONT SUB PG1 4-200G,10/11/2019,6/6/2019,8
4666144,2537045,"QUEEN,JEFFREY JAY",Telford,7/27/2030,MAN DEL CS PG1 4-200G,12/12/2024,7/27/2024,6
4666150,2599534,"HERNANDEZ,ANDRES",Jester III,8/6/2027,POSS CS PG1/1-B 1G DFZ,1/15/2026,8/6/2025,2
4667509,2582493,"AVILES,ERASTO M JR",Ellis,6/26/2027,UNL CARRY WPN W/FELONY CONV,9/22/2025,6/18/2023,5
4669968,628824,"LEDBETTER,KENRIC",Hughes,1/1/9999,CAP MURDER,10/30/1992,4/28/1992,Capital Life
4670097,2185610,"MUNOZ,JOHN A",Lychner,6/1/2026,DWI,1/28/2015,12/5/2014,8
4670250,2531678,"ALONZO,ADAM",Garza West,12/1/2026,ASLT PEACE OFFICER/JUDGE,11/6/2024,5/21/2024,4
4670412,1940933,"AGUILAR,PAUL",Pack,6/27/2063,CONT SEX ABUSE CHILD,7/1/2014,12/1/2007,50
4671334,2585205,"SOSA,ROLAND CHARLES",Stevenson,10/29/2061,MURDER,10/10/2025,10/25/2022,39
4677307,685664,"WILLIS,BRYAN KEITH",Connally,12/14/2032,MRDER,7/13/1994,5/17/1992,40
4677965,855702,"JOHNSON,ARNOLD E",Wynne,1/1/9999,AGG ROB,11/19/1998,10/26/1995,Life
4680368,2403168,"BACA,JOHN",Stevenson,7/6/2032,AGG SEX ASLT CHILD,7/15/2022,1/1/2009,10
4681889,1215464,"BURNS,JOSHUA REX",Clements,1/1/9999,CAPITAL MURDER-NON FAMILY,12/16/2003,11/13/1991,Capital Life
4682225,1542223,"ALVAREZ,JOAQUIN",Hughes,1/1/9999,AGG KIDNAPPING (HAB),4/14/2010,4/16/2006,Life
4684397,2398678,"YZAGUIRRE,JOSE ALFREDO",McConnell,2/28/2029,POSS WID CONT SUB PG1 4-200G,6/13/2022,7/25/2019,8
4688394,1058256,"MURPHY,DEREK",Connally,1/1/9999,CAPITAL MURDER-MULTIPLE PERSON,3/13/2001,4/9/1999,Capital Life
4688602,2468051,"MARTINEZ,JOSE ANGEL",Memorial,5/17/2028,UNL CARRY WEAPON W/FELON CON,9/15/2023,5/18/2023,5
4691193,2544950,"HERNANDEZ,ALBERTO NATIVIDAD",Briscoe,1/11/2028,ONLINE SOLICIT OF A MINOR,9/12/2024,9/27/2023,8
4691976,1569068,"CASIAS,JESSE S",Powledge,3/3/2042,AGG SEX ASLT CHILD,3/30/2009,10/5/2001,35
4692105,2151647,"DILLON,LAWRENCE",Torres,2/9/2033,BURG HABIT-FORCE,8/8/2017,11/24/2016,40
4692402,2556149,"HENDRICKS,ROSS",Garza East,9/19/2028,AGG ROBBERY,4/10/2025,9/20/2022,6
4692784,1870043,"SIERRA,PEDRO",Allred,12/14/2037,AGG ASLT W/DW,7/8/2013,10/16/2011,25
4693878,2478194,"LLANES,SAMUEL JR",Dalby,4/1/2027,POSS CS PG1 4-200G,11/17/2023,8/2/2020,7
4694826,786065,"GARRETT,CHRISTOPHER TODD",Jester III,1/1/9999,MURDER,4/9/1997,10/30/1994,Life
4694834,2575830,"WHELCHEL,TRAVIS EDWIN",Hamilton,7/24/2026,POSS CS PG1/1-B 4-200G,8/12/2025,10/28/2024,4
4695700,2540219,"VELASQUEZ,FELIPE JESUS",Lopez,2/7/2027,OBSTRUCTION/RETALIATION,1/22/2025,7/23/2024,6
4696249,2582516,"RAMIREZ,JOSE ANTONIO",Garza East,12/12/2027,VIOL BOND PROT ORD 2 TIME W/I 12,9/24/2025,10/26/2023,6
4698841,1772683,"MENDOZA,ERIC XAVIER",Ellis,1/1/5555,CAPITAL MURDER-MULTIPLE PERSON,2/28/2012,2/21/2009,LWOP
4699675,699109,"RODRIGUEZ,MARK ANTHONY",Telford,1/1/9999,MURDER,2/13/1995,7/14/1992,Life
4701847,2570176,"GREGORY,HOWARD",Allred,5/28/2028,POSS CONT SUB 1-4G,7/3/2025,6/3/2024,3
4703160,2579956,"ZAPATA,ELIAS",East Texas Treatment Facility,6/1/2026,POSS CS PG1 4-200G,1/23/2023,11/8/2021,5
4703551,2212497,"SALINAS,JESSE",Stiles,10/29/2048,MURDER,7/30/2018,9/16/2016,32
4705490,2540509,"MARTINEZ,CESARIO",Garza East,5/15/2030,AGG ASLT DW,12/4/2024,6/26/2021,6
4705496,2005037,"MERCADO,JOSE RAMOS",McConnell,8/31/2064,AGG ASLT/DWPN/SBI/FAM,6/3/2015,8/30/2014,50
4706065,644936,"HAMILTON,STEVEN",Wynne,1/1/9999,CAP MURDER W/DEADLY WPN,2/4/1993,2/8/1992,Capital Life
4706066,2445301,"GREENUP,THADDEUS J",Stevenson,9/9/2062,AGG SEX ASLT ELD/DIS,4/5/2023,12/18/2021,40
4707294,756356,"MORENO,MARIO",Wainwright,1/1/9999,MURDER,5/16/1996,6/17/1995,Life
4708405,681547,"ELTON,HENDERSON EUGENE",LeBlanc,6/28/2044,MURDER,7/7/1994,6/11/1992,50
4710712,1763949,"MOORE,JUSTIN EMAR",Ellis,1/1/9999,AGG SEX ASLT CHILD-REPEATER,1/13/2012,3/15/2009,Life
4711364,2365959,"JIMENEZ,JULIA MARIA",Murray,3/30/2030,AGG ASLT W/DWPN,10/6/2021,4/6/2019,10
4711366,2486052,"AGUILERA,BENJAMIN",Clemens,10/17/2032,AGG SEXUAL ASLT CHILD,1/8/2024,10/15/2020,10
4711371,2574653,"JARAMILLO,GILBERT JAVIER",Ellis,2/1/2027,FRAUD USE/POSS ID INFO 5-10,8/7/2025,11/19/2023,4
4711389,1362303,"CRAWFORD,ELANDA KAY",Crain,1/6/2036,ENGAGE ORGANIZED CRIM ACT,3/30/2006,4/4/2005,45
4714221,2601704,"MERMELLA,EDWARD",Segovia,3/7/2035,POSS W/INT DEL C/SUB 4-200G,2/25/2008,10/31/2006,25
4718128,1871429,"LOPEZ,DANIEL",Wainwright,8/31/2071,AGG ROBBERY,6/3/2013,5/4/2011,60
4718214,1335515,"RUSSELL,MICHAEL WESLEY",Diboll,9/7/2027,THEFT 20K-100K,10/25/2005,10/31/2003,30
4719266,1178835,"GOMEZ,ADAM",Stringfellow,1/1/9999,MURDER,12/12/2002,12/27/2001,Life
4723752,2554377,"GARZA-CRUZ,JOSE DE JESUS",Segovia,8/10/2026,ARSON,4/14/2025,8/10/2024,2
4723771,2524699,"MAGALLANEZ,ADAM",Connally,10/21/2026,AGG ASLT W/DEADLY WPN,8/11/2021,6/10/2018,3
4731739,2517964,"PEOPLES,CHARLES FREDERICK",McConnell,5/11/2043,AGG ROBBERY,8/8/2024,4/15/2023,20
4756291,2287133,"ARANDA,DAVID",Stevenson,4/2/2041,AGG SEX ASLT-CHILD,9/20/2019,3/24/2019,22
4757368,1579519,"GUERRA,RICHARD ERNEST",Jester III,11/22/2027,ASLT FAMILY (HABITUAL),6/5/2009,5/19/2008,25
4760857,2555092,"CHAVARRIA,FRANCISCO",Jester III,1/7/2029,BURG OF HABIT,5/6/2025,1/7/2025,4
4761678,1512032,"BERKLEY,ARTHUR WAYNE",Ellis,11/26/2066,SEX ASLT (REPEATER),5/23/2008,11/26/2006,60
4763465,2277399,"BORDANO,ANTHONY EDWARD",Goree,1/22/2031,EVADING ARREST/DETN W/VE,7/29/2019,11/7/2018,12
4764609,745848,"PEREZ,TONY",Coffield,8/2/2029,ATT CAP MURDER,10/11/1993,6/25/1993,30
4764631,2553973,"RODRIGUEZ,RUBEN",Stevenson,9/11/2030,INJ CHILD/ELDERLY/DISABLE W/I BI,4/1/2025,9/7/2024,6
4765081,750823,"RAMOS,ROBERT",Polunsky,12/31/2034,MURDER,4/4/1995,6/26/1993,40
4765881,786061,"CAIN,MELVIN RAY",Glossbrenner,6/11/2026,MURDER,4/2/1997,6/24/1995,60
4771580,1584975,"GOMEZ,JOHN PAUL",McConnell,7/29/2038,AGG SEX ASLT-CHILD,6/19/2009,3/7/1998,30
4772711,797004,"HARRIS,RICHARD THURMAN JR",Allred,7/28/2029,ATT CAP MURDER,8/10/1993,2/22/1993,36
4773326,1355829,"OHALLORAN,VICENA LYNN",Plane,7/22/2038,AGG ROBBERY,2/22/2006,12/16/2004,30
4775181,2389498,"MEDINA,MAURICE",Wainwright,11/23/2036,FELON POSS FIREARM,3/29/2022,11/6/2016,20
4778100,2457913,"VEIZER,NATHAN LEE",Luther,7/4/2026,FELON POSS FIREARM,7/12/2023,3/9/2022,8
4778264,1014486,"CRUZ,JESUS",Hughes,9/8/2030,MURDER,9/19/2000,6/27/1998,30
4778903,1405198,"EATON,JAMES",Dalby,8/11/2038,AGG SEX ASLT-CHILD HAB,7/14/2009,3/15/2006,30
4782701,2538101,"LAVASSAUR,JONATHAN FLOYD",Luther,8/21/2034,POSS CS PG1 4-200G,11/15/2023,6/24/2021,10
4785288,2604036,"TORRES,FELIPE",Dominguez,5/2/2029,ROBBERY,2/13/2026,5/2/2025,4
4790402,2371940,"ROBERTS,THOMAS LEONARD",Stiles,6/3/2050,MURDER,10/28/2021,6/3/2020,30
4798018,2289627,"REYES,LUKE",Stevenson,5/10/2048,AGG SEX ASLT-CHILD,10/17/2019,8/26/2017,30
4798120,2406064,"ELIZONDO,STEPHANIE GARZA",Marlin,11/12/2026,AGG ROBBERY,8/2/2022,6/22/2022,5
4799780,1609152,"GOMEZ,ROGELIO",Polunsky,1/1/9999,MURDER,10/29/2009,12/6/2008,Life
4799791,2532176,"MARTINEZ,ERIC ANTHONY",Robertson,5/4/2029,UNL CARRY WPN W/FEL CON,2/7/2024,9/16/2023,5
4803917,2056040,"ARCHULETA,TIM S",Wainwright,12/1/2033,INJ CHILD/SBI,3/11/2016,10/13/2012,20
4805028,2358986,"GARCIA,ERIC",Smith,9/25/2027,POSS WID CONT SUB PG1 4-200G,8/3/2021,7/12/2018,8
4806884,2281721,"PENA,GEORGE OSCAR",Coffield,4/13/2117,MURDER,8/26/2019,4/12/2018,99
4807062,2606747,"TREVINO,JOHNNY ANGEL",Garza West,10/8/2026,POSS WID CONT SUB PG1 4-200G,8/11/2021,7/15/2020,5
4807102,2605050,"GREEN,STEVEN DEWAYNE",Dominguez,4/12/2027,THFT PROP<2500 2/MO PREV CONV,12/2/2025,12/26/2024,1.5
4810277,2615202,"CARREON,ROLAND",Garza West,2/12/2028,UNL POSS FIREARM FEL,4/20/2026,10/14/2025,4
4812739,1770023,"KAYE,KEVIN RICHARD",Boyd,6/26/2046,AGG SEX ASLT CHILD,2/21/2012,6/1/2010,35
4814045,2594742,"REYES,ALEXANDER F",Willacy County,8/16/2029,AGG ASLT W/DWPN,12/11/2025,8/16/2025,4
4817223,2541313,"GARCIA,BENIGNO R",Briscoe,6/12/2029,ASLT FAM/HOU MEM IMPEDE BRTH/CIR,6/24/2024,10/13/2023,5
4817429,2591876,"DE LA ROSA,JOHNNY",Garza West,12/17/2031,AGG ASLT DW,11/18/2025,4/9/2024,7
4821254,1852597,"GONZALES,ANDREW",Briscoe,7/9/2033,MURDER,3/27/2013,7/9/2011,20
4824049,2575820,"RAMOS,ROBERTO",Jester III,6/2/2028,POSS CHILD PORN YOUNG T/10YOA IA,8/13/2025,2/21/2024,10
4825304,2552636,"REID,BRYANT RAMON",Hamilton,7/14/2026,POSS CS PG1 4-200G,1/20/2023,8/12/2019,6
4827672,1966694,"TREVINO,RAFAEL",Ferguson,4/19/2038,MURDER,11/5/2014,11/4/2010,27
4829163,1528527,"POPE,MICHAEL",Michael,6/1/2026,AGG SEX ASLT-CHILD (REPEATER),9/5/2008,2/10/2007,20
4830839,2555067,"MARTINEZ,JAIME LEE",Hughes,12/26/2029,ROBBERY,4/8/2025,12/26/2024,5
4830840,2494697,"URIBE,RAYMOND",Hightower,11/9/2026,VIOL SEX OFF REG W/PREV,3/5/2024,8/28/2023,3
4831991,2604252,"SAUCEDA,JOSE VICTORIANO CARDEN",W. Scott,2/19/2031,BURG HABIT INTEND OTHER FEL,2/13/2026,2/19/2025,6
4833342,2478895,"HARRIS,JOSEPH DALE",Pack,8/26/2091,MURDER,9/19/2023,2/28/2022,68
4833459,2417630,"BROWN,MICHAEL ANTHONY",Garza East,4/8/2027,FELON POSS FIREARM,12/2/2021,9/15/2018,4
4833919,2135145,"SAENZ,ADAM RAY",Michael,3/1/2027,ASLT PUBLIC SERVANT-BI,5/15/2017,2/18/2017,15
4835901,2181645,"LOPEZ,MICHAEL",Coffield,4/1/2036,MURDER,2/5/2018,3/31/2016,20
4837081,2438480,"ROBLES,JUSTIN LLOYD",Garza West,5/15/2027,ROBBERY,3/3/2023,5/15/2022,5
4839362,2609570,"GARZES,JULIO",Garza West,3/18/2031,POSS CS PG1/1-B 4-200G,3/18/2026,10/7/2025,5
4840131,2613032,"MUENNINK,CARL WALTER",Garza West,9/14/2029,ASLT FAM/HSE/HOLD/MEM PREV/CONV,4/13/2026,9/14/2025,4
4840212,2612076,"REYES,PATRICK ALFONSO",Kyle,11/6/2026,THEFT 30K-150K,8/26/2021,4/5/2021,8
4841118,2401112,"GONZALEZ,JAVIER JR",Polunsky,4/21/2032,AGG ROBBERY,5/9/2022,1/1/2020,10
4841358,2591903,"SORIANO,ENRIQUE",Garza East,8/1/2033,POSS CHILD PORN 50 DEP VID,11/13/2025,4/11/2025,18
4844447,2480170,"MUNOZ,MICHAEL THOMAS",C.T. Terrell,4/23/2027,ASLT FAMILY 2 OFFENSE,12/4/2023,7/17/2021,12
4845344,2583968,"GOMEZ,FRANK",Lopez,2/1/2027,POSS CS PG1/1-B L/1G,10/7/2025,7/4/2025,2
4845389,2514735,"ARANDA,ANDREW FERNANDOL",Gist,6/11/2026,RETALIATION,7/15/2024,12/20/2022,6
4846899,1808792,"BENTANCOURT,ROGER",Beto,3/11/2046,AGG ROBBERY,8/27/2012,3/12/2011,35
4847477,2230480,"GARCIA,FREDERICK MATTHEW",Goree,10/1/2033,AGG ASLT W/DDLY WPN,11/1/2018,4/3/2018,15
4848179,1636081,"WALLACE,BRENT MICHAEL",Hughes,8/3/2058,ROBBERY,4/5/2010,5/1/2008,40
4849021,2290754,"CASAS,JACOB RAMON",Wainwright,12/1/2026,AGG ROBBERY,9/13/2019,7/18/2018,15
4849355,2591892,"NAVARRO,RIGO",Ellis,7/1/2026,POSS CS PG1/1-B 1-4G,11/20/2025,8/5/2025,2
4849865,2424571,"SANDOVAL,JEFF DANIEL",Johnston,8/12/2026,POSS CONT SUB 4-200G,12/2/2022,6/4/2022,5
4850233,2606783,"CRUZ,ISRAEL ALI",Garza West,11/5/2028,INJ CHILD/ELD/DIS W/INT BOD INJ,3/4/2026,8/14/2025,7
4850406,2400133,"RODRIGUEZ,REYNALDO MANUEL",Willacy County,5/15/2028,POSS WID CONT SUB PG1 4-200G,6/21/2022,10/21/2019,5
4851657,2605013,"CASTILLO,RUBEN MERMEA",Gist,4/1/2027,BURG BUILDING,2/20/2026,10/12/2025,3
4852006,2612640,"RODRIGUEZ,ALEXANDRIA PENNY",Henley,2/12/2027,ASSAULT PUBLIC SERVANT,,9/10/2025,5
4852114,2394848,"JENKINS,BRIAN STEPHAN",Cotulla,3/10/2033,POSS CONT SUB PG1 4-200G REPEAT,5/23/2022,9/10/2021,17
4854271,2600642,"GAONA,ABELARDO ROMAN",Willacy County,6/27/2029,HARASS PUB SERV,1/20/2026,6/26/2025,4
4856444,2564624,"CIBRIAN,DANIEL",C.T. Terrell,7/3/2034,AGG ASLT SBI,6/4/2025,7/3/2024,10
4862175,2531709,"MENDEZ,KEVIN",Willacy County,5/13/2032,AGG ROBBERY,11/13/2024,2/4/2024,8
4862531,2510919,"LUGO,MARINO JR",Connally,7/1/2026,FELON POSS WPN,6/3/2024,3/5/2022,5
4863440,2570183,"MOORE,MARQUISE",Garza East,11/27/2043,AGG SEXUAL ASLT CHILD,3/18/2025,11/27/2023,20
4865047,2468057,"NEEL,TYLER KEITH",Stevenson,8/10/2031,DDLY CONDUCT-FIREARM,9/20/2023,4/6/2023,20
4865280,2507147,"HERNANDEZ,BLAS",Clemens,10/11/2035,POSS CONT SUB 4-200G,4/29/2024,8/23/2022,12
4865923,2516657,"OWENS,GLENNISHA DERAE",Plane,11/16/2026,DEADLY CONDUCT DISCHARGE FIREARM,8/16/2024,1/1/2023,5
4866178,2542627,"JARAMILLO,JORDAN",McConnell,11/17/2027,BURG HABIT INT COMM FEL,1/24/2025,5/18/2021,5
4866182,1994358,"RODRIGUEZ,ALEXANDER JOSE",Clements,1/21/2045,MURDER,4/9/2015,5/5/2009,30
4866991,2609578,"LOPEZ,PHILLIP R",Garza West,8/14/2065,MURDER,3/11/2026,8/14/2020,45
4868354,2598480,"GUERRA,SHAUN TROY",Cotulla,8/19/2032,ASSAULT PEACE OFF/JUDGE,1/8/2026,8/20/2025,7
4869906,1524894,"MEADOUX,CHRIS JOSHUA",Stiles,1/1/9999,CAPITAL MURDER OTHER FELONY,8/20/2018,1/24/2007,Capital Life
4870195,2496732,"ALCALA,DANIELLE KATHERINE",Crain,12/27/2027,BURG HABIT,4/4/2024,8/7/2023,10
4870817,2246385,"MARTINEZ,ACE AUSTIN",Stevenson,9/19/2053,MURDER,2/4/2019,9/18/2017,36
4870945,2407453,"MILLER,DORRIE",Dominguez,1/1/2027,AGG ROBBERY,8/12/2022,10/6/2019,5
4871038,2111899,"PARROTT,JESUS",Allred,2/26/2028,AGG ROBBERY,1/12/2017,4/3/2015,12
4871050,2459780,"SANNICOLA,DANIEL JOSEPH",Garza West,9/29/2027,ASLT FAM CHOKING STRANGU,9/7/2021,4/25/2021,4.5
4871636,2237184,"GARCIA,DAIMIEN XAVIER",Dalby,11/16/2031,TRAFF OF PERSON L/18 PROSTITUTI,10/18/2018,4/1/2016,15
4871948,2601710,"SANCHEZ,JESSE GILBERT",Dominguez,7/1/2026,BURG BUILDING,1/27/2026,8/10/2025,2
4871971,2415624,"SALAZAR,MATTHEW",Dominguez,3/25/2042,AGG ASLT DWPN,9/29/2022,7/11/2021,20
4872475,2529957,"LOPEZ,MORIAH",Plane,4/24/2028,INJURY TO ELDERLY BI,3/20/2023,6/10/2022,5
4872704,2420772,"PONCE,GERALD BRANDON",Segovia,11/17/2026,POSS CONT SUB PG1 4-200G,11/8/2022,4/12/2022,4
4873240,2021412,"GUTIERREZ,SANTOS",Wallace,7/3/2039,AGG SEX ASLT/CHILD,8/19/2015,6/18/2010,25
4873436,1534242,"HEIGHTS,DEVANTE JAMES",Kyle,8/4/2026,MURDER,10/8/2008,6/30/2007,22
4873726,2604246,"GARCIA,RICARDO GILL JR",Segovia,7/1/2026,ASLT PREGNANT PERSON,2/11/2026,6/4/2023,3
4873767,2328842,"RAMOS,EMERSON ALFREDO GOMEZ",Roach,12/23/2039,AGG ROBBERY,11/4/2020,12/23/2019,20
4874192,2403179,"GONZALES,MATTHEW GERARD",Willacy County,6/1/2026,ROBBERY,7/19/2022,11/17/2021,5
4874244,1939617,"RIOS,EDWIN ROBERT",Goree,2/13/2034,AGG ROBBERY,6/25/2014,1/9/2014,20
4874343,2102282,"ALVIREZ,JESUS ANTONIO",Hughes,2/16/2036,AGG ROBBERY,11/17/2016,2/16/2016,20
4874344,2585211,"WILLARS,HELIODORO JR",Garza East,12/27/2029,ASLT PEACE OFFICER/JUDGE,10/13/2025,12/27/2024,5
4874516,2573773,"ANDRADE,RODOLFO GALINDO III",Segovia,3/4/2027,UNL CARRY WPN W/FEL CONV,8/4/2025,1/4/2025,5
4874816,2083224,"HOWARD,JACQUAY",Briscoe,2/25/2060,MURDER,8/10/2016,1/19/2015,45
4875008,2512007,"MOORE,ANTHONY JAMES",Lopez,6/1/2026,EVADING ARREST/DETN W/VE,6/24/2024,12/12/2023,3
4875125,2047976,"JOSEPH,DEMETHRIUS",Hightower,2/23/2027,TRAFFICKING OF PERSONS U/18,1/27/2016,6/1/2014,12
4875663,2532158,"BELL,TODD ANDREW",Briscoe,7/4/2027,AGG ASLT W/DDLY WPN,11/25/2024,6/11/2024,3
4875761,2281726,"RICO,EZAI NAHUM",Stevenson,9/10/2030,AGG ROBBERY,8/30/2019,9/10/2018,12
4875763,2544942,"ARMSTRONG,EDWARD LEE III",Jester III,8/24/2027,UNAUTH USE OF VEH,2/6/2025,8/20/2024,4
4876256,2479854,"TORRES,ANDREW",Garza East,3/2/2027,AGG ASLT W/DDLY WPN,12/5/2023,10/21/2022,5
4876458,2554388,"SANCHEZ,JESUS",Garza West,5/15/2065,AGG SEXUAL ASLT CHILD,4/14/2025,10/11/2018,40
4877897,2394489,"URISTA,HILARIO G",Coffield,9/9/2046,AGG ASLT PUB SERV,5/18/2022,9/9/2021,25
4878114,2426696,"FORD,ANDRE RENE",Allred,2/1/2028,POSS CONT SUBS 4-200G,12/8/2022,3/19/2022,12
4879373,2535028,"BARRIENTES,SYSCO SANTANNA",Memorial,3/22/2059,AGG ROBBERY,11/25/2024,3/20/2024,35
4879400,2565315,"RAMIREZ,PETER MICHAEL",Dalby,10/1/2026,POSS CS PG1/1-B 1-4G,2/28/2025,9/30/2024,3
4879402,2198301,"MEDINA,JOE",Jester III,12/26/2032,AGG ROBBERY,5/8/2018,11/13/2017,15
4879687,2387495,"BLANCO,GEREMY ANTHONY",Ellis,6/10/2029,AGG ROBBERY,3/16/2022,6/2/2021,8
4879821,2561509,"GALLEGOS,JAY DEE",Briscoe,7/19/2028,ASLT FAM/HSE MEM IMP BRT/CIR,5/14/2025,1/9/2022,6
4880558,2457698,"LEE,ULYSSES",Wynne,10/25/2037,INDEC W/CHILD-CONTACT,6/20/2023,9/12/2021,15
4885656,2537047,"ROBBINS,JORDAN LUKE",Garza East,10/13/2030,INDECENCY W/CHILD SEXUAL CONTACT,12/13/2024,8/23/2020,6
4887140,2570173,"GAUNA,JUAN ANTHONY",Garza East,4/16/2030,AGG ROBBERY,7/8/2025,4/15/2025,5
4892060,2287189,"WILLIAMS,KASSEY ALLAN",McConnell,10/24/2053,AGG ASLT W/DWPN,10/1/2019,6/1/2017,35
4892061,2311531,"GARZA,ALFRED SEGOVIA",Stevenson,2/23/2030,INDECENCY W-CHILD CONTACT,2/28/2020,12/27/2018,10
4892064,2138929,"NAPUTI,JONATHAN",Hughes,12/12/2051,AGG SEX ASLT-CHILD,6/9/2017,6/1/2012,35
4896192,2500496,"GARZA,CHRISTIAN",Bradshaw,11/23/2033,ROBBERY,4/18/2024,7/12/2023,10
4896920,2550883,"MEADOWS,MICHAEL RAY",Segovia,10/1/2026,POSS CS PG1 4-200G,3/19/2025,5/27/2021,5
4897022,2588807,"DELUNA,CYNTHIA",Plane,12/16/2029,DDLY COND DISCH FIREARM,11/12/2025,8/23/2025,5
4897315,2483927,"BAGLEY,JAMES LEE",Dominguez,11/16/2026,ASLT FAM CHOKE/STRANG,1/4/2024,7/13/2023,8
4897463,2588269,"MARTINEZ,ARTHURO ESCOBEDO JR",Garza East,7/7/2030,ROBBERY,10/24/2025,7/6/2025,5
4899089,2594715,"OLIVO,DAVID V JR",Dominguez,8/23/2027,BURG BLDG,11/13/2025,8/24/2025,2
4899794,2601879,"ARROYO,AUGUSTINE",Garza West,4/30/2040,AGG ASLT W/DWPN,1/27/2026,10/26/2024,15
4900199,1758265,"RAGLAND,JACINTO RICCARDO",Pack,1/1/9999,MURDER,12/8/2011,5/20/2010,Life
4900549,2603280,"LOZA,LORENZO LEE",Segovia,10/1/2026,POSS CS PG1/1-B 1-4G,1/6/2026,1/29/2024,2
4901613,2548541,"MUNOZ,RANDY LITO",Wallace,9/13/2027,ASLT FAM/HSEHOLD MEM PREV CONV,2/27/2025,5/29/2023,3
4901781,2170570,"SARGENT,IAN MATTHEW PETTY",Connally,12/19/2026,AGG ROBBERY,12/1/2017,12/18/2016,10
4902527,2362030,"LOPEZ,RICHARD GEORGE",Stevenson,8/15/2029,SEX ASLT-CHILD,8/19/2021,4/30/2014,8
4902871,2615003,"CONTRERAS,ALFREDO GONZALEZ",Dominguez,8/14/2026,THEFT PROP $2500 2/M PREV CONV,4/17/2026,2/18/2026,0.5
4903082,2133973,"DE LEON,ALEX JAMES",Boyd,3/25/2028,INTOXICATION MANSLAUGHTER,5/8/2017,3/25/2016,12
4903123,1589015,"VALDEZ,JUAN",Stevenson,5/3/2044,AGG SEX ASSLT CHILD,5/8/2009,6/21/2006,35
4903717,2576040,"KEITH,ADAM",Briscoe,1/1/2028,SEXUAL ASLT,8/14/2025,1/1/2025,3
4903918,2437229,"VILLANUEVA,RICHARD",Roach,4/24/2035,MURDER,2/27/2023,10/9/2019,15
4909261,2543488,"BOWLIN,ERIC JAMES",Stevenson,6/17/2026,AGG ASLT DW,1/31/2025,6/17/2024,2
4909351,2439930,"RUSHING,WYATT LUKE",Lopez,11/1/2026,DDLY COND FIREARM,3/15/2023,6/21/2022,8
5001422,2605042,"WILLIAMSON,SCOTT ALAN",Young,11/15/2026,THEFT PROP 30K-150K,2/23/2026,3/19/2025,3
5002918,2487975,"GONZALES,PAUL DOMINIC",LeBlanc,6/30/2026,HARASS PUBLIC SERV,1/30/2024,1/2/2022,5
5003029,1996932,"GONZALES,JUAN",McConnell,2/5/2060,ATT CAPITAL MURDER-POLICE OFFI,1/23/2015,2/5/2013,40
5004225,2394013,"GARCIA,JESSE B",Willacy County,9/9/2029,INTOX ASLT REPEAT,4/29/2022,9/9/2021,8
5004263,2485276,"VILLARREAL,FREDDY",Estelle,10/10/2026,VIOL SEX OFF REG W/PREV,1/17/2024,8/28/2023,3
5005951,1766863,"PIAZZI,ROBERT",Jordan,1/25/2037,AGG SEX ASLT CHILD,1/31/2012,4/5/2007,25
5006418,2442038,"GOMEZ,STEVE",C.T. Terrell,8/21/2120,SUPER AGG SEX ASLT-CHILD,3/27/2023,12/3/2019,99
5006601,1143960,"ORTIZ,GONZALO",Garza East,3/23/2029,INJ/CHILD-SBI-RECKLESS,12/11/2002,10/12/2001,25
5007848,2492638,"SANCHEZ,JESSE",Willacy County,1/23/2046,AGG SEXUAL ASLT CHILD,3/1/2024,10/12/2007,25
5008141,1015463,"ROSALES,ADRIAN",Stiles,10/10/2074,AGG KIDNAPPING,9/14/2000,8/13/1999,65
5008427,900559,"ERVIN,DONALD LEON",Stiles,1/1/9999,MURDER,11/8/1999,10/29/1998,Life
5009674,1975427,"MORALES,RALPH",Stevenson,2/5/2049,AGG ROBBERY REPEAT,1/14/2015,11/12/2013,35
5010507,2394019,"JONES,CLABORN",C.T. Terrell,2/8/2044,AGG ASLT DW/SBI FAM/DATING,4/29/2022,2/8/2019,25
5012113,2571534,"FITCH,EUGENE",Garza West,12/1/2054,SEX ABUSE CHILD CONTIN V/U 14,7/18/2025,4/19/2013,30
5012676,2080525,"PADILLA,PAUL JR",Polunsky,4/16/2067,POSS CONT SUB 4-200G,6/13/2016,11/4/2013,50
5014286,2373639,"GONZALES,ARTURO",Estelle,7/14/2030,POSS WID CONT SUB PG1 4-200G,11/29/2021,2/6/2021,9
5014288,2274439,"GARCES,ALBERT",Garza East,9/5/2028,POSS CONT SUB PG1 1-4G,7/17/2019,7/16/2018,6
5019101,746946,"DELRIO,JESSE",Connally,8/23/2057,ATTEMPT CAP MURDER,12/15/1995,8/8/1993,60
5020696,2588027,"GUTIERREZ,MIGUEL ANGEL",Dominguez,7/29/2032,EVADING ARREST,10/23/2025,7/27/2025,7
5020712,1113101,"SAENZ,JOHN ANTHONY",Ramsey,1/1/9999,CAPITAL MURDER,6/21/2002,9/18/2000,Capital Life
5020761,1195005,"SEGURA,ROLANDO GARCIA",San Saba,11/26/2029,AGG ROBBERY W/DDLY WPN,9/12/2003,12/18/2002,20
5025074,1989826,"BUKVASEVIC,RUBY MARIE",O'Daniel,3/1/2055,MURDER,2/2/2015,1/20/2013,40
5025103,2604033,"SANCHO,DAVID ANTHONY",Glossbrenner,11/21/2026,UNL POSS FIREARM FELON,2/11/2026,3/14/2024,5
5026523,2589278,"HAMPTON,JOHN COOPER",Stringfellow,6/18/2026,AGG ROBBERY,2/23/2018,12/27/2016,12
5026571,1358533,"ISAAC,JOSHUA",Holliday,5/2/2027,POSS W/INT DEL C/SUB 4-200G,2/21/2006,1/20/2005,25
5027543,2552876,"GONZALES,RICHARD RAY",Gist,6/11/2026,POSS CS 1-4G,3/26/2025,2/25/2023,3
5028196,2054780,"ROBLES,JUAN JESUS",Dominguez,10/7/2030,ARSON HABIT/PLACE OF AS,1/13/2016,7/12/2014,10
5028317,2559586,"LOCKHART,EUGENE LAMON",Havins,9/25/2026,DWI 3RD MO,4/30/2025,4/19/2024,5
5030270,658018,"THOMPSON,CLARENCE",Hughes,1/1/9999,MURDER,12/3/1993,2/20/1993,Life
5032563,2585434,"MARTINEZ,GUAMUTEMOC",Connally,8/1/2026,POSS CS PG1 1-4G,10/21/2025,6/9/2022,2
5032575,2446472,"DELGADO,RAUL",Gist,6/11/2026,FELON POSS FIREARM,4/27/2023,2/5/2020,4
5033159,711037,"BARBOSA,ALEXANDER",Roach,4/28/2040,MURDER,2/7/1995,10/23/1992,35
5033578,2438454,"CHEVALIER,ROBERT",LeBlanc,2/19/2038,AGG SEX ASLT CHILD,2/21/2023,4/15/2015,15
5033661,2044969,"FRIESE,REBECCA LAURA",Murray,4/22/2034,INJURY TO ELDERLY-SBI,1/26/2016,3/1/2014,20
5034169,2531697,"JIMENEZ,HENRY PHILLIP III",Dominguez,3/25/2027,POSS CS PG1 4-200G,8/16/2024,3/25/2024,3
5034213,2341555,"MARTINEZ,ANDRES R",Ramsey,9/18/2031,ASLT FAMILY 2ND OFFENSE,3/17/2021,6/2/2019,12
5036388,1481525,"GOMEZ,LUPE",Goree,5/16/2046,BURG HABIT W/INT COMMIT ASLT,11/26/2007,5/16/2006,40
5037013,719004,"MARTINEZ,ROGER JR",Stevenson,5/22/2040,MURDER,6/1/1995,10/27/1992,45
5038678,2576028,"ARCE,JOSE LUIS",Torres,2/12/2027,EVADING ARR DET W/PREV CONV,8/15/2025,8/19/2024,4
5039519,1452954,"LUNA,JULIAN",Stevenson,11/14/2026,AGG SEX ASSAULT,3/13/2007,5/19/2004,20
5043473,662779,"ROQUE,JUAN PABLO",Robertson,1/1/9999,MURDER-NONFAMILY,12/2/1993,7/20/1991,Life
5043798,2599101,"GARZA,ADRIANNA DOLORES",O'Daniel,8/27/2026,ROBBERY,1/14/2026,7/16/2024,2
5044716,2563308,"CAMERON,DAVID",Lopez,6/1/2026,FAIL SEX REG W/PREV,5/30/2025,1/11/2022,2
5046599,1477595,"CARPENTER,DONIELLE",Estelle,3/20/2066,PROH SEX CONDUCT/INCE,12/3/2007,5/20/2006,20
5046612,2603033,"TORRES,LUPE",Segovia,8/1/2026,POSS CS PG1/1-B 1-4G,2/5/2026,9/2/2025,2
5046739,2596685,"ZAVALA,PEDRO III",Willacy County,7/1/2027,CONT VIOL AGAINST FM,12/18/2025,11/12/2020,2
5049300,2578877,"ESCOBEDO,HUMBERTO ISABEL",McConnell,4/21/2027,UNAUTH USE OF VEHICLE,9/3/2025,4/21/2025,2
5050704,1583576,"SANCHEZ,IVAN WILLIAM",Hughes,6/19/2062,AGG SEX ASLT CHILD,5/3/2016,1/23/2003,50
5051208,2545948,"BONEBRAKE,JASON EDWARD",Ney,4/15/2029,ROBBERY,2/20/2025,5/6/2021,5
5051330,2276340,"VEGA,JOHN ANTHONY",Polunsky,5/6/2034,INDEC W/CHILD-CONTACT,5/31/2019,11/16/2015,15
5051622,685670,"SINGLETON,CHAD E",Hughes,1/1/9999,CAPITAL MURDER,7/22/1994,7/29/1992,Capital Life
5052004,2568140,"GARZA,GERONIMO",Garza West,4/1/2028,UNL POSS FIREARM BY FELON,6/30/2025,12/30/2023,3
5054657,730331,"HARTSFIELD,DANIEL JAMES",Telford,1/1/9999,CAPITAL MURDER,8/25/1995,8/15/1994,Capital Life
5055705,2548527,"ESQUIVEL,FRANK",Garza East,8/30/2028,POSS CS PG1/1-B 4G-200G,2/28/2025,8/30/2024,4
5056543,2194523,"DAVIS,KEVIN SHANE",Huntsville,12/1/2026,DWI,4/11/2018,1/25/2018,15
5057613,2579970,"STONE,CRAIG ANTHONY",Garza West,5/2/2027,POSS CS PG1/1-B 4-200G,9/9/2025,12/18/2024,4
5060303,2446483,"HICKMAN,JASON ERIC",C.T. Terrell,1/1/2027,POSS CS PG1 4-200G,4/13/2023,8/31/2022,5
5061860,2607639,"RAMOS,MARCO JOSE",Dominguez,9/8/2026,POSS CS PG1<1G,3/13/2026,6/18/2022,0.5
5062351,2181672,"VEGA,RENE",Briscoe,7/27/2028,EVADING ARREST/DETN W/VEH,1/31/2018,10/19/2016,10
5064678,1592787,"LLAMAS,RUDY",Robertson,2/20/2043,MURDER,8/25/2009,2/21/2008,35
5068458,681913,"LAUDERDALE,WINFRED EARL",Wynne,1/1/9999,CAPITAL MURDER,7/22/1994,7/29/1992,Capital Life
5068540,1797736,"MADRIGAL,RAUL RENE",Stevenson,7/31/2028,AGG SEX ASLT CHILD,6/28/2012,1/3/2011,15
5070980,1341293,"VILLARREAL,RICHARD",Polunsky,6/27/2044,AGG ROBBERY,11/28/2005,6/27/2004,40
5071869,2558782,"WOOD,TODD RICHARD",Hamilton,10/1/2026,MAN DEL CS PG1 4-200G,4/21/2025,12/20/2023,4
5072772,2576708,"CROCKETT,JOHN ANTHONY",Segovia,2/1/2027,THEFT MAT ALUM/BRZ/COP/BRS L/20K,8/20/2025,2/15/2025,2
5072817,2473606,"STAFFORD,DONNA KAY",Plane,10/8/2027,INJ TO ELD-SBI,11/1/2023,10/8/2021,6
5074624,2296179,"PEREZ,RANDY G",Wynne,10/5/2040,INTOXICATION MANSLAUGHTER,11/18/2019,10/6/2018,22
5080755,2548016,"NUNN,JAMES RYAN",Lopez,8/12/2027,POSS CS PG1/1-B 1G-4G,8/16/2024,11/3/2023,6
5081276,680407,"COSTAS,LUIS GUILLERMO",Wainwright,2/1/2051,ATT COMMT CAP MURDER,7/1/1994,2/13/1994,50
5081882,1522051,"PERALES,YANTARIN",Michael,10/25/2057,AGG ROBBERY HABIT,6/27/2008,10/26/2007,50
5084415,2590104,"HARPER,SEAN",Torres,4/11/2059,FAIL CPLY SEX OFF DTY RG LIFE/AN,11/5/2025,11/2/2023,35
5084423,1998284,"ORTIZ,WILLIE",Connally,3/8/2073,AGG SEXUAL ASLT CHILD,4/28/2015,10/1/2000,60
5084530,1119717,"HARTFIELD,BOBBY JR",Ney,2/11/2061,AGG ROBBERY,4/2/2002,2/11/2001,60
5084737,1606341,"BEASLEY,TONY RAY",Polunsky,7/22/2054,AGG ROBBERY,10/15/2009,10/15/2008,45
5088032,1277503,"BAYLOR,ROLAND A",Coffield,9/29/2113,ATT CAPITAL MURDER-FELON(REPEAT),9/3/2004,9/29/2003,50
5088055,1428623,"DUKE,WALTER PAUL",LeBlanc,8/13/2026,AGG ROBBERY,3/26/2007,5/6/2006,20
5089763,2167449,"BROWN,HOWARD MARTIN",Ramsey,6/23/2036,AGG SEXUAL ASLT-CHILD,11/9/2017,6/23/2016,20
5092474,2478891,"GONZALES,CANDELARIO G",Willacy County,7/3/2031,AGG ASLT W/DDLY WPN,11/21/2023,7/3/2023,8
5093161,2053576,"OCHOA,BARON LENARD",Connally,10/1/2066,CONTINUOUS SEX ABUSE-CHILD,2/11/2016,6/1/2008,55
5093696,2496457,"BARBOSA,MICHAEL",Huntsville,6/19/2026,DWI 3D/MORE,10/6/2020,12/25/2017,3
5094031,2578876,"EDWARDS,LARRY OWEN JR",Chasefield Wilderness,9/16/2028,POSS CS PG 1 4-200G,9/4/2025,10/27/2022,8
5096288,1684464,"VASQUEZ,BRUNO",Stringfellow,3/9/2034,MURDER,11/23/2010,8/4/2007,25
5097799,2522452,"VASQUEZ,ALBERT",Willacy County,2/1/2027,POSS CS PG1/1B 4G-200G,9/11/2024,1/3/2024,5
5098470,1261115,"SANCHEZ,GABRIEL ANTHONY",Jester III,11/13/2045,ROBBERY,8/30/2004,1/12/2004,40
5100220,1058257,"NETHERLY,VINCENT TERRANCE",C.T. Terrell,1/1/9999,AGG SEXUAL ASSAULT,5/21/2001,4/14/1999,Life
5100264,2561516,"MITCHELL,DANIEL LEE",Lopez,3/25/2036,MAN/DEL CS PG1 4-200G,2/24/2025,12/17/2022,12
5101583,2218826,"BROWN,ANTONIO ANTOINE",Clements,12/31/2056,MURDER,8/13/2018,12/30/2016,40
5101614,673329,"HUBBARD,MARKEY",Briscoe,6/11/2031,ATT CAP MURDER P.O.,1/5/1994,4/9/1993,35
5101687,1401174,"ENRIQUEZ,DANIEL",Telford,7/29/2030,AGG SEXUAL ASLT CHILD,10/9/2006,7/28/2005,25
5102307,2494674,"GARZA,JESSE",Willacy County,5/28/2038,BURG HAB INT COMMIT FEL,3/11/2024,5/29/2023,15
5102315,1761256,"FERRUSCA,SANTANA JOE",Smith,9/1/2049,MURDER HABITUAL,12/30/2011,6/11/2009,40
5102824,774853,"HEREBIA,EVODIO",Clements,1/1/9999,CAP MURDER,4/11/1996,2/24/1994,Capital Life
5104115,1602828,"GUTIERREZ,GERARDO",Hughes,1/1/9999,MURDER (HABITUAL),9/14/2009,10/15/2006,Life
5106629,2420777,"VERA,JUAN ANTONIO",Ney,9/3/2028,INJURY TO ELDERLY BI,10/27/2022,8/2/2021,6
5106920,931090,"RODRIGUEZ,OTTO",Stevenson,11/20/2058,MURDER,5/26/2000,6/30/1998,60
5110695,2562114,"WILLIAMS,WAVELY SCOTT",McConnell,11/10/2026,POSS CS PG1 1-4G,9/1/2023,5/3/2022,2
5111838,2528361,"KLAUS,JEFFREY",Cotulla,4/8/2053,MURDER,10/14/2024,3/28/2023,30
5111995,2595065,"ESCALANTE,JOSE A",Glossbrenner,7/24/2026,MANSLAUGHTER,6/26/2012,6/28/2009,20
5113853,2451706,"JAPPENEN,JOHN HENRY",Ney,10/30/2032,POSS W/I DEL CS PG1 4-200G,5/18/2023,10/31/2022,10
5114283,2588140,"SATTIEWHITE,DONALD",Dominguez,11/1/2026,POSS CS PG1/1B 1-4G,10/16/2025,7/27/2025,3
5114610,2495848,"VARGAS,GERARDO",Ramsey,3/29/2038,SEX ASLT CHILD,3/19/2024,3/30/2023,15
5115243,1872997,"WILLIAMS,JOSEPH",Polunsky,2/6/2055,MURDER,7/22/2013,12/1/2006,43
5116887,2010507,"WILSON,DONTE LEWAYNE",McConnell,8/29/2053,FELON POSS FIREARM,4/28/2015,8/29/2013,40
5117493,699202,"RODRIGUEZ,JUAN",Vance,11/18/2033,MURDER,9/23/1994,11/18/1993,40
5117956,2094796,"RIVERA,ANSELMO DUQUE",Memorial,12/20/2029,ROBBERY,10/5/2016,8/15/2016,12
5121463,2452895,"ALVARDO,JOSE",Stevenson,11/22/2034,POSS W/I DEL CS PG1 4G-200G,6/12/2023,6/8/2021,10
5121601,2603756,"HERNANDEZ,BILLY JOE",Glossbrenner,9/25/2026,POSS CS PG 1/1-B >=1G<4G,,6/18/2022,6
5121621,2429320,"RIVERA,AGAPITO III",Willacy County,7/9/2027,POSS CONT SUB PG1 4-200G REPEAT,1/3/2023,8/3/2022,12
5121899,1257335,"MORALES,JOSE ARMANDO",Wainwright,1/1/9999,AGG ROBBERY,8/4/2004,1/9/2003,Life
5122295,2121219,"SOSA,JUAN",Telford,10/7/2028,AGG ASLT DW,3/6/2017,10/6/2016,12
5123516,2437784,"MARTINEZ,JOSE ANTONIO",Dominguez,7/26/2027,ASLT FAM CHOK/STRANG,3/3/2023,5/8/2021,4
5124180,774840,"BARRERA,JEMINI",McConnell,9/1/2056,MURDER,11/15/1996,7/1/1995,60
5126295,2548547,"RAMOS,ARMANDO",Lopez,12/27/2028,UNL POSS FIREARM BY FELON,3/4/2025,12/10/2023,12
5128064,670158,"RIOJAS,RENE",Connally,1/1/9999,CAPITAL MURDER,3/23/1994,6/25/1993,Capital Life
5129749,2370913,"ST ONGE,DARYL JAMES",Connally,10/27/2033,AGG SEX ASLT-CHILD,10/28/2021,11/1/2017,12
5130230,2610542,"WHITE,EDDIE",Garza West,12/13/2028,POSS CS PG 1/1-B 1-4G,3/23/2026,1/30/2025,3
5130861,2613021,"GARCIA,RICHARD ANTHONY",Garza West,12/17/2029,POSS CS PG 1 1-4G,11/8/2023,6/2/2022,4
5130932,2415622,"RODRIGUEZ,JOE",Connally,9/10/2026,MANSLAUGHTER,9/29/2022,5/19/2019,15
5131146,2614154,"GILLEY,STEVEN EDWARD JR",Garza West,8/19/2027,POSS CS PG 1/1-B 1-4G,4/14/2026,11/30/2024,2
5133027,1579466,"TREVINO,DOLORES",Crain,1/1/9999,MURDER,6/1/2009,4/6/2007,Life
5133291,2307744,"NAVARRO,RICHARD",Lewis,2/10/2032,AGG ASLT W/DW,2/12/2020,2/27/2019,12
5133893,1749226,"GONZALES,RAUL T",Wainwright,6/18/2035,AGG ASLT W/DWPN,10/19/2011,7/24/2004,25
5134755,771965,"GONZALES,ROBERT",Coffield,6/1/2026,MURDER,11/14/1996,6/6/1993,38
5135847,2599548,"RAMOS,ERNEST",Segovia,7/1/2026,UNL POSS FIREARM BY FELON,1/9/2026,7/16/2024,2
5135893,1034989,"CALVILLO,RAUL JR",W. Scott,1/1/9999,CAPITAL MURDER,3/8/2001,2/2/1993,Capital Life
5136324,2459769,"LEE,REGGIE LEMONT",LeBlanc,6/27/2028,POSS W/INT DEL CS PG1 4-200G,7/27/2023,5/12/2022,12
5136929,799609,"SIMMONS,SHAWNTE DEMITRIUS",McConnell,1/1/9999,CAPITAL MURDER,4/2/1997,7/20/1994,Capital Life
5137080,999548,"LEZA,ARMANDO",Polunsky,1/1/8888,CAPITAL MURDER(DEATH),5/21/2009,4/4/2007,Death
5137702,863345,"MARTINEZ,ALBERT O",Vance,12/25/2031,MURDER,2/10/1999,5/9/1998,30
5137951,2578892,"MUNOZ,RAYMOND",Willacy County,5/9/2039,INDEC W/CHILD SEXUAL CONTACT,8/27/2025,3/1/2024,15
5138454,749874,"HEREBIA,JOSE",Wynne,1/1/9999,CAPITAL MURDER,2/8/1996,2/24/1994,Capital Life
5138899,1606129,"CEPEDA,JUAN MANUEL",Powledge,4/20/2028,SEX ASLT CHILD,9/14/2009,8/16/2007,20
5139512,2413319,"REEVES,JASON ANDRE",Wynne,5/23/2037,INDECENCY W/CHILD CONTACT,9/12/2022,8/19/2017,15
5140043,1856769,"HENRY,QUENTIN",Robertson,5/8/2047,MURDER,4/19/2013,10/26/1997,35
5141297,2295015,"PACHECO,ROY",Torres,3/2/2027,VIOL SEX OFFENDER REG-ANNUAL,11/19/2019,1/15/2018,6
5142316,2611803,"FLORES,RAMIRO TERRAZAS",Garza West,12/26/2027,DWI 3RD OR MORE,3/27/2026,12/26/2025,2
5143223,2550460,"PENA,JESSE REYES",Ellis,1/22/2028,ROBBERY,3/10/2025,12/28/2022,4
5145318,2545950,"CANTU,ROBERT C",Stevenson,10/23/2032,AGG ASLT AGAINST PUB SERVANT,2/19/2025,1/31/2023,8
5145812,1622355,"SOLIZ,ROGER",Ramsey,11/5/2058,AGG ROBBERY,1/19/2010,11/3/2008,50
5146808,2573443,"TREVINO,DAVID",Lychner,11/27/2028,AGG ASLT PUBLIC SERV,7/14/2025,11/28/2023,5
5149733,1784393,"RAMIREZ,ROGER",Hughes,1/1/9999,MURDER,5/8/2009,11/17/2006,Life
5150740,2565735,"HERNANDEZ,ENCARNICON MANUEL",Jester III,6/8/2028,ASLT SECURITY OFFICER,6/11/2025,7/8/2023,3
5152741,999235,"TREVINO,CARLOS",Polunsky,1/1/8888,CAPITAL MURDER(DEATH),7/3/1997,6/10/1996,Death
5152764,1429743,"MARIN,ANTONIO RODRIGUEZ",Ellis,9/20/2033,AGG ROBBERY,4/2/2007,9/10/2006,20
5154221,1588980,"CRUMLEY,DOYLE EUGENE",Michael,6/29/2028,MURDER (REPEATER),3/2/2009,1/5/2003,20
5154966,2234464,"TORRES,ADRIAN GILBERT",Robertson,9/9/2047,INTOX MANSLAUGHTER REPEAT,11/8/2018,4/10/2017,30
5155536,764134,"GARZA,GILBERT",McConnell,11/1/2026,MURDER,6/14/1996,9/18/1993,99
5157393,2128993,"GONZALES,MIGUEL",Ney,9/26/2060,AGG ROBBERY,4/12/2017,6/3/2015,45
5160353,830346,"ORTIZ,OSCAR",Coffield,1/1/9999,CAPITAL MURDER-NONFAMILY,1/23/1998,1/19/1994,Capital Life
5160384,2394862,"SALINAS,ANTHONY",Boyd,8/24/2054,VIOL BOND/PROTECT ORD ASLT HAB,5/19/2022,8/14/2021,33
5160422,675562,"ALMENDAREZ,CARLOS",Estelle,6/19/2047,MURDER,5/17/1994,6/5/1993,50
5165077,2588270,"MUNOZ,RENE",Dominguez,9/8/2030,MAN DEL CS PG1 4-200G,10/27/2025,2/24/2025,12
5169892,850246,"GARCIA,ROY RAY",Stiles,1/1/9999,CAPITAL MURDER,2/10/1998,7/15/1995,Capital Life
5171449,2609546,"COLEMAN,RICKY OHARA",East Texas Treatment Facility,10/23/2026,EVADING ARREST DET W/VE,2/3/2023,1/20/2023,8
5174155,1265452,"BARRIENTES,GREGORIO III",Stiles,1/1/9999,AGG ROBBERY,8/14/2003,1/31/2003,Life
5176440,718751,"RODRIGUEZ,JASON ANDY",C.T. Terrell,1/1/9999,MURDER,5/30/1995,3/25/1994,Life
5177006,2354524,"CLEDE,JOHN ANTHONY",Telford,1/1/5555,CONTINUOUS SEX ABUSE-CHILD,6/22/2021,12/30/2018,LWOP
5179035,2372495,"JIMENEZ,DAVID H",Lynaugh,12/22/2032,AGG ASLT W/DWPN,11/16/2021,12/22/2020,12
5184644,1146587,"REYES,MANUEL MEDRANO",Hightower,6/28/2026,SEX ASLT,12/4/2002,6/29/2002,23
5184843,1049674,"ROSS,CARL",Wallace,6/2/2028,MURDER,6/4/2001,2/5/2000,25
5184947,759465,"HERNANDEZ,JESSE CRUZ",Beto,1/1/9999,CAP MURDER,7/9/1996,6/14/1994,Capital Life
5185326,2490131,"MORALES,DAMIAN",Dominguez,7/17/2027,POSS WID CS PG1 4G-200G,2/13/2024,7/17/2023,4
5188003,2600812,"RESENDEZ,JULIO CAESAR",Garza West,1/31/2028,AGG ROBBERY,11/18/2025,6/23/2016,5
5192546,2598493,"TAMEZ,PEDRO REYES",Bradshaw,7/31/2034,DWI 3RD MORE,1/5/2026,5/8/2025,20
5193433,2498431,"VIGIL,PAUL",Gist,9/4/2026,POSS CS PG 1 4-200G (REPEATER),4/4/2024,1/25/2022,7
5194758,681548,"CASSETT,CHRISTOPHER",Smith,4/27/2042,MURDER,7/22/1994,11/11/1993,45
5195601,1360653,"GARCIA,ANDREW",Robertson,9/16/2054,MURDER,3/20/2006,9/16/2004,50
5195926,2578875,"CRUZ,JUAN",Cotulla,11/18/2049,AGG SEX ASLT CHILD,8/28/2025,10/20/2024,25
5196802,2463799,"SIERRA,RALPH",Bell,4/30/2030,AGG ASLT W/DWPN,8/21/2023,5/1/2023,7
5198566,2406449,"GLORIA,JOSE",Stevenson,7/14/2027,INTOX ASLT,7/22/2022,7/14/2021,6
5199508,2601689,"CARRASCO,RICHARD",Ellis,1/23/2028,ASLT FAM MEM,1/23/2026,10/12/2022,3
5201742,2049293,"CASTILLO,GARY",Havins,9/30/2026,POSS CONT SUB PG1 1-4G,7/1/2015,7/6/2014,25
5202341,1998300,"ZAMORA,ROLAND",Estelle,1/31/2035,AGG SEX ASLT CHILD,4/30/2015,1/31/2015,20
5203463,2559588,"MEDINA,HENRY RAY",Dominguez,1/25/2028,POSS CS PG1/1-B 1G-4G,5/15/2025,1/25/2025,3
5204804,897321,"THOMPSON,EVERETT CHARLES",Estelle,10/13/2043,MURDER,10/25/1999,10/13/1998,45
5205327,892606,"DILLARD,DWAYNE",Robertson,1/1/9999,CAPITAL MURDER,2/4/1999,8/2/1996,Capital Life
5205454,1329647,"VELA,ARTHUR III",Stevenson,12/28/2038,MURDER,9/29/2005,10/27/2003,35
5212892,2464372,"MORALES,MONICA",Plane,7/7/2026,POSS CS PG1 4-200G,5/7/2021,10/8/2020,3
5214811,2548012,"LOERA,JESUS A",Beto,7/9/2026,CONTINUOUS VIOLENCE AGAINST FAM,2/21/2025,1/1/2023,2
5215579,2609319,"DELAGARZA,ROLAND",Garza West,2/14/2029,THEFT PROP 30-150K,3/16/2026,5/14/2025,8
5219164,1961527,"IBARRA-LOPEZ,BERNARDO",Wallace,3/29/2052,AGG SEX ASLT CHILD,10/10/2014,6/15/2007,40
5219743,2614159,"JIMENEZ,GUSTAVO",Garza West,4/30/2034,ASSLT PREGNANT PERSON,4/17/2026,4/30/2024,10
5220452,2476857,"RANGEL,GARY MARTIN",C.T. Terrell,5/2/2033,ROBBERY,10/27/2023,5/3/2023,10
5224048,2455431,"TAVERA,HUMBERTO",Huntsville,7/16/2028,AGG ASSLT W/DEADLY WPN,5/5/2023,9/22/2019,6
5225361,2288470,"KELLEY,JAMES ALAN",McConnell,3/27/2027,AGG ASLT-DWPN/SBI FAM DATING,10/7/2019,3/27/2019,8
5228240,1763656,"VILLARREAL,DAVID",Willacy County,6/15/2032,AGG ROBBERY,1/17/2012,4/2/2011,15
5228555,2221494,"GARZA,RAUL III",Torres,1/10/2039,MURDER,9/7/2018,1/10/2017,22
5232518,2171829,"MUNOZ,DANIEL JOSEPH",Robertson,6/6/2027,INDECENCY W/CHILD CONTACT,12/8/2017,12/31/2012,10
5233618,2054777,"RAMIREZ,ROGER",Stringfellow,1/29/2030,MURDER,3/9/2016,12/16/2001,15
5235527,1524888,"CYR,BRIAN PAK",Jester III,3/6/2106,MURDER,8/27/2008,3/5/2007,99
5236774,2333202,"RIOS,MARIO",Byrd,2/18/2038,AGG ASLT W/DWPN,12/9/2020,7/9/2019,18
5238149,1288356,"MITCHELL,DARYL JAMES",Connally,1/19/2103,MURDER,11/9/2004,3/16/2002,99
5241666,2328555,"TREVINO,DAVID EARL",Gist,6/11/2026,FELON POSS FIREARM,10/30/2020,10/27/2020,6
5245030,2610214,"NESLER,ROBERT KEITH",Dominguez,6/21/2026,THEFT PROP $2500,3/31/2026,10/16/2025,0.5
5245201,2531958,"GARCIA,HERMAN JOSE CAJINA",Briscoe,7/5/2028,DWI 3RD OR MORE REPEATER,11/19/2024,5/12/2024,10
5246516,1235120,"SHOWERS,JOHNNY",Connally,5/21/2032,AGG ROBBERY,5/3/2004,12/11/2003,28
5247226,2513781,"CUMPIAN,ROLAND",Stiles,4/27/2035,DWI,7/12/2024,12/17/2023,28
5248956,2586701,"RODRIGUEZ,GILBERT JR",Lychner,11/12/2026,THEFT PROP <2500 PREV CONV,9/29/2025,12/14/2024,1.5
5249394,2568156,"TREJO,ANTHONY",Coffield,4/8/2033,SEXUAL ASLT CHILD,6/9/2025,1/4/2021,12
5262551,1939096,"FLORES,BEATRICE",Murray,12/26/2026,AGG ROBBERY,6/30/2014,4/3/2013,12
5264480,2588289,"TELLES,TIBURCIO ALONSO",Dominguez,11/14/2029,DWI,7/6/2022,4/16/2019,9
5264608,1389393,"WEATHERLY,JOHN MICHAEL",Wainwright,1/1/9999,AGG ROBBERY,8/22/2006,3/10/2005,Life
5265467,1512049,"OCHOA,JERRY",Willacy County,4/18/2037,AGG ASLT W/DW SBI FAM/DATING,6/3/2008,4/19/2007,30
5269110,2498980,"COFFMAN,YOLANDA",Coleman,9/2/2026,DWI,4/15/2024,9/11/2023,8
5272053,2487022,"VINCENT,JEFFREY",Lewis,7/19/2033,CON PROH SUB CORR FAC,1/22/2024,1/27/2023,10
5272267,2532166,"CROCKETT,JAVON LAMAR",Segovia,3/1/2027,ASLT INT/RCK BRTH/CIRC FAM PREV,10/10/2024,11/2/2022,5
5274915,2390539,"WILLIAMS,CHRISTOPHER JOHN",McConnell,1/1/2027,THEFT 30K-150K,4/11/2022,8/4/2020,7
5280716,2559107,"GARCIA,LUIS",Hamilton,7/6/2026,POSS CS PG1/1B L/1G,4/29/2025,9/1/2024,2
5281522,1966680,"MONTEITH,ROY LEE",C.T. Terrell,10/23/2031,INDEC W/CHILD EXPOSURE,11/10/2014,6/10/2012,18
5282025,2498128,"CANTU,GEORGE",Garza West,12/1/2026,TAMP ELEC MON DEV INTENSE,3/28/2024,11/7/2023,5
5283438,2478171,"BUENO,JOHN HENRY",Ney,9/11/2026,ATT ONLINE SOL MINOR MEET/INT,11/16/2023,5/1/2020,5
5292037,2540217,"VALENZUELA,SERGIO",Lopez,12/26/2027,POSS W/ID DEL CS PG1 4G-200G,5/26/2022,11/18/2019,5
5295276,1605226,"STERNBERG,LEROY",Jester III,11/5/2028,AGG SEX ASLT-ELDERLY/DISAB (REP),10/12/2009,6/10/2008,20
5297560,2283247,"GUTIERREZ,PAUL",Coffield,7/1/2046,MURDER,9/12/2019,1/7/2019,23
5302017,1814746,"TRUELOVE,BILLY RAY",Wallace,12/31/2029,POSS CS PG1 1-4G,10/1/2012,3/1/2011,16
5305147,840105,"MARMOLEJO,RICHARD",Robertson,2/17/2060,ATT CAPITAL MURDER,7/16/1998,5/30/1997,60
5306710,2383901,"CONTRERAS,SANTOS",Estelle,10/20/2026,POSS WID CONT SUB PG1 4-200G,2/17/2022,9/1/2020,6
5307068,832277,"LEWIS,KEVIN R",Coffield,8/22/2057,MURDER,5/7/1998,1/1/1997,60
5307526,2103851,"TORRES,ANTONIO",Connally,1/18/2054,MURDER,9/15/2016,11/4/2013,40
5309063,2470968,"CARCANO,RENE",Torres,9/23/2028,DWI 3RD OR MORE,9/27/2023,4/6/2022,5
5309713,730333,"HERNANDEZ,JAMES D",Stevenson,12/1/2026,AGG ROBBERY,7/11/1995,2/18/1994,50
5310946,2326283,"BERMEA,GILBERT",Hightower,11/14/2027,VIOL SEX OFFENDER REG ANNUAL,10/8/2020,9/2/2019,8
5311644,2519868,"LARRAGOITIY,HECTOR",Havins,9/29/2026,ASLT FAMILY 2ND OFFENSE,8/15/2024,11/10/2023,5
5312199,2208651,"BENAVIDES,MARK",McConnell,3/27/2098,CONT TRAFF PERSONS,4/6/2018,12/16/2011,80
5315221,2076557,"MONTEZ,ALAN",Wynne,8/6/2036,AGG SEXUAL ASLT CHILD,6/27/2016,9/1/2007,22
5315706,2160374,"ESPARZA,CARLOS",Lewis,7/26/2036,AGG SEXUAL ASLT-CHILD,10/2/2017,6/26/2016,20
5315986,2369074,"WIEDNER,PAUL A",Stiles,4/18/2027,VIOL BOND/PROT ORD-2 PRIORS,10/19/2021,9/22/2018,8
5316292,2143023,"WHITLEY,ARTHUR",Clements,5/25/2065,MURDER,6/23/2017,5/26/2015,50
5316496,2573782,"HERNANDEZ,JOSE SANTOS",Segovia,7/17/2027,DWI 3RD/MORE,7/23/2025,6/7/2024,2
5316538,2602832,"PIERCE,BENNETT LEE",Cotulla,4/11/2039,DWI,1/23/2026,4/11/2025,14
5322710,2557144,"DARDEN,GREGORY L",Lychner,11/11/2026,THEFT PROP <2500 2/M PREV CONV,4/16/2025,9/11/2024,1.6
5323518,1602845,"SANTA,ERASMO",Telford,8/30/2106,MURDER,10/9/2009,8/18/2007,99
5324323,2551080,"TAYLOR,SHANNA",Young,9/1/2026,THEFT PROP L/1500 2/MORE,1/7/2025,10/15/2022,4
5330387,1910611,"DIAZ,JOHN PAUL",McConnell,5/1/2053,AGG ROBBERY,2/6/2014,4/26/2013,40
5330645,2517967,"SANCHEZ,TED",Dalby,2/22/2044,AGG ROBBERY,8/8/2024,2/12/2024,20
5330988,2553964,"ALAQUINEZ,MANUEL",Garza West,4/2/2027,UNAUTH USE OF VEHICLE,4/2/2025,10/19/2024,2
5332361,2571532,"COROTHERS,ANDRE NATHAN",Gist,11/12/2026,POSS CONT SUB 4-200G,7/21/2025,4/13/2025,2
5334240,811709,"GOMEZ,JONATHAN",Lewis,1/1/9999,MURDER,11/24/1997,1/15/1995,Life
5334854,2607515,"HERNANDEZ,GLORIA JEAN",Plane,7/4/2027,UUV,1/12/2021,5/6/2020,1.5
5336578,807933,"RODRIGUEZ,RICHARD",Connally,1/1/9999,CAPITAL MURDER,9/12/1997,12/11/1993,Capital Life
5336617,2396598,"GONZALES,ADAM ISAAC",Connally,12/1/2026,AGG ROBBERY,5/23/2022,5/14/2020,7
5337282,2598435,"CRUZ,JOHN ANTHONY",Glossbrenner,8/20/2026,POSS CS PG1 4-200G,8/29/2023,4/3/2023,4
5338252,829555,"REY,SIENIDO SAM",Wainwright,6/13/2046,MURDER,3/25/1998,6/13/1996,50
5338745,2581278,"FRANKLIN,DEDTRIC LEYMONT",Lopez,3/29/2028,ASLT PUBLIC SERV,9/16/2025,3/30/2025,3
5342353,1210435,"HARWOOD,MICHAEL EDWARD",Wynne,7/24/2046,MURDER,11/13/2003,7/18/2002,35
5343664,777659,"WARFIELD,MARKETT MAURICE",Allred,1/1/9999,CAPITAL MURDER,11/12/1996,7/20/1994,Capital Life
5344054,1870046,"SPAULDING,JEFFERY BRIAN",Stiles,2/8/2051,MURDER,7/8/2013,2/7/2011,40
5344319,797653,"WILLIAMS,SHERRAND OWENS",Connally,1/1/9999,CAPITAL MURDER,11/12/1996,7/20/1994,Capital Life
5345550,737380,"HERNANDEZ,JESSE",Stiles,1/1/9999,CAP MURDER,6/7/1995,9/12/1993,Capital Life
5345710,2452492,"GUTIERREZ,PATRICIA",Plane,11/12/2029,AGG ROBBERY,6/12/2023,11/13/2022,7
5346810,2614652,"GALAN,EVE MARIE",Plane,4/9/2028,POSS CS PG1 1-4G,11/1/2021,11/11/2020,2
5348179,2570177,"GUERRERO,JUAN ROMAN",Dominguez,5/21/2028,POSS CS PG1/1-B 1-4G,7/9/2025,12/28/2024,3
5348325,2168674,"RIOS,JESUS RUBEN",Allred,1/12/2062,AGG ROBBERY,11/16/2017,1/10/2017,45
5350511,2557415,"OY,CHRISTOPHER SCOTT",Dominguez,8/25/2026,FRAUD USE/POSS ID INFO L/5 ELD,8/23/2023,4/4/2023,4
5351763,756357,"NOLDEN,RYAN JASON",Huntsville,1/1/9999,CAPITAL MURDER,6/13/1996,10/6/1994,Capital Life
5352686,2600134,"RIVAS,TERESA RENEE",Halbert,10/20/2026,MAN/DEL CS PG1 4-200G,1/21/2026,8/2/2022,5
5354898,2308861,"OSBORNE,DOMINICK LAMONT",Pack,8/31/2026,EVADING ARREST/DETN W/VE,2/12/2020,8/24/2017,5
5359329,774856,"KNUPP,WILLIAM II",Allred,1/1/9999,CAPITAL MURDER,2/16/1996,7/4/1994,Capital Life
5360305,1200244,"MAY,SHAWN D",W. Scott,8/19/2047,MURDER,8/25/2003,8/19/2002,45
5362375,727360,"FRAGA,MARIO",McConnell,1/1/9999,AGG SEX ASLT,4/10/1995,1/1/1994,Life
5364848,2610527,"LOZANO,FREDDY B",Garza West,4/16/2028,POSS CS PG1/1B 1-4G,3/24/2026,1/31/2025,3
5366099,2609544,"ALDERETE,CHRISTOPHER",Glossbrenner,10/23/2026,BURG HABIT INT COMM ASLT,5/18/2022,5/14/2021,6
5367504,745249,"SMITH,NICHOLAS",Allred,12/1/2026,MURDER,2/16/1996,8/11/1994,40
5367627,2332030,"GUTIERREZ,GERONIMO",Allred,1/1/9999,CAPITAL MURDER,4/18/2002,5/29/1999,Capital Life
5368659,762976,"VALLE,ROLAND",Estelle,6/29/2026,AGG SEX ASLT,9/11/1996,11/5/1995,30
5373408,2044496,"GARCIA,JESUS",Connally,12/20/2028,AGG ASLT AGAINST PUB SERV,1/7/2016,12/21/2013,15
5375492,2214947,"HASTINGS,AVERY PERNELL",Gist,7/10/2026,POSS CONT SUB 1-4G,8/2/2018,12/12/2017,10
5378137,803104,"FRANCIS,ALEX",McConnell,8/9/2042,MURDER,9/3/1997,2/18/1995,45
5381261,2541335,"ZAMBRANO,PHILLIP",Beto,1/17/2028,ROBBERY,1/13/2025,1/10/2023,5
5382125,749876,"IVY,BRIAN KEITH",Skyview,1/1/9999,MURDER,9/20/1995,3/20/1995,Life
5382601,2580223,"MARTINEZ,JUAN ANTONIO",Lopez,12/1/2026,ASLT FAMILY HSEHLD MEMBER,9/8/2025,3/16/2025,3
5386814,2396615,"SALDANA,DEMETRIO",Allred,4/15/2027,POSS WID CONT SUBS 4-200G,5/31/2022,6/29/2021,5
5389297,792069,"CAMERON,PAUL",Connally,1/1/9999,CAPITAL MURDER,3/13/1997,1/15/1995,Capital Life
5389370,2394281,"PUENTE,COREY SAM",McConnell,1/1/2030,AGG SEX ASLT CHILD,5/6/2022,5/1/2011,15
5389409,2568155,"SUTTON,TONY JEROME",Hamilton,7/16/2026,POSS CS PG1/1-B 4-200G,6/27/2025,3/17/2025,3
5389572,1649207,"VELASQUEZ,PLACIDO ANTONIO",Lynaugh,10/6/2044,SUPER AGG SEX ASLT-CHILD,6/2/2010,1/1/2008,35
5390706,2605449,"OLDS,LANDRY",East Texas Treatment Facility,1/2/2027,POSS CS PG 1/1-B >=4G<200G,,3/11/2025,4
5394944,764919,"FRANKLIN,KEVIN ANTRONE",C.T. Terrell,2/1/2034,MURDER,8/23/1996,2/2/1995,35
5396304,786056,"BANDA,JOE",Polunsky,1/1/9999,AGG ROBBERY W/DDLY WPN,2/11/1997,12/30/1994,Life
5398295,2559103,"CRUZ,ELI",Garza West,4/1/2027,EVADING ARRST DET W/VEH,5/7/2025,4/1/2025,2
5398733,1797730,"FOURMAN,JAMES",Hospital Galveston,7/28/2026,AGG ASLT W/DWPN-REP,7/5/2012,2/20/2012,20
5399377,2599543,"MCDANIEL,WILLIAM WAYNE",Lopez,2/1/2029,POSS CS PG 1/1-B 4-200G,1/9/2026,11/9/2025,7
5399774,2166072,"ALVEAR,CONRAD",Dominguez,3/26/2028,POSS W/INT DEL CONT/SUB 1-4G,10/30/2017,6/28/2016,10
5400927,2429948,"LEE,KENDALE JAMES",Garza West,5/9/2027,POSS WID CS PG1 4-200G,2/24/2014,7/26/2012,8
5402145,2593067,"RIVAS,JUAN",Dominguez,10/14/2026,UUV,12/1/2025,8/16/2025,1.2
5402656,2171161,"DELEON,MARIO",Stevenson,9/21/2028,AGG SEXUAL ASLT CHILD,11/9/2017,11/18/2015,12
5403358,829554,"PEREZ,JOSE EVERRADO",Lynaugh,9/25/2037,MURDER,4/20/1998,8/10/1995,40
5405886,771403,"FLOWERS,WILLIAM",Lewis,2/16/2094,MURDER,11/1/1996,2/17/1995,99
5405930,1903192,"TREJO,JAVIER",McConnell,2/1/2030,INDEC W/CHILD CONTACT,1/14/2014,12/25/2011,18
5406198,1575222,"GARZA,LUIS",Lynaugh,4/13/2049,ROBBERY,5/15/2009,10/22/2006,40
5406416,2474547,"CANTU,MANUEL",Hamilton,11/1/2026,ALT DESTR CONCEAL HUMAN CORP,10/23/2023,2/23/2019,8
5406780,2529223,"CAMARILLO,ROLAND",Garza West,2/29/2032,INDECENCY W/CHILD SEX CONTACT,10/21/2024,1/1/2009,8
5406925,2584447,"PIERCE,EMMA",Plane,6/1/2026,PROSTITUTION W/3RD OR MORE,1/26/2022,3/8/2021,2
5407929,1647033,"MORIN,ROLAND",Hughes,12/12/2059,AGG SEXUAL ASLT CHILD,5/3/2010,6/28/2006,50
5409250,2589542,"CARLOS,EDUARDO EDDIE",Lopez,6/27/2029,VIOL BOND/PROT ORDER 2X W/I 12M,10/29/2025,11/25/2021,8
5411751,2034471,"SANTOS,LEROY",Ellis,7/24/2026,POSS WID CONT SUBS PG1 4-200G,11/6/2015,5/14/2014,25
5414360,2522285,"DELAROSA,CHRISTOPHER",Ferguson,2/13/2054,AGG SEX ASLT CHLD,7/15/2024,9/7/2018,30
5414387,1799158,"FLORES,ADAM H",Lopez,11/30/2031,BURG HABIT-FORCE,7/9/2012,2/27/2012,18
5416283,1363365,"REY,CARLOS",Clements,9/21/2051,MURDER,3/27/2006,9/13/2004,40
5416286,2605376,"ROBINSON,CHRIS ADRIAN",East Texas Treatment Facility,10/1/2026,FELON POSS FIREARM,6/8/2018,10/12/2017,12
5416439,2427435,"RAMOS,IGNACIO JR",Chasefield Wilderness,9/1/2026,DRIVING WHILE INTOXICATED,12/13/2022,5/12/2022,7
5416513,2480339,"COLLINS,STEPHAN ANDRE",Gurney,11/8/2026,ASSLT FM CHOKE - REPEAT,12/11/2023,7/9/2022,10
5416714,2593417,"ALMAGUER,DAVID JR",Stevenson,2/1/2027,MAN DEL CS PG1-B 4-200G,11/20/2025,10/9/2023,6
5417506,793772,"RAMOS,IGANACIO ABEL",McConnell,1/1/9999,CAPITAL MURDER CHILD U/6,6/10/1997,10/19/1994,Capital Life
5419213,1928566,"SEGOVIA,ANDRES ALFREDO",Wainwright,7/18/2067,MURDER,5/6/2014,6/8/2012,55
5420459,2602587,"RAMIREZ,ERNEST C",Glossbrenner,9/18/2026,HARASSMENT BY PERSON IN CORR/DET,,3/26/2025,5
5420475,1244744,"LURATI,MARK ANTHONY",Estes,10/2/2037,SEX ASLT CHILD,5/25/2004,4/1/2000,20
5420504,1397089,"WHITE,ALBERT",Jester III,5/5/2050,AGG ASLT-SBI,9/5/2006,3/8/2003,45
5420912,760638,"HICKS,JERMAINE",Connally,1/1/9999,CAPITAL MURDER,7/19/1996,6/19/1994,Capital Life
5421896,2497053,"CEDILLO,JAVIER GUAJARDO",Willacy County,4/10/2035,POSS CS PG 1 4-200G,3/26/2024,4/10/2023,12
5422644,2494679,"GUEVARA,NOEL ALBERTO",Garza West,9/28/2027,REPEATED VIOL CT ORD/BOND COND,3/6/2024,5/4/2023,4
5424252,831468,"GARCIA,LYON DANIEL",Lewis,1/1/9999,MURDER,5/18/1998,7/28/1996,Life
5424261,2581295,"MILES,LUTTRELL",Ellis,10/10/2026,POSS CS PG1 1-4G,7/13/2023,8/3/2021,3
5426583,2608773,"BACA,JESUS",Estelle,6/1/2026,AGG SEX ASLT CHILD,3/11/2026,2/9/2025,6
5427348,2159849,"ROBINSON,PAULA DAWN",O'Daniel,11/1/2026,COMPEL PROST-CAUSE CHILD TO CO,10/9/2017,2/8/2015,10
5427500,2535865,"DUKES,MARK SPENCER",Lopez,11/27/2029,FRAUD USE POSS ID INFO 10-50,12/6/2024,11/27/2024,5
5429601,840924,"SEGURA,JUAN JR",Allred,1/1/9999,MURDER,4/16/1998,4/10/1997,Life
5434499,2104750,"CASTRO,JIMMY",LeBlanc,12/24/2029,INDECENCY W/CHILD CONTACT,12/6/2016,7/9/2014,14
5434962,2547039,"HOWLAND,STEVEN RAY",Ellis,9/16/2026,CONT VIOL AGAINST FAMILY,2/21/2025,7/6/2024,5
5439749,744052,"GUERRERO,ADAM",Ellis,1/1/9999,CAPITAL MURDER,1/29/1996,6/4/1994,Capital Life
5443317,2185635,"WATERS,CODY ALLEN",Luther,3/14/2031,AGG ASLT W/DWPN,3/18/2016,1/25/2014,15
5444400,2458760,"TORRES,TEODORO",Lychner,2/15/2034,SOL CAPITAL MURDER REMUNERATION,7/28/2023,9/1/2019,12
5444404,2502480,"WILLIAMS,DOMINIC MATTHEW",Cotulla,1/1/2027,POSS W/I DEL CS PG1 4-200G,4/29/2024,12/31/2023,5
5445375,2272470,"ARROYO,LUIS ANTONIO",Stiles,8/18/2059,ESCAPE FEL CUSTODY/CORR FACIL,3/29/2019,3/2/2018,99
5445647,2491679,"GOMEZ,JOSE FERNANDO",Connally,2/12/2028,DWI 3RD OR MORE,8/6/2024,3/31/2023,4
5445877,2425846,"LEOS,CUAUTEMOC",Jester III,7/22/2029,ROBBERY,9/12/2022,7/22/2021,8
5446199,784554,"VARA,ELIAS SAUCEDA",Clements,12/10/2095,AGG SEX ASLT CHILD,12/13/1996,6/30/1994,99
5446309,2373645,"MCGARITY,LEONARD",Connally,8/27/2033,PROH SEX CONDUCT/INCE,11/19/2021,5/28/2020,12
5446529,843523,"HERNANDEZ,RICHARD",Connally,10/25/2036,AGG ASLT,2/23/1998,5/19/1996,20
5447567,2583583,"CASTILLO,MAX",Ney,10/24/2030,ASLT FAM/HSE MEM IMP BRTH/CIRC,9/25/2025,10/11/2024,6
5447782,2577701,"DIAZ,RAUL JR",Garza West,4/1/2027,ONLINE SOLI MINOR SEXUAL CONDUCT,8/26/2025,11/15/2023,3
5449889,1864865,"ARZOLA,RAUL",Stringfellow,1/5/2033,AGG ROBBERY,6/21/2013,6/22/2012,20
5450160,1453192,"KELLEY,MONTRE LAMONT",Wainwright,5/27/2085,AGG SEX ASSLT,7/30/2007,4/12/2005,60
5451511,2257409,"FRITH,MILON LEE",Byrd,6/10/2026,EVADING ARREST/DETN W/VE,4/5/2019,5/5/2018,7
5451535,2207439,"LOPEZ,RAFAEL",Connally,3/9/2031,POSS CONT SUB 1-4G,6/26/2018,10/30/2017,13
5451672,2026683,"CASTILLO,MILTON",Ellis,10/22/2039,AGG ROBBERY,9/24/2015,10/21/2014,25
5453270,2588018,"RYMERS,GARY",Glossbrenner,6/11/2026,FELON POSS FIREARM REPEAT,2/27/2024,10/24/2022,7
5456104,2584945,"ALVAREZ,ALBERTO CASTANEDA",Dominguez,6/1/2026,UNL POSS FIREARM BY FELON,10/7/2025,6/6/2024,3
5457066,1945399,"LACKEY,MILTON",LeBlanc,8/1/2026,BURG HABIT INT COMM FEL-FOR,8/12/2014,8/20/2011,15
5457673,1091682,"TIJERINA,GILBERT JR",McConnell,10/8/2129,AGG ROBBERY,7/17/2001,1/28/2000,60
5458106,2446505,"SANCHEZ,RUDY R",Hodge,4/17/2031,INDECENCY W/CHILD CONTACT,4/19/2023,4/26/2021,8
5460388,1358179,"OWENS,BRANDON LEE",Huntsville,12/18/2039,MURDER,3/13/2006,12/18/2004,35
5460469,1810569,"CLEMONS,RALPH JEROME",Allred,7/21/2072,AGG ASLT DW,9/12/2012,7/21/2011,61
5461387,2588248,"CASTRO,GUMARO",Travis County,8/31/2026,UNL POSS FIREARM BY FEL,10/27/2025,10/25/2024,4
5462287,2301060,"AGUILAR,DAVID ANTHONY",Ramsey,11/20/2049,CONT SEX ABUSE-CHILD,12/19/2019,12/5/2017,30
5464857,2583585,"DOMINGUEZ,RODOLFO",Glossbrenner,7/7/2026,ASLT FAM,3/11/2024,12/31/2023,3
5465230,2492410,"AYALA,JAVIER JR",Lopez,9/29/2036,THEFT $150K-$300K,2/26/2024,3/26/2023,13
5467419,2427421,"GARCIA,JORGE F",LeBlanc,6/1/2026,INDEC W/CHILD EXPOSE,12/20/2022,9/1/2018,4
5468220,2563307,"BROWN,CURRY WAYNE",Lopez,7/2/2026,MAN/DEL CS PG1 1-4G,5/29/2025,10/9/2024,5
5469855,770131,"SOTO,DOMINGO S",Memorial,1/1/9999,CAP MURDER,10/18/1996,2/19/1995,Capital Life
5472109,2487501,"GUERRA,DEBRA ANN",Murray,1/19/2037,AGG ASSLT W/DEADLY WPN,2/2/2024,1/15/2022,15
5474235,1718951,"CAVAZOS,JUAN A",Hughes,1/1/9999,MURDER-HAB,5/18/2011,12/2/2009,Life
5475598,2310343,"RENDON,STEVEN ANTHONY",Lynaugh,10/31/2032,AGG SEX ASLT CHILD,2/4/2020,2/1/2010,13
5477483,2014656,"FARIAS,WALTER",Smith,5/1/2027,AGG SEX ASLT-CHILD,7/29/2015,7/1/2010,15
5478299,2136517,"MARTINEZ,MARIO",Hughes,7/19/2036,AGG ROBBERY,5/16/2017,7/17/2016,20
5478970,2583966,"GARCIA,EDWARD",McConnell,11/18/2064,SEX ABUSE CHILD CONT VU14,9/24/2025,8/30/2014,40
5479117,1859491,"GUTIERREZ,RANDY",Connally,7/15/2034,MURDER,5/13/2013,4/3/2012,22
5479975,1217131,"PORTALES,OSCAR",Connally,12/15/2056,MURDER,1/30/2004,7/17/2001,55
5480986,2398671,"RODRIGUEZ,RICARDO III",Gist,6/1/2026,FELON POSS FIREARM,5/31/2022,7/29/2021,7
5482163,1957561,"GARZA,BENITO",McConnell,9/21/2072,MURDER,9/26/2014,9/21/2012,60
5483153,1053896,"SALAZAR,ROBERT",McConnell,1/1/9999,POSS W/I DEL C/SUB,12/1/2000,6/28/1999,Life
5483937,2531742,"WILLIAMS,WARREN ASHLEY",Dominguez,6/3/2026,POSS CS PG1 4-200G,3/26/2021,12/7/2020,5
5484102,2251220,"SUMLIN,STEVEN CHARLES",Polunsky,4/20/2073,CONT TRAFF OF PERSONS,12/6/2018,4/1/2016,55
5485622,1883568,"EVANS,DAMON JABOR",Garza West,12/31/2031,AGG ROBBERY,9/16/2013,7/13/2013,16
5485965,2090714,"PEREZ,JUAN EDUARDO",Lychner,3/25/2032,AGG ROBBERY,9/16/2016,3/21/2016,15
5486116,1862185,"DEMERS,LARRY WILLIAM",Gurney,6/18/2042,MURDER,5/28/2013,6/18/2012,30
5486290,2594734,"MACIAS,RENE",Segovia,7/1/2026,THEFT PROP L/2500 2/MO PREV CONV,12/8/2025,7/31/2024,2
5487801,1478886,"THOMAS,RONALD",C.T. Terrell,9/24/2033,AGG SEX ASLT-ELDERLY/DISABLED,12/17/2007,9/7/2004,23
5488250,2478208,"PARKER,RANDOLPH GEORGE",Gist,7/10/2026,UNL CARRY WPN W/FELONY CON,11/9/2023,10/14/2022,7
5488987,2452929,"ZAMORA,ROLAND",Connally,6/1/2027,ARSON - HABITATION,6/8/2023,5/6/2022,5
5489515,2287157,"MARTINEZ,CARLOS",W. Scott,6/10/2048,MURDER-REPEATER,9/30/2019,6/10/2018,30
5489627,1213063,"MORENO,RALPH",McConnell,1/1/9999,MURDER,11/21/2003,3/8/2002,Life
5490350,1683433,"FENNELL,JOHN",McConnell,1/1/5555,CAPITAL MURDER-OTHER FELONY,3/4/2026,8/29/2007,LWOP
5490401,1196421,"PEREZ,ROBERT",Memorial,7/30/2041,AGG KIDNAPPING,9/22/2003,7/19/2002,39
5491538,2541729,"SALINAS,MICHAEL ANGEL",Dominguez,1/26/2027,THEFT PROP <$2500 2/M PREV CONV,1/30/2025,10/18/2023,2
5491982,777808,"SIVERAND,JOHN D",Hughes,1/1/9999,AGG SEX ASSLT/CHILD,12/19/1996,5/3/1995,Life
5492031,1094386,"SALAS,ROBERT",Hughes,1/1/9999,AGG SEXUAL ASSAULT/CHILD,1/30/2002,11/30/1997,Life
5494826,2471006,"SCOTT,TERRENCE LEE",Cotulla,8/27/2032,ASLT FAM 2ND OFF,6/7/2017,9/10/2015,10
5495395,2221478,"ARRIOLA,LUIS",Dominguez,12/24/2028,AGG ASLT W/DDLY WPN,8/21/2018,2/12/2016,8
5495496,1991585,"AGUEROS,ESTEVAN B",Smith,8/29/2031,AGG SEX ASLT CHILD,4/1/2015,8/16/2014,17
5498207,2567934,"MORALES,ROBERT",Connally,4/5/2027,ASLT FAM/HSE MEM PREV CONV,6/24/2025,4/5/2025,2
5498663,1857076,"BARNES,JASSEN",Clements,1/1/9999,MURDER,5/1/2013,7/22/2011,Life
5499283,2558535,"GARCIA,RICARDO",Dominguez,12/8/2026,EVADING ARREST DET W/VEH,2/27/2025,4/23/2024,6
5500121,2080510,"GREEN,DOMINIQUE",Robertson,1/1/5555,CAPITAL MURDER,7/21/2016,12/3/2014,LWOP
5505746,2468966,"GONZALEZ,ABEL",Allred,9/28/2050,AGG ASLT W/DWPN HAB,9/22/2023,9/28/2020,30
5506532,2411522,"FLORES,PEDRO",McConnell,10/20/2036,AGG SEX ASLT OF A CHILD,9/1/2022,8/14/2015,15
5506790,2502766,"MILLER,RICHARD JEREMY",Briscoe,9/1/2026,THEFT UNDER $2500 ENHANCED,5/7/2024,3/22/2024,6
5509253,2450038,"GONZALES,SIMON",McConnell,11/12/2030,AGG ASLT W/DWPN,5/19/2023,2/28/2021,8
5509498,1697896,"CASAS,JOE LEONARD",Hughes,11/2/2044,MURDER (REPEATER),2/7/2011,8/10/1997,35
5510156,824600,"GONGORA,MARK ANTHONY",Lewis,7/24/2045,MURDER,11/24/1997,7/24/1997,45
5510578,2607994,"CONTRERAS,JUAN PABLO",Garza East,10/28/2029,AGG ASLT DW,1/13/2026,10/2/2021,5
5515227,1764455,"ANDREWS,VALERIE R",Murray,8/7/2065,MURDER,1/24/2012,8/8/2010,55
5515847,1893489,"RAMOS,RUDY",Lopez,6/6/2033,POSS WID CONT SUBS 4-200G,8/14/2013,3/29/2013,15
5516350,2540231,"BRYANT,DARYL WAYNE",Gist,6/11/2026,UNL POSS FIREARM BY FELON,12/11/2024,5/9/2023,5
5517037,1556639,"CANTU,JESSE",McConnell,7/15/2047,AGG ASLT W/DW,2/9/2009,7/15/2007,40
5520245,1715663,"OJEDA,JUAN",Lewis,10/23/2027,BURG HABIT-FORCE,5/2/2011,10/17/2010,15
5525905,2292967,"WEAKLEY,MATTHEW",Cotulla,2/27/2044,ROBBERY-HABITUAL,10/29/2019,2/2/2019,25
5526418,2150354,"NAJERA,GREGORIO",Cotulla,10/12/2041,AGG ASLT DW/SBI FM/DATING,7/31/2017,10/12/2016,25
5526517,2517957,"JOHNSON,MARCUS DONALD",Hughes,6/7/2029,AGG ASLT W/DW,8/22/2024,4/16/2022,6
5526788,1913254,"ABEDI,SASAN",Dominguez,10/14/2026,BURG HABIT FORCE,2/7/2014,8/11/2013,13
5527747,2509874,"CROOK,CORNELIUS MARTIN",W. Scott,7/24/2026,ASLT PUB SERV,5/29/2024,7/24/2022,4
5527752,2323705,"FLORES,JAY",Wainwright,11/17/2027,BURG HABIT,8/12/2020,11/17/2019,8
5528268,2603026,"GARCIA,JOHNNY VINCENT",Dominguez,11/13/2030,MAN DEL CS PG1 1-4G,2/9/2026,11/13/2025,5
5529230,2452382,"JACKSON,DEMETRIC DESHAWN",C.T. Terrell,10/1/2026,ASLT FAM CHOKING/STRANGU,6/1/2023,5/29/2022,6
5530690,1607771,"TAYLOR,TERRY",Hamilton,10/1/2026,AGG ROBBERY,10/2/2009,7/11/2007,30
5531816,2492643,"VASQUEZ,ANTHONY",Connally,11/24/2071,MURDER,3/4/2024,11/7/2021,50
5533942,2045642,"MARTINEZ,RICARDO JR",Michael,6/1/2026,AGG SEXUAL ASLT,1/19/2016,10/1/2007,15
5534250,1337254,"VENZOR,DOMINIC",Fort Stockton,12/22/2049,AGG SEXUAL ASLT CHILD,10/5/2005,7/30/1998,45
5534877,2516104,"CUOCO,ROSS GENE",Willacy County,5/2/2030,AGG ROBBERY,7/11/2024,7/19/2019,8
5535171,1421960,"CAMACHO,ALFREDO",Connally,1/1/9999,AGG SEXUAL ASLT CHILD,10/13/2006,3/1/2004,Life
5535640,2271372,"MARTINEZ,GENEROSA",Briscoe,12/1/2026,ASLT FAM 2ND OFFENSE,6/27/2019,2/4/2018,6
5535771,1570519,"SOTO,JOHN",Robertson,3/17/2108,AGG SEX ASLT-CHILD,3/23/2009,7/15/2005,99
5535802,2532155,"ALVARADO,ANTONIO ERNESTO",Gist,6/11/2026,BURG OF HABIT,11/18/2024,10/5/2018,4
5536167,1311937,"GONZALES,FRANK",Bartlett,12/20/2029,AGG SEXUAL ASLT - CHILD,6/22/2005,11/6/2004,25
5537503,2398652,"HERNANDEZ,DAVID EDWARD",Dominguez,12/25/2026,ASLT FAMILY 2ND OFFENSE,6/9/2022,11/27/2020,3
5541242,2550870,"DELACRUZ-MARTINEZ,JESUS",Garza West,12/18/2027,POSS CS PG1/1-B 1-4G,3/19/2025,7/16/2024,3
5541312,2486082,"VILLARREAL,JOSE A",Connally,7/31/2030,INDECENCY W/CHILD CONTACT,1/16/2024,3/31/2011,10
5542018,1367453,"DOZIER,WALTER",Cotulla,2/20/2048,MURDER,3/10/2006,7/23/2004,35
5542040,2577722,"WILSON,JOSEPH",Dalby,10/11/2034,POSS CHILD PORN >500 VISUAL DEPI,8/25/2025,4/16/2024,10
5543439,2573780,"GARCIA,JUAN A",Hospital Galveston,8/2/2026,POSS CS PG1 1-4G,3/29/2022,6/19/2020,3
5543712,1675910,"WILSON,MICHAEL DEWAYNE",Estelle,7/19/2026,AGG ROBBERY,10/11/2010,4/16/2009,15
5544353,2492435,"YOUNG,BRIAN KENDALL",Willacy County,2/16/2035,MANSLAUGHTER,2/26/2024,8/1/2022,12
5547303,2591908,"VASCO,MARCUS",Briscoe,9/10/2044,AGG ASLT CAUSE SBI,11/21/2025,4/4/2023,20
5547898,2613780,"CALAHAN,VERONICA ANN",Plane,7/19/2027,EVADING ARREST DET W/VEH,4/14/2026,5/9/2025,3
5547900,2588284,"SALAZAR,EUGENE PEREZ",Stevenson,6/15/2031,EVADE ARR DET VEH,10/30/2025,6/15/2025,6
5548269,2387500,"GOMEZ,ISMAEL MEDINA",McConnell,3/10/2028,ONLINE SOLIC MINOR,3/18/2022,2/1/2020,6
5548509,2455761,"GONZALES,PEDRO",Briscoe,9/5/2041,TRAFF PERSON U/18-PROST/FORC,6/21/2023,9/2/2022,19
5548653,2397209,"RIVAS,AMADO",Stiles,1/21/2036,SEXUAL ASLT,5/17/2022,1/30/2020,15
5548756,2578891,"MORRIS,CHARLES LOVELL",Willacy County,6/10/2027,POSS CS PG 1/1-B L/1G,9/5/2025,6/10/2025,2
5549487,1653440,"LOPEZ,JESUS VARGAS",Garza West,8/21/2026,POSS CS PG1 1-4G,12/5/2024,4/28/2020,3
5549530,2398675,"WILLIAMS,KENNETH",Stringfellow,8/25/2059,AGG ASLT DW,6/9/2022,5/25/2019,40
5549804,1688532,"AUBRETY,DONTA DARAY",Willacy County,2/18/2037,ROBBERY(HABITUAL),9/30/2010,9/10/2008,27
5549814,2273661,"JACKSON,JOE EDWARD",Memorial,10/28/2026,FELON POSS F/ARM,7/9/2019,5/30/2019,10
5549896,2554373,"CORONADO,RUDY",Hutchins,10/10/2028,ROBBERY,4/7/2025,10/10/2024,4
5550000,2355327,"DAVILA,CHRISTOPHER",Stevenson,1/10/2059,INJURY TO CHILD-SBI-OMISSION,6/29/2021,1/3/2019,40
5550031,2434057,"SALAS,MICHAEL ANTHONY",Estelle,1/29/2033,POSS CS PG1 4-200G,2/6/2023,11/2/2021,11
5550316,1590616,"CAMPOS,DANIEL",Glossbrenner,9/1/2026,AGG ROBBERY,7/30/2009,10/18/2008,15
5550459,1989250,"MARTINEZ,HOMERO",Hughes,8/20/2032,AGG KIDNAPPING,3/23/2015,8/17/2014,18
5550509,1142055,"SANCHEZ,REUBEN HERRERA",Bridgeport,3/6/2042,MURDER,12/9/2002,2/26/2002,40
5550547,1702193,"KELLER,JACOB",Polunsky,7/7/2038,MURDER,3/7/2011,4/17/2009,21
5550805,2549205,"RAMIREZ,JOSE LUIS JR",Segovia,10/29/2026,VIOL BOND/PROT PRD 2+TMS WI 12M,3/7/2025,10/29/2024,2
5550984,1247816,"KLUESNER,JACOB",Allred,9/8/2062,MURDER,6/22/2004,8/23/2002,60
5551188,2599523,"DELACRUZ,MARIN III",Garza West,1/1/2029,ASLT PUBLIC SERVANT,1/13/2026,1/2/2026,3
5551302,2557588,"MARTINEZ,PEDRO III",Gist,11/6/2027,POSS CS PG1/1B 1-4G,4/28/2025,10/15/2023,3
5551308,2304706,"SMITH,RUDY GABRIEL",Smith,1/1/9999,MURDER,1/27/2020,8/12/2016,Life
5551309,1342714,"ARAGON,MARTIN",Hughes,2/3/2070,AGG ASLT,12/9/2005,6/30/2004,65
5551582,2236019,"SALAZAR,BALDEMAR",Connally,11/26/2028,INDECENCY CHILD EXPOSURE,11/29/2018,1/10/2015,10
5551780,2483951,"SUGGS,THOMAS",Segovia,2/1/2027,KIDNAPPING,9/21/2020,7/23/2019,8
5552142,2235987,"BADILLO,JUAN THEODORE",Cotulla,12/17/2030,BURG HABIT FORCE,11/29/2018,9/25/2018,10
5552176,2605026,"MUNOZ,MIGUEL C JR",Gist,6/29/2029,EVADING ARREST DET W/VEH,2/18/2026,10/20/2025,8
5552343,874175,"DRUMMOND,TERRENCE",Estelle,1/1/9999,CAPITAL MURDER,4/15/1999,11/12/1997,Capital Life
5552592,2481449,"TORRES,DANIEL ANTHONY",Dominguez,8/19/2029,TAMP ELEC MONITOR DEV,2/3/2026,8/14/2025,4
5553953,2598228,"GONZALEZ,MARCOS",Glossbrenner,8/18/2026,POSS CS PG 1/1-B >=1G<4G,,5/17/2023,6
5554210,2204883,"WILLIAMS,MYRON DEVELL",McConnell,3/16/2030,ROBBERY,6/15/2018,3/16/2018,12
5554291,1862198,"LEVINE,ARTURO",Stevenson,3/30/2037,BURG HABIT INT COMM FEL FOR,6/3/2013,5/9/2011,25
5555224,2579964,"FUENTES,FRANK",Garza West,6/1/2026,ASLT FAM/HSE MEM PREV CONV,9/11/2025,11/4/2018,4
5555368,2605402,"OVALLE,SAMUEL SEVERIANO",Garza West,5/29/2028,COLLISION INV SERIOUS BI,2/23/2026,8/19/2023,5
5555493,2450554,"HUITRON,GREGORY C",Sayle,6/16/2026,AGG ASLT W/DWPN,5/16/2023,6/28/2016,12
5555538,764916,"CARSON,TERRANCE D",Montford,4/10/2037,MURDER,7/25/2001,6/12/1995,40
5555776,1466347,"RAMOS,FELICIANO",Wallace,11/8/2026,AGG ROBBERY,10/15/2007,5/28/2006,20
5555850,1874235,"ALMANZA,JOSEPH",Wainwright,2/1/2027,CONTINUOUS VIOL AGAINST FA,7/16/2013,6/24/2012,25
5556601,2600137,"DACY,AMY MICHELLE",Plane,5/17/2027,THEFT PROP <$2500 2/M PREV CONV,1/21/2026,5/6/2025,1.5
5556981,2197114,"VALADEZ,TIMOTHY JAMES",Goree,12/31/2032,AGG KIDNAPPING,5/1/2018,7/2/2017,15
5557673,2145333,"GARZES,HENRY",Allred,9/27/2027,BURG HABIT-FORCE,7/7/2017,6/11/2015,25
5557883,2231788,"RODRIGUEZ,JESUS",Willacy County,1/4/2027,AGG ASLT W/DW,11/1/2018,1/10/2018,8
5558032,2236022,"URDIALES,ALEX",Ramsey,2/18/2037,AGG ROBBERY,11/29/2018,2/18/2017,20
5558205,896262,"ZAVALA,JOSE M",Wynne,1/1/9999,CAPITAL MURDER,9/22/1999,1/25/1998,Capital Life
5558444,1859498,"MONCADA,RIGO MANUEL",Coffield,4/6/2028,AGG ROBBERY,5/16/2013,2/10/2012,15
5558708,2307936,"SUAREZ,ISIDRO",Hightower,6/1/2026,SEX ASLT-CHILD,2/7/2020,7/9/2019,8
5558724,2549211,"ZAPATA,TIMOTHY",Garza East,10/9/2036,MAN/DEL CS PG1 4-200G,3/3/2025,10/9/2024,12
5559151,2594740,"NAVARRO,MICHAEL LEO",Briscoe,9/7/2029,ASLT FAM HOU MEM PREV CONV,12/9/2025,9/7/2025,4
5559490,1449741,"JOHNSON,MARK ALLEN OLAGUE",Polunsky,3/30/2046,MURDER,7/17/2007,3/20/2006,40
5560003,2008574,"CAMPA,ROXANNE",Coleman,8/12/2041,MURDER,5/8/2015,11/25/2013,27
5560156,1681104,"BESCHORNER,KETHAN",Coffield,1/1/9999,MURDER,10/20/2010,7/5/2008,Life
5560169,1675881,"BOYD,MOHAMMED",Willacy County,2/21/2038,AGG ROBBERY,10/12/2010,12/30/1996,28
5560309,2532678,"RODRIGUEZ,MIGUEL",Willacy County,11/17/2030,DDLY CONDUCT DISCH FIREARM BY FE,11/22/2024,4/27/2022,6
5560425,1162056,"STEEN,JULIUS",Polunsky,1/1/9999,AGG ROBBERY,3/24/2003,8/15/1996,Life
5560569,2610525,"IBARRA,ISRAEL ZAPATA",Garza West,3/21/2027,POSS W/I DEL CS PG1 1-4G,8/10/2023,8/2/2022,5
5560804,2166104,"RAMIREZ,ADOLPH MARTINEZ",Lewis,4/22/2036,MURDER,10/26/2017,6/24/2015,20
5561052,2575815,"PEREZ,ANTONIO AGUILAR",Ellis,5/30/2028,EVADING ARR DET W/PREV CONV,8/13/2025,5/31/2025,3
5561453,2486076,"SALAZAR,JOHN G",Torres,11/3/2031,INDEC W/CHILD CONTACT,1/17/2024,5/25/2018,8
5562698,2492417,"FOOSE,RAYMOND",Garza East,6/7/2026,THEFT $30K-$150K VE,8/21/2019,11/2/2017,6
5563416,2073820,"MARTIN,MICHAEL ANTHONY",Estelle,2/10/2027,ASLT PUBLIC SERVANT BI,6/13/2016,8/6/2015,11
5563424,2572715,"OJEDA,GEORGE MICHAEL ANTHONY",Willacy County,5/19/2030,POSS CS PG1/1-B 4-200G,7/28/2025,5/19/2025,5
5563932,2351910,"COLBERT,TIMOTHY DESHAWN",Wynne,1/28/2035,BURG HABIT FORCE,6/7/2021,12/11/2019,15
5566820,2503099,"MAGREGROR,ROSLYN",Plane,3/3/2027,POSS CS PG1 1-4G,5/13/2024,3/15/2023,3
5566851,2589305,"CERVANTES,JUAN RAMON",Dominguez,2/23/2030,EVADE ARR DET VEH,11/7/2025,7/13/2025,10
5566861,2396604,"HERNANDEZ,VALVIN",McConnell,9/26/2027,FELON POSS F/A,5/31/2022,8/8/2019,6
5566995,2026692,"LITTLETON,BO JETT",McConnell,1/1/9999,AGG KIDNAPPING,8/19/2015,10/29/2014,Life
5567058,2098768,"RODRIGUEZ,DAVID",Wainwright,1/1/9999,MURDER,12/17/2013,9/19/2012,Life
5567169,2601895,"TORRES,RAY",Dominguez,3/5/2031,MAN/DEL CS PG 1 4-200G,2/4/2026,10/13/2022,12
5567879,1133771,"FLETCHER,GREGORY",Ellis,7/24/2048,AGG SEX ASSAULT,9/23/2002,9/30/2001,25
5567914,2318885,"CASIAS,GUADALUPE",C.T. Terrell,5/25/2029,AGG ASLT W/DW SBI-FAM/DATING,5/18/2020,5/26/2019,10
5569156,2067233,"RICO,GILBERT R",Stiles,6/4/2064,MURDER,5/18/2016,4/6/2008,50
5570133,2406486,"TONN,SETH A",Ellis,7/1/2026,POSS CONT SUBS PG1 1-4G,7/29/2022,1/27/2021,8
5570226,2133529,"ROBINSON,SHERMAN",Allred,5/9/2131,POSS FIREARM,4/29/2016,11/20/2014,99
5570325,2559110,"HAYES,JOSEPH TERON",Vance,8/25/2034,UNL CARRY WEAPON W/FEL CONV,5/5/2025,4/5/2024,10
5570563,2139193,"GARCIA,JOHNNY",Stevenson,8/19/2026,AGG KIDNAPPING,6/12/2017,5/26/2016,10
5570594,2550458,"MURO,STEVEN",McConnell,3/20/2027,POSS CONT SUB 4-200G,3/17/2025,8/27/2022,5
5570713,1051552,"DALE,WILLIE CLARENCE",Havins,10/7/2026,MURDER,6/11/2001,2/5/2000,25
5570724,2040455,"CASTILLO,ROBERT",Connally,1/23/2040,AGG ROBBERY,12/17/2015,1/19/2015,25
5571209,1122960,"RODRIGUEZ,JEREMY",Clemens,1/1/9999,CAPITAL MURDER,7/3/2002,8/23/2001,Capital Life
5571223,2450561,"RUIZ,RAYMOND",Polunsky,10/19/2028,ASLT PEACE OFFICER/JUDGE,5/17/2023,10/20/2022,6
5571376,2060242,"ROSS,MAURICE",Stevenson,10/1/2030,ATT SEX ASLT,4/7/2016,10/2/2015,15
5571390,1546344,"DEPUE,ERIC",Stiles,10/3/2051,AGG ROBBERY,12/5/2008,9/29/2006,45
5571419,1534255,"SANCHEZ,GABRIEL GONZABA",Hughes,8/3/2047,AGG ROBBERY,9/25/2008,6/9/2004,40
5571751,2410742,"MONCADA,SAMUEL C",McConnell,7/13/2026,FELON POSS F/ARM,8/25/2022,5/4/2021,4
5572123,1814716,"BESSONETTE,JASON",Cotulla,8/29/2046,AGG ROBBERY,9/10/2012,5/4/2011,35
5572128,1961512,"BROCKINGTON,CURTIS RAY",Wainwright,12/21/2043,EVADING ARREST/DETN W/VE,10/13/2014,7/14/2013,30
5572140,2531983,"SANCHEZ,RAMON",Cotulla,2/19/2027,ASLT PEACE OFFICER/JUDGE,8/27/2024,7/23/2022,5
5572899,2597472,"ALMEIDA,RUDY",East Texas Treatment Facility,11/11/2026,POSS CS PG 1/1-B<1G,,8/14/2025,2
5573051,759866,"GALINDO,ANTHONY RAY",Stevenson,10/1/2026,MURDER,8/6/1996,5/13/1995,30
5574915,2099874,"VASQUEZ,FAUSTINO",Allred,1/1/9999,MURDER,11/2/2016,3/15/2015,Life
5575345,1672141,"GONZALES,RENE",Connally,8/24/2070,AGG SEXUAL ASLT CHILD,9/15/2010,3/10/2009,60
5575525,2344993,"CERVANTES,FEDERICO",Lopez,4/12/2028,EVADE ARREST/DETN 2ND,4/19/2021,12/1/2019,7
5575536,2569008,"LEVINE,JONATHAN GREGORY",Garza West,9/25/2026,POSS CS PG 1 4-200G,7/7/2025,12/15/2022,5
5576273,2609322,"FREEMAN,TYLER ANDERSON",Garza West,7/31/2027,CREDIT OR DEBIT CARD ABUSE RP,3/13/2026,7/5/2025,3
5576408,1491301,"GARZA,JOHN ANTHONY",Clements,7/5/2031,AGG ROBBERY,2/22/2008,7/5/2006,25
5576792,1689805,"FLORES,JOSE",Wainwright,2/12/2050,AGG ROBBERY,3/17/2010,2/12/2010,40
5576798,2507756,"YBARRA,JULIAN",Dominguez,1/8/2029,AGG ASLT W/DEADLY WPN,6/6/2024,1/9/2024,5
5577214,2588810,"MORGAN,NATASHA ELIZABETH",W. Scott,12/7/2030,ROBBERY,7/2/2024,11/13/2023,6
5578050,797693,"BOGANY,HARDESTY",Clemens,2/26/2067,AGG SEX ASLT,7/7/1997,11/21/1996,70
5578630,1323342,"TAYLOR,WILLIAM L JR",Ney,6/1/2026,AGG ROBBERY,8/12/2005,4/23/2004,40
5579375,2419785,"WILLIAMS,OBED JAY",Lychner,4/1/2027,ASLT FAM CHOKING STRANG,9/16/2021,11/17/2019,6
5579866,2600791,"LOZA,AARON",East Texas Treatment Facility,9/4/2026,POSS WID CONT SUB 4-200G,3/8/2018,4/27/2017,12
5579873,2490106,"ANTHONY,CALVIN LEE",Gist,7/10/2026,BURG HABITATION-FORCE,2/8/2024,6/4/2023,4
5580066,2228210,"GONZALES,JOE MICHAEL JR",Havins,11/1/2026,POSS W/I DEL CONT SUB PG1 4-200G,10/5/2018,5/9/2018,15
5580321,1183820,"BELTRAN,SAMUEL",Memorial,2/4/2038,AGG ROBBERY,7/16/2003,9/19/2002,35
5581229,2473748,"ESCHER,ANDREAS MANUEL",Dominguez,3/1/2027,ASLT FAM CHOKING,10/17/2023,1/30/2022,6
5582869,2335496,"HINOJOSA,FRANK",Hughes,4/24/2029,ROBBERY,1/19/2021,4/24/2020,9
5584436,902085,"MACIEL,TORIBIO",Allred,1/1/9999,MURDER,11/16/1999,2/20/1999,Life
5584835,1696779,"GARCIA,JOSE",Stevenson,3/9/2045,MURDER,1/25/2011,7/8/2006,35
5585749,2545956,"GARCIA,RICARDO JR",Connally,9/14/2026,ASLT PEACE OFF/JUDGE,2/18/2025,9/14/2024,2
5585752,2272491,"MUNOZ,LOUIS MANUEL",Ferguson,7/10/2041,AGG ASLT W/DW,6/27/2019,2/24/2016,25
5586349,2451947,"ZAVALA,SANTOS JR",Estes,8/1/2026,FELON POSS FIREARM,5/16/2023,7/4/2022,4
5586950,2575823,"REYNERO,LEONARDO",Briscoe,11/14/2032,UNL CARRY WPN W/FELONY CONV,8/15/2025,11/14/2024,8
5587236,2470999,"RAMIREZ,EDWARD E",Clements,9/8/2030,VIOL BND/PROT ORD ASLT,10/10/2023,8/1/2023,8
5587975,1913266,"HERNANDEZ,DANNY V",Garza East,12/30/2033,AGG SEX ASLT CHILD,2/4/2014,6/1/2011,22
5589658,2381375,"JAUREGUI,JARED",W. Scott,11/19/2033,SEXUAL ASLT CHILD,2/4/2022,11/20/2019,14
5590463,2564639,"VALDEZ,RAYMOND",McConnell,2/5/2028,FAIL COMPLY SEX OFF DUTY REG,6/9/2025,12/2/2024,3
5590525,2256367,"LONGORIA,ANTONIO",Dominguez,10/25/2027,POSS W/I DEL CONT SUB PG1 4-200G,4/1/2019,7/17/2017,7
5590543,2292949,"CASTRO,MICHAEL",LeBlanc,6/1/2027,INDEC CHILD-EXP,10/31/2019,3/1/2014,9
5590787,1913292,"URIBE,JONATHAN",McConnell,6/18/2033,AGG ASLT SBI,2/5/2014,12/23/2012,20
5591110,2572379,"VIRAMONTES,FIDEL",Memorial,5/15/2037,POSS CS PG1 4-200G,7/21/2025,3/29/2024,12
5591821,2510902,"GUERRERO,RAYMOND",Garza West,5/31/2026,POSS CS 1-4G,6/4/2024,5/2/2024,3
5591883,2499413,"GARCIA,JEREMIAH D",Torres,11/24/2026,POSS CS PG1 4-200G,4/8/2024,10/24/2023,7
5591999,2548549,"ROBLES,MICHAEL",Willacy County,9/9/2028,MAN/DEL CS PG1 4-200G,3/6/2025,3/28/2024,9
5592405,2372986,"SMITH,PATRICK JOHN",Dominguez,10/16/2027,POSS CONT SUB PG1 1-4G,11/22/2021,1/15/2020,8
5592516,2298852,"RUIZ,LUIS",Stevenson,11/1/2036,AGG ROBBERY,12/12/2019,9/15/2018,18
5592543,2570191,"SILVA,ALEJANDRO III",Lopez,8/7/2029,THEFT PROP L/$2500 2/M PREV,7/10/2025,5/21/2024,10
5592562,1306427,"LITTLE,LEO GORDON",Coffield,1/1/9999,CAPITAL MURDER,3/5/1999,1/25/1998,Capital Life
5592629,2550180,"LOPEZ,JOSE ROBERTO",Beto,8/7/2073,AGG ASLT SBI,3/6/2025,5/8/2023,50
5592745,2605033,"REED,LEON JR",Stevenson,9/15/2027,THEFT PROP L/2500 2/MO PREV CONV,2/18/2026,11/9/2025,4
5592845,2606279,"KRUPALLA,KRISTINA MARIE",Plane,5/24/2028,UNL POSS FIREARM FELON,2/27/2026,2/25/2025,6
5594292,2501418,"DELGADO,ELISEO",Clemens,12/10/2027,BURG BLDG INTENT THEFT,4/19/2024,9/11/2023,4
5595282,855191,"GILDER,JOHNNY ALLEN",McConnell,1/1/9999,MURDER,10/21/1997,1/30/1996,Life
5597192,2501598,"MENDOZA,RICHARD ALLEN",Dalby,10/3/2027,ASLT FAM CHOKING/STRANG 2ND,4/29/2024,7/29/2023,10
5597229,2589315,"HERNANDEZ,ROY",Briscoe,4/10/2031,TAMP/FAB PHYS EVID W/INT IMPAIR,11/3/2025,4/5/2025,6
5598568,2159359,"WEISBERG,RICHARD ALLEN",Willacy County,7/27/2028,INTOXICATION ASLT,6/22/2015,4/21/2013,10
5599028,2231784,"PEREZ,ROGELIO",Powledge,1/24/2030,AGG SEX ASLT CHILD,10/29/2018,5/30/2017,12
5599059,2164913,"AYALA,PAUL MICHAEL",Dominguez,12/11/2029,POSS WID CONT SUB 4-200G,10/25/2017,2/23/2017,12
5600609,2269319,"MARTINEZ,MARTIN LOPEZ",Hughes,10/21/2033,INJURY TO CHILD BI INT/KNOW,6/7/2019,1/31/2018,15
5600664,1863058,"RUBIO,JUAN",Coffield,10/10/2051,AGG ROBBERY,6/7/2013,2/9/2011,40
5600783,2394260,"ALVAREZ,ALBERT",Willacy County,1/2/2042,AGG ASLT DWPN,5/10/2022,9/14/2021,20
5604900,2470967,"CANTU,JOHN",Connally,2/27/2089,MURDER,9/28/2023,2/23/2019,70
5605548,2118294,"CISNEROS,JOSE",Smith,5/24/2036,MURDER,2/21/2017,5/24/2016,20
5608218,2583582,"CAIN,ALLAN UTAH",Polunsky,5/22/2030,FAIL COM SEX OFF REG LIFE/ANNUAL,10/1/2025,4/2/2025,5
5609294,2415607,"OJEDA,ROLAND",C.T. Terrell,7/16/2030,AGG ROBBERY,9/28/2022,7/16/2022,8
5610701,1154295,"SALINAS,THEODORE EDWARD",Allred,1/1/9999,MURDER,8/29/2006,2/6/2000,Life
5610967,2594749,"TELLEZ,MOSES",Ellis,7/1/2026,FRAUD USE POSS ID INFO L/5,12/8/2025,8/1/2025,2
5611168,2080513,"GUTIERREZ,JOSE",Coffield,1/1/9999,MURDER,7/21/2016,8/30/2013,Life
5611360,2554386,"RIVERA,JAVIER DUQUET",Connally,9/20/2026,POSS CS PG 1/1-B 1-4G,4/9/2025,12/31/2024,4
5614399,1508032,"TIJERINA,CRUZ",Allred,12/20/2027,AGG SEX ASLT-CHILD,5/19/2008,12/24/2004,20
5614650,2499423,"PAREDES,MICHAEL",Powledge,2/11/2032,FELON POSS FIREARM,4/3/2023,7/9/2022,8
5614919,2438469,"IBARRA,LUIS",Stevenson,6/20/2032,AGG ASLT PUB SERV,3/3/2023,6/21/2022,10
5615303,2569010,"LOPEZ,JUAN ANTONIO JR",Gist,6/11/2026,POSS CS PG1/1-B 4-200G,7/2/2025,3/20/2025,2
5615310,1726072,"JACKSON,CALVIN",Smith,5/30/2071,MURDER,6/23/2011,3/28/2010,60
5615464,2510903,"HALLMAN,ROBERT",Allred,3/14/2030,POSS WID CS 4-200G,5/31/2024,2/10/2023,6
5615735,2573775,"CAMPOS,ALFREDO LORENZO",Segovia,12/9/2027,ASLT FAM HSEHLD MEM PREV CONV IA,7/29/2025,12/9/2024,3
5618732,2550867,"COVARRUBIA,JUAN",Lopez,11/21/2026,ASLT FAM/HSE MEM PREV CONV,6/16/2022,1/26/2021,2
5621334,2553748,"REYNA,ROY RODRIGUEZ",Gist,7/10/2026,POSS CS PG1 1-4G,5/6/2024,5/27/2023,3
5621824,2575822,"REYES,RICHARD JASON",Hamilton,8/11/2026,ASLT FAM/HSE MEM PREV CONV,8/12/2025,2/16/2021,3
5622566,2273653,"FLORES,BRIAN",Ferguson,1/1/9999,CAPITAL MURDER-MULT PERSON,7/10/2019,9/29/2015,Capital Life
5625963,906026,"PARIS,PAUL K",Ellis,2/7/2053,MURDER,11/29/1999,2/7/1998,55
5627068,1057110,"SALAZAR,JOE",Wynne,1/1/9999,MURDER,6/27/2001,8/7/1999,Life
5627223,1796449,"WOOLRIDGE,DERRICK",Clements,1/1/9999,AGG ROBBERY,6/25/2012,8/19/2011,Life
5629661,2417639,"HERNANDEZ,FRANCISCO R",Pack,7/22/2026,FELON POSS FIREARM,10/7/2022,2/2/2022,5
5629875,1813506,"GARCIA,MANUEL",Garza West,10/26/2036,AGG ASLT DWPN,9/25/2012,11/1/2010,25
5630131,2594748,"SMITH,JOE ANTHONY II",Garza East,4/21/2031,AGG ASLT W/DWPN,12/12/2025,10/2/2024,6
5630303,1288096,"TREVINO,DOMINGO PARTICK",Briscoe,10/24/2043,MURDER,8/6/2012,5/14/2000,28
5630312,1454428,"LOPEZ,JESSE JOE",Torres,5/18/2036,ATT CAPITAL MURDER-POLICE OFFI,8/13/2007,5/19/2006,30
5632251,2591891,"MUWWAKKIL,AL-FATAHIM EL-MUMIN",Lopez,5/31/2027,ASLT ON SECURITY OFFICER,11/19/2025,7/26/2025,4
5633212,1925796,"VILLARREAL,FELIX",Hughes,3/31/2073,AGG ASLT WDW&SBI-FAM/DATING,3/21/2014,3/31/2013,60
5634671,2444345,"MUNOZ,PABLO VALLES",Estelle,1/3/2027,POSS W/I DEL CS PG1 4-200G,4/14/2023,1/3/2023,4
5635436,2419303,"GARCIA,JOSE ALBERTO",Garza West,12/11/2058,AGG ASLT SBI,10/14/2022,8/28/2018,40
5635506,1306206,"ARROYO,RANDY",McConnell,1/1/9999,CAPITAL MURDER,3/6/1998,3/11/1997,Capital Life
5640249,763393,"EGGLESTON,THOMAS",Lewis,1/1/9999,MURDER,8/9/1996,8/18/1995,Life
5640287,2556196,"SALAZAR,SAMMY",Coffield,12/19/2027,VIOL SEX OFF REG-ANNUAL,11/30/2023,4/25/2023,4
5641019,2459788,"TRIMBLE,JAMICHAEL LANORNE",Estelle,2/2/2037,SEX ASLT CHILD REPEATER,7/21/2023,8/22/2021,15
5641597,2560787,"RODRIGUEZ,RUDOLPH JR",Glossbrenner,9/10/2026,UNL POSS FIREARM BY FELON,5/19/2025,9/4/2024,5
5641647,2581293,"MARTINEZ,FERNANDO TORRES",Garza West,9/7/2031,ASLT FAM MEM PREV,9/11/2025,7/2/2023,6
5641774,1939602,"FONSECA,MARTIN",McConnell,10/11/2033,MURDER,6/25/2014,1/22/2007,20
5642716,1066211,"CHANDLER,JOSHUA",Byrd,1/1/9999,CAPITAL MURDER,9/5/2001,5/26/2000,Capital Life
5642839,2565752,"WASHINGTON,MASON ALLEN",McConnell,9/20/2028,SEX ASLT CHILD,6/10/2025,3/3/2024,4
5646292,794553,"BRIONES,FLORENTINO III",Stiles,1/1/9999,CAPITAL MURDER,5/12/1997,9/25/1994,Capital Life
5646779,897303,"BUENTELLO,BENNY R JR",McConnell,1/1/9999,MURDER,10/11/1999,5/16/1996,Life
5647399,2557412,"HINOJOSA,ALFONSO",Gist,6/22/2026,POSS CONT SUB 1-4G,4/11/2025,1/5/2025,4
5647433,1395583,"LETBETTER,JASON BRUCE",Connally,5/12/2055,AGG SEX ASSAULT CHILD,9/18/2006,4/13/2005,50
5649661,1559597,"FLORES,JAVIER",Ramsey,7/16/2037,MURDER,2/20/2009,7/17/2007,30
5655271,1092070,"PEREZ,ADOLPH ANTHONY",Willacy County,2/28/2041,MURDER,3/5/2002,1/28/2001,40
5656619,2056071,"TURNER,JASON",Estelle,8/30/2082,MURDER,3/9/2016,8/30/2014,68
5659258,2602835,"ROSS,JAMES",Garza East,3/29/2030,POSS CS PG1/1-B 4-200G,2/13/2025,5/20/2024,5
5659573,2446492,"MEEHAN,SEAN",Cole,5/5/2027,EVADING ARREST DET,4/17/2023,12/26/2021,10
5659787,2417640,"HERRERA,STEVE",Coffield,9/5/2072,CONT VIOL AGAINST FAM,9/21/2022,4/3/2019,52
5659900,2589140,"GONZALES,JAVIER",East Texas Treatment Facility,9/17/2026,ASSAULT ON SECURITY OFFICER,,4/7/2025,4
5660919,2550184,"PACHECO,JOSE",Torres,8/1/2026,UNL POSS F/ARM,2/24/2025,8/1/2021,5
5662401,2284630,"RAMOS,DAVID RICHARD",LeBlanc,4/18/2048,MURDER,9/19/2019,4/18/2018,30
5662766,1878209,"SIXTOS-CABRERA,RODOLFO ALEJAND",Connally,11/4/2027,AGG SEX ASLT CHILD,8/22/2013,11/4/2012,15
5662875,2408332,"ROBLES,JOSEPH ANTHONY",Skyview,4/19/2054,INTOXICATION MANSLAUGHTER,8/15/2022,4/20/2019,35
5663135,2431193,"TAPIA,GILBERT JR",Memorial,11/1/2029,AGG ROBBERY,1/24/2023,11/2/2022,7
5664217,2439928,"RANGEL,BERNARDO",Garza West,2/16/2027,POCS PG1 4-200G,3/17/2023,5/19/2022,6
5664237,2258595,"CASTILLA,JESSE RAY",Memorial,11/28/2092,MURDER,3/8/2019,11/17/2017,75
5665401,2340183,"JACKSON,BRYAN RUSSEL",Connally,5/29/2027,BURG HABIT-INT COMM FEL-FOR,3/4/2021,5/29/2020,7
5665585,1324951,"PARGA,OSCAR",C.T. Terrell,5/14/2027,AGG ROBB,1/13/1997,10/12/1996,25
5665692,786238,"WILSON,LUCINDA A",Hobby,1/1/9999,CAPITAL MURDER,3/5/1997,10/27/1995,Capital Life
5665746,2154537,"MEDINA,JOSEPH",Hamilton,7/24/2026,AGG ROBBERY,8/28/2017,8/9/2012,10
5665917,2242576,"KELSEY,JASON",Dalby,9/20/2029,AGG ASLT W/DDLY WPN,1/17/2019,3/26/2017,12
5666151,780537,"RODRIGUEZ,RALPH",McConnell,1/1/9999,CAPITAL MURDER,1/24/1997,10/27/1995,Capital Life
5666811,1995710,"VILLANUEVA,VALENTINE",Clements,12/12/2033,AGG ROBBERY,4/14/2015,12/9/2013,20
5667355,2583805,"BURKEY,KELLY GENE",East Texas Treatment Facility,8/13/2026,POSS CS PG 1/1-B >=4G<200G,,9/12/2023,8
5668524,1828416,"GONZALES,FERNANDO",LeBlanc,10/18/2030,SEX PERF BY CHILD,12/6/2012,8/13/2010,20
5670114,2128755,"POEHLMANN,BENJAMIN",Jester III,12/24/2049,MURDER,3/8/2017,12/25/2014,35
5670509,1213066,"RIVERA,LEONDRO",Wynne,4/3/2052,MURDER (REPEATER),12/15/2003,4/4/2002,50
5671562,1935782,"ROMERO,EDWARD",McConnell,1/1/9999,AGG ASLT WDW SBI F/D,6/2/2014,1/11/2013,Life
5671644,2611795,"BELL,ANTHONY RAY",Garza West,10/19/2027,POSS CS PG 1/1-B 1-4G,3/31/2026,10/19/2025,2
5671713,1963948,"HINOJOSA,JOE ERIC",Memorial,12/6/2053,AGG ROBBERY,9/15/2014,5/13/2013,40
5671739,2004444,"GUERRERO,LACY LYND",O'Daniel,4/25/2029,INTOX MANSLAUGHTER,6/10/2015,4/26/2014,15
5672111,2599530,"GOMEZ,MICHAEL ANGELO MEDINA",Stringfellow,1/3/2034,UNL POSS FIREARM FEL,1/7/2026,4/19/2025,8
5675605,1313555,"MEDINA,BRUCE",Ellis,1/1/9999,MURDER,5/31/2005,7/29/1999,Life
5675632,2415619,"ROACHELLE,CHARLES",Stringfellow,4/3/2027,AGG ASLT W/DWPN,9/26/2022,4/3/2022,5
5675822,2309141,"GOMEZ,ALBERT",Briscoe,7/2/2029,SEX ASLT,2/6/2020,7/3/2019,10
5675841,784533,"ESQUIVEL,ANTONIO C",Lewis,8/7/2095,AGG SEX ASLT,1/7/1997,11/21/1994,99
5677571,1717056,"CHACON,NICANOR",Cotulla,11/16/2050,AGG ROBBERY,4/18/2011,12/26/2008,40
5677580,2109718,"RODRIGUEZ,MICHAEL",Hughes,9/26/2039,AGG ROBBERY,1/4/2017,2/11/2014,25
5677924,2394859,"ROBLES,JAIME",Lopez,12/21/2027,ASLT FAM 2ND,2/18/2020,9/4/2017,6
5677981,2481443,"DONEZ,AURELIO",LeBlanc,8/28/2038,ASLT PEACE OFFICER/JUDGE,12/5/2023,8/29/2023,15
5678533,2512886,"YATES,KENT EVAN II",Lopez,5/26/2031,AGG ROBBERY,7/9/2024,5/26/2021,10
5678915,2601485,"PEREZ,MARTIN J",Dominguez,9/16/2027,THEFT PROP $2500 2/M PREV CONV,1/20/2026,4/9/2025,1.7
5679542,1239740,"MENDEZ,DAVID JR",Wainwright,4/30/2038,MURDER,5/6/2004,9/22/2002,35
5682231,809596,"SANDOVAL,OSCAR",Connally,1/1/9999,CAPITAL MURDER,8/14/1997,12/24/1993,Capital Life
5683481,2559123,"REED,QUINTICE LARNYL",Briscoe,1/17/2028,AGG ASLT W/DWPN,5/8/2025,7/6/2024,3
5685470,2460778,"MORENO,JOSE MACIEL",Lopez,2/3/2042,AGG ASSLT W/DWPN SBI,7/31/2023,2/3/2022,20
5685486,1902004,"LIMON,JOE CHRISTOPHER",Hughes,5/20/2052,MURDER,12/11/2013,5/2/2012,40
5687385,2579975,"VALLEJO,CHRISTOPHER CARLOS",Gist,11/12/2026,UNL POSS FIREARM BY FELON,9/12/2025,2/20/2025,4
5687523,2191868,"BERNAL,MIGUEL",Memorial,9/12/2037,ROBBERY,4/2/2018,1/17/2017,20
5689669,1406514,"THOMAS,MARCUS DANTE",Wynne,1/31/2115,AGG ASLT AGAINST PUB SERV,11/14/2006,9/6/2005,99
5690563,2456645,"PHIPPS,MICHAEL TODD",Michael,3/13/2122,MURDER,6/29/2023,6/4/2019,99
5690644,2465905,"NGUYEN,KIET TUAN",Wynne,5/18/2038,MURDER,8/25/2023,7/5/2021,15
5692199,2451722,"WESTBROOK,DAVID ANDRES",Hughes,1/6/2028,FELON POSS F/ARM,5/24/2023,12/12/2022,6
5692211,2601482,"LARA,ROBERTO ROLANDO",Dominguez,7/4/2026,CRIMINAL MISCHIEF $2500<30K,12/9/2025,7/24/2025,1
5692221,797641,"PEREZ,ROGER",Robertson,12/12/2063,MURDER,7/18/1997,12/8/1995,60
5692537,2490331,"PETERSON,LEON ISSAC",Garza East,2/12/2028,FAIL STOP/RENDER AID REPEATER,2/13/2024,4/9/2022,4
5692553,2416733,"DRUMMOND,CHARLES RAY",Cotulla,11/8/2034,AGG ROBBERY,10/4/2022,4/23/2021,13
5692665,2526671,"HERNANDEZ,LUIS MANUEL",Cotulla,9/30/2028,INDECENCY W/CHILD EXPOSES,10/3/2024,1/25/2023,4
5693250,2379398,"ZAMORA,RICHARD",Cotulla,8/1/2026,POSS WID CONT SUB PG1 4-200G,1/6/2022,6/18/2020,6
5693640,2599532,"HAGAN,HUGH JEPETHIA",Willacy County,1/16/2028,ASLT PEACE OFF/JUDGE,1/15/2026,7/1/2020,5
5694054,2502685,"ESQUIVEL,DAVID",Dominguez,10/19/2033,AGG ASLT W/DEADLY WPN,4/29/2024,10/1/2022,10
5694185,1142325,"CORONA,DWAYNE",C.T. Terrell,1/1/9999,MURDER,10/18/2002,1/7/2002,Life
5694590,2596671,"CAMPBELL,CLARENCE LYNN",Stevenson,12/23/2034,AGG ASLT SBI,12/18/2025,10/8/2022,10
5695620,2499674,"GALLARDO,JUAN ANTONIO",Garza West,2/25/2027,ASLT FAMILY 2ND OFFENSE,4/11/2024,10/1/2022,4
5696312,2610519,"GONZALES,ALEX JR",Garza West,9/1/2026,FAIL COMP SEX OFF DUTY REG LI/90,3/26/2026,9/30/2025,2
5697059,1754575,"CASTREJON,SALVADOR",Estelle,5/3/2041,INTOXICATION MANSLAUGHTER,11/18/2011,4/27/2011,30
5697252,2512004,"MARTINEZ,MARC A",Hutchins,6/28/2026,ROBBERY,7/8/2024,4/19/2023,3
5697486,2552878,"HERNANDEZ,LARRY GENE JR",Ramsey,1/1/9999,MURDER,3/17/2025,8/13/2021,Life
5697497,2525565,"BONDOC,JASON JULIAN",McConnell,5/2/2027,UNL POSS FIREARM BY FELON,9/27/2024,10/13/2023,5
5697501,927955,"MATA,JOE RICHARD",Robertson,1/1/9999,MURDER,3/17/1998,4/23/1996,Life
5697589,1287096,"ESTRADA,JESUS",Clements,10/1/2045,AGG SEXUAL ASLT,1/24/2005,10/2/2003,35
5697602,1994342,"HALL,FABIAN",Pack,6/9/2026,ROBBERY,3/27/2015,9/18/2014,10
5697927,1256052,"ALAQUINEZ,VERONICA",Hobby,8/24/2033,MURDER,8/13/2004,8/25/2003,30
5699058,1632853,"GONZALEZ,JOE PEREZ",Wynne,7/2/2054,AGG SEX ASLT CHILD,3/4/2010,1/1/2007,45
5699737,1657467,"GARZA,RAFAEL",Telford,9/20/2034,AGG KIDNAPPING,5/5/2010,3/27/2009,23
5699992,2565727,"AMARO,ARTURO",Hodge,1/6/2037,AGG SEX ASLT,6/9/2025,4/1/2011,15
5701580,2569183,"RODRIGUEZ,DANIEL",Garza East,7/4/2028,BURG HAB,7/8/2025,12/29/2024,8
5703192,2183136,"HEARD,HOWARD LEE",Allred,2/16/2042,ROBBERY,2/8/2018,2/16/2017,23
5703275,2544945,"CASTELLO,EULISES FLORES",Garza West,1/15/2028,ASLT FAM HHLD MEM PREV CONV,2/5/2025,1/15/2024,4
5703337,2603626,"SKEEN,ALICIA ANN",Plane,1/1/2027,MAN/DEL CS PG1 4-200G,11/4/2016,11/11/2014,5
5703681,1239737,"LOPEZ,REYES",Clements,1/1/9999,MURDER,5/17/2004,1/27/2001,Life
5703683,2487976,"GONZALEZ,RICHARD",Garza East,1/11/2033,INDECENCY W/CHILD CONTACT,1/10/2024,9/15/2015,10
5706156,2610538,"SINGLETON,TROY VERNON",Dominguez,5/2/2027,THEFT PROP $2500 2/M PREV CONV,3/20/2026,5/13/2025,3
5707262,2576724,"REYES,MAURICIO",Dominguez,6/1/2026,BURG BUILDING,8/21/2025,7/3/2024,2
5707387,1177919,"HERNANDEZ,NICHOLAS",Boyd,9/19/2041,MURDER,6/2/2003,3/30/2001,40
5708676,1522056,"RUIZ,RODOLFO",Beto,1/12/2047,AGG SEX ASLT-CHILD,7/10/2008,10/31/2005,40
5708687,2407444,"ESPINOZA,JOSE ALFREDO",Stevenson,3/22/2029,AGG ASLT DW,8/8/2022,5/9/2020,7
5708802,1580873,"HERNANDEZ,LUCAS",Wainwright,8/1/2052,AGG ROBBERY,6/17/2009,11/18/2006,45
5708967,2324868,"HARRIS,ROBERT CLAYTON",Hughes,5/7/2029,AGG ASLT W/DWPN,9/16/2020,5/8/2019,10
5710229,764946,"TREJO,JIM JR",Connally,1/1/9999,AGG ROBBERY,9/4/1996,11/5/1995,Life
5710953,1290895,"SOTO,APOLINAR",Hughes,1/1/9999,MURDER,3/2/2005,12/18/2003,Life
5710957,2076525,"ALVAREZ,CARLOS L",Willacy County,12/1/2026,ROBBERY,6/27/2016,5/1/2015,30
5710959,1239853,"GONZALES,CLARA",Murray,4/30/2038,MURDER,5/6/2004,9/22/2002,35
5710979,2614160,"LARA-HERNANDEZ,VICTOR",Garza West,1/28/2028,POSS CS PG1 1-4G,11/30/2023,4/25/2021,2
5711247,2601888,"HERNANDEZ,ARMANDO M",Dominguez,2/5/2027,THEFT PROP $2500 2/MO PREV CONV,12/18/2025,8/12/2025,3
5711725,2550462,"RESENDEZ,RICHARD",Lopez,10/5/2028,MAN DEL CS PG1 4G-200G,3/10/2025,1/8/2024,10
5712838,2396595,"GARCIA,JOHN ANTHONY",McConnell,11/13/2050,AGG ROBBERY,5/19/2022,11/4/2020,30
5713338,2573777,"CASTILLO,JOHN HENRY",Polunsky,7/27/2036,ASLT PUBLIC SERVANT HAB,8/4/2025,3/20/2024,30
5713359,999509,"LUNA,JOE",Polunsky,1/1/8888,CAPITAL MURDER (DEATH),3/8/2006,2/17/2005,Death
5713416,2528477,"BECERRA,ALAN ANTHONY",McConnell,7/5/2036,FELON POSS FIREARM,7/8/2024,7/11/2022,12
5713841,1799145,"ARRINGTON,CHARLES LAVOY",Connally,12/2/2072,AGG SEX ASLT CHILD,7/13/2012,3/26/2010,60
5715682,2608284,"EVANS,OLIVER EUGENE JR",Garza West,2/1/2027,POSS CS PG1/1B 4-200G,3/12/2026,10/27/2021,5
5715692,1927226,"LOPEZ,ROBERT",Telford,3/17/2032,AGG SEX ASLT CHILD,4/28/2014,6/29/2011,18
5715722,2480360,"RODRIGUEZ,RICHARD JR",Dominguez,7/21/2027,POSS CS 4-200G,12/5/2023,5/26/2023,10
5715900,2583587,"GONZALES,ERIC JASON",Ellis,5/23/2027,POSS CONT SUB L/1G,9/30/2025,5/23/2025,2
5716584,2506050,"PEREZ,JOE F",Garza West,3/2/2027,POSS CS PG1 4G-200G,5/21/2024,9/25/2022,7
5716610,2150352,"MARROQUIN,ROBERTO",Lychner,10/1/2026,FELON POSS F/ARM,5/31/2017,6/29/2016,10
5716827,2247611,"MARTINEZ,GABRIEL",McConnell,5/18/2115,MURDER,2/14/2019,5/18/2016,99
5717721,2510888,"CHAVEZ,JESSE",Memorial,2/27/2031,REPEATED VIOL CT ORD/BOND COND,7/3/2024,4/16/2023,7
5720211,2577699,"COVEY,ROBERT G",Ney,4/10/2028,POSS CS PG1 4-200G,6/5/2025,11/6/2023,8
5720246,2504645,"LOPEZ,GREGORY",Ferguson,3/1/2027,FELON POSS FIREARM,5/10/2024,4/4/2024,5
5720795,1560863,"ABREGO,MARCOS S",Ney,2/18/2042,AGG ASLT W/DDLY WPN SBI FAM,3/4/2009,2/19/2007,35
5721031,2550170,"ANDREWS,KAMONTY LEDON",Connally,9/1/2030,ARSON,3/6/2025,9/1/2024,6
5721318,2425585,"GUTIERREZ,ROLAND",McConnell,10/26/2028,VIOL SEX OFF REG PREV,11/29/2022,1/20/2020,6
5722166,2326297,"HOOVER,LEE BRYAN",Stringfellow,5/28/2031,AGG ASLT W/DW-SBI FAM/DATING,10/5/2020,5/26/2019,12
5724865,2613953,"RODRIGUEZ,EDWARD",Dominguez,7/29/2027,THEFT PROP 2500 2/M PREV CONV,4/1/2026,9/21/2025,1.3
5725330,2409443,"HERNANDEZ,ROBERT JOHN",Lewis,9/1/2026,POSS CONT SUBS 1-4G,8/22/2022,9/7/2020,10
5725929,2453718,"RAMOS,JOSE GUADALUPE",Segovia,10/8/2027,FELON POSS FIREARM,12/20/2022,10/7/2020,3
5726203,2506062,"TRISTAN,EVERARDO B",Memorial,12/18/2027,DWI,5/23/2024,12/18/2023,4
5726772,1717400,"ALLGOOD,CHRISTOPHER",Stringfellow,7/4/2084,MURDER,5/17/2011,7/5/2009,75
5727354,2466091,"TREJO,MICHAEL JEREMY",Coffield,11/12/2029,EVADE ARREST/DET-2ND/HAB,8/16/2022,11/12/2021,10
5727583,1793815,"BELL,JULIAN CEDRICK",Wynne,1/1/9999,MURDER-REPEATER,6/18/2012,6/16/2011,Life
5727686,1591894,"ROSAS,ARTURO",Stevenson,10/2/2058,AGG SEX ASLT,8/14/2009,10/2/2008,50
5728057,2588265,"LAIJAS,CHRISTOPHER CESAR",Segovia,7/1/2026,POSS CS PG1 4-200G,11/3/2025,12/2/2021,2
5728747,2264444,"ROCHA,EDWARD",Clements,5/11/2067,AGG ROBBERY,5/13/2019,5/10/2017,50
5729167,2599552,"YANEZ,LORENZO MANUEL",Garza West,11/28/2028,POSS CS PG 1/1-B 4-200G,1/8/2026,2/28/2025,3
5731468,2514951,"ZAMORA,ROGER",McConnell,7/28/2065,AGG ROBBERY,7/15/2024,1/15/2023,42
5732604,1961551,"ZUNIGA,JULIO",Connally,3/2/2027,MURDER,10/14/2014,11/3/2013,15
5733651,2519883,"VILLARREAL,NOEL",Telford,12/23/2082,MURDER,8/16/2024,12/22/2022,60
5733757,2600641,"GAITAN,RICHARD RAUL",Garza West,7/1/2026,ASLT FAM HHLD PREV CONV,1/20/2026,5/7/2019,2
5733862,909118,"HERRERA,GILBERT",Ney,11/8/2027,AGG SEX ASLT-CHILD,1/20/2000,12/30/1998,27
5733994,2463964,"VILLARREAL,ADAM",Garza West,1/1/2027,AGG ROBBERY,8/21/2023,5/30/2022,6
5734013,2559129,"VILLARREAL,HENRY",Coffield,4/11/2029,EVADE ARREST/DET W/VEH,4/24/2025,2/18/2024,10
5734055,1088992,"ANTHONY,RICHARD JR",Estelle,2/14/2052,MURDER,2/15/2002,12/30/2000,50
5738243,2605009,"BELTRAN,JESSE",Gist,6/18/2030,BURG OF BUILDING,1/15/2026,7/1/2023,5
5738430,2537041,"MUNOZ,RICARDO",Connally,5/16/2028,FAIL COMP SEX OFF DUTY REG PREV,11/22/2024,4/27/2023,5
5738480,2147430,"SALAZAR,MERCEDES G",Coleman Work Facility,6/1/2026,POSS W/I DEL CONT SUB PG1 4-200G,8/2/2017,10/25/2015,15
5738486,1889191,"DYER,DANIEL",Havins,8/13/2026,AGG KIDNAPPING,10/4/2013,9/17/2013,18
5738648,2600644,"GARZA,ANDREW M IV",Connally,11/1/2026,POSS CS PG1/1-B 1-4G,1/13/2026,7/16/2025,3
5738907,2594722,"BERNAL,CARLOS",Ellis,8/25/2027,ASLT FAM/HSE MEM PREV CONV,12/9/2025,9/5/2021,7
5738973,2585465,"SANCHEZ,PAUL MICHAEL",Segovia,9/1/2026,POSS CS PG1/1-B 4-200G,10/16/2025,4/29/2025,3
5739016,2535860,"BORG,JASON WAYNE",Wainwright,5/3/2027,EVADING ARREST DET W/VEH,12/4/2024,4/8/2023,6
5739069,2415621,"RODRIGUEZ,ERNEST",McConnell,11/30/2029,MANSLAUGHTER,9/30/2022,11/30/2021,8
5739080,2339085,"SARABIA,ENRIQUE",Stevenson,5/1/2027,AGG SEX ASLT CHILD,2/23/2021,8/1/2004,10
5739126,1537269,"WHITMAN,JASON DEAN",Jordan,6/19/2037,MURDER,9/8/2008,6/18/2007,30
5739276,2323740,"WARE,WILLIAM ANDREW",Skyview,6/16/2028,AGG ASLT AGAINST PUB SERV,9/3/2020,6/16/2020,8
5739494,1207797,"VISCARRA,NARCISSO JOSE LUIS",Estelle,1/1/9999,MURDER,11/18/2003,9/3/2002,Life
5739542,1040666,"MARTINEZ,ARMANDO",Robertson,1/1/9999,CAPITAL MURDER-CHILD U/6,4/23/2001,1/17/1999,Capital Life
5739663,2474566,"SANDOVAL,THOMAS",Garza East,4/1/2027,INDECENCY-CHILD EXPOSURE,10/24/2023,7/1/2019,10
5739918,1959250,"RAMIREZ,JUAN JOSE JR",Ellis,1/20/2046,AGG ROBBERY,10/14/2014,1/6/2013,30
5740121,2277415,"HUMPHREYS,EDWARD",Hughes,1/11/2037,ROBBERY,7/29/2019,3/20/2018,18
5740157,2575408,"JIMENEZ,JOE RAFAEL",East Texas Treatment Facility,6/23/2026,DRIVING WHILE INTOXICATED 3RD OR,,2/20/2023,10
5740252,2541332,"VILLANUEVA,JOSEPH PAUL",Lopez,6/27/2026,ASLT PEACE OFFICER,1/16/2025,7/20/2024,2
5740324,1878195,"MEDINA,JOSEPH",Wainwright,7/22/2032,AGG SEX ASLT CHILD,8/19/2013,7/22/2012,20
5740494,824563,"CASTRO,VICTOR",Connally,1/1/9999,MURDER,3/26/1998,2/24/1996,Life
5740687,2600635,"BUTLER,MARCUS TREMAINE",McConnell,10/23/2031,UNL POSS FIREARM BY FELON,1/15/2026,11/20/2024,6
5740749,2569025,"TREVINO,ANTHONY MICHAEL",Segovia,6/16/2026,EVADE ARR DET VEH,6/30/2025,2/14/2025,3
5740783,807925,"GONZALEZ,SANTIAGO",Connally,1/1/9999,AGG SEXUAL ASSLT CHILD,10/17/1997,3/16/1996,Life
5741239,1377812,"DELUNA,JOHN K",Garza East,3/11/2034,ROBBERY,6/23/2006,7/24/2005,25
5741259,2552628,"HERNANDEZ,RUBEN",C.T. Terrell,4/24/2029,AGG ASLT AGNST PUB SERV,3/24/2025,4/24/2024,5
5741364,861484,"VALDEZ,ESTEBAN C",Lewis,6/2/2062,MURDER,1/28/1999,4/19/1996,65
5741883,1575590,"RAMOS,RANDY",Ramsey,4/15/2048,MURDER,2/19/2015,4/10/2008,40
5742225,1077573,"GRUBBS,RICHARD RAY",Michael,1/1/9999,CAPITAL MURDER,11/27/2001,11/29/2000,Capital Life
5742357,2540189,"BARJON,ELOY",Lopez,8/27/2029,ASLT FAM/HSE MEMBER PRE CONV,1/7/2025,8/27/2024,5
5742378,2164909,"AGUILAR,GABRIEL",Jester III,8/21/2042,MURDER,10/26/2017,8/11/2014,25
5743706,2601877,"FLORES,RAYMOND GIL",Glossbrenner,9/11/2026,POSS CS PG1 4-200G,7/6/2022,7/20/2020,4
5743740,2569004,"GONZALEZ,CARLOS JR",Garza East,8/9/2030,UNL CARRY WPN W/FELONY CONV,7/3/2025,8/9/2024,6
5743872,1569074,"HETTLER,RUDY",Smith,3/16/2047,MURDER,4/13/2009,3/5/2007,35
5743913,2436333,"BADILLO,ADAN JERRAMIAH",Estelle,9/23/2028,POSS CONT SUB PG1 4-200G,10/4/2022,9/24/2021,6
5744194,1323331,"JONES,LLOYD D II",Hughes,8/24/2039,AGG SEXUAL ASSLT,8/16/2005,8/24/2004,35
5744336,2356972,"DELGADO,JOHN CHRISTOPHER",Ellis,3/19/2070,AGG SEX ASLT-CHILD,7/15/2021,7/4/2019,50
5744614,2540213,"RUIZ,LEOPOLDO",Torres,5/19/2028,THEFT PROP $30K-150K,1/9/2025,11/12/2023,4
5745345,1703391,"SMITH,KRISTOPHER LEE",Connally,9/24/2074,MURDER,3/4/2011,9/24/2009,65
5745679,2324026,"GARCIA,FRANCISCO ARMANDO",Willacy County,12/14/2027,BURG HABIT FORCE,9/3/2020,5/6/2019,7
5745770,2606790,"TREVINO,MICHAEL",Garza West,1/1/2027,POSS CS PG 1/1-B L/1G,10/30/2024,7/27/2023,2
5745984,909110,"CARDENAS,JAIME",Powledge,1/1/9999,CAPITAL MURDER-CHILD-U/SIX,1/21/2000,12/31/1998,Capital Life
5746135,1244960,"CANALES,RAMIRO",Connally,1/1/9999,AGG SEX ASLT,6/4/2004,3/29/2003,Life
5746212,2538098,"GOLDEN,LOVELL DEMAR",Willacy County,12/19/2028,POSS CS PG1 4-200G,12/11/2024,4/3/2023,12
5746243,2566864,"BONNER,SAMMY R JR",Torres,11/24/2028,ARSON INT DAMAGE HAB/PLACE WORSH,6/13/2025,7/30/2021,5
5746385,2603624,"ROJAS,DALIA MARTINEZ",Plane,11/6/2027,OBSTUCTION RETALIATION,2/12/2026,11/6/2025,2
5746530,1461337,"BOCANEGRA,JOHN G",Allred,3/7/2032,ROBBERY,9/5/2007,12/9/2006,25
5746559,2234922,"ELLISON,JOY LASHANE",Murray,4/3/2034,ROBBERY,12/3/2018,9/25/2017,16
5746987,2239831,"MARTINEZ,JESSE",Ramsey,1/1/2027,ROBBERY,12/19/2018,5/19/2017,12
5747557,1083242,"ALVARADO,GREG",Wynne,1/1/9999,CAPITAL MURDER,12/28/2001,9/18/2000,Capital Life
5747645,855698,"GREEN,DONALD",Connally,1/1/9999,CAPITAL MURDER,11/13/1998,11/17/1997,Capital Life
5747702,1604265,"GUERRA,JOE",Ramsey,3/25/2032,AGG ROBBERY,10/12/2009,12/10/2008,20
5748438,1204621,"MONTGOMERY,WILLIAM L",Memorial,6/25/2052,MURDER,10/10/2003,6/26/2002,35
5749063,2487016,"RISER,SEAN JUAN",Cotulla,9/9/2027,INJURY TO ELDERLY BI,1/25/2024,10/24/2023,7
5749734,2444337,"GONZALES,BRANDON EARL",Lychner,1/1/2027,FELON POSS FIREARM,4/14/2023,7/19/2017,8
5749753,2423984,"DAVIS,CYRUS THOMAS",Hightower,5/24/2028,AGG ROBBERY,11/29/2022,3/11/2021,7
5749868,2339086,"SOLIS,NEIL ANDREW",Allred,7/25/2032,POSS WID CONT SUBS PG1 4-200G,2/26/2021,8/10/2020,25
5749883,1162351,"BENAVIDES,RUBEN",Ellis,2/15/2029,AGG ASLT PUBLIC SERVANT,3/24/2003,3/14/2002,25
5750133,1107845,"VARA,PAULO",Michael,1/1/9999,CAPITAL MURDER,11/27/2001,10/24/2000,Capital Life
5750900,791273,"MARTINEZ,LEOCADIO",Boyd,6/29/2034,ATT CAPITAL MURDER,9/21/1994,6/15/1994,40
5751070,2391241,"CRUZ,JUAN FRANCISCO",Stevenson,3/17/2029,AGG SEX ASLT CHILD,4/11/2022,8/21/2014,10
5751229,867814,"FLORES,CARLOS",Connally,1/1/9999,MURDER,2/26/1999,3/2/1998,Life
5751781,2342986,"ARAGON,ELIAS",LeBlanc,2/4/2029,POSS CONT SUB PG1 1-4G REPEAT,3/24/2021,7/30/2019,8
5751869,1788283,"ZAMORA,ENRIQUE",Stevenson,12/1/2030,AGG ASLT W/DW,4/12/2012,10/30/2010,20
5751879,2537043,"PARDO,JOSHUA JAVIER",Dominguez,6/6/2030,TERR THRT IMP PUB SERV FEAR SBI,12/12/2024,5/26/2024,6
5752875,1691299,"ACOSTA,VICTOR",Connally,7/16/2059,INJURY TO CHILD-SBI-INTENT,12/6/2010,7/16/2009,50
5753406,2010705,"BELTRAN,JOHN",Dalhart,12/27/2037,SEX ASLT-CHILD,6/29/2015,11/1/2009,6
5754224,831464,"CERVANTES,SANTOS",Clements,1/1/9999,CAPITAL MURDER,5/5/1998,6/10/1996,Capital Life
5754244,2502671,"AVILA,DAVID J",Garza West,10/8/2029,AGG SEX ASLT CHILD,4/30/2024,7/1/2015,6
5754980,2155993,"RIVERA,WILLIAM",Estelle,3/3/2032,AGG ROBBERY,8/28/2017,3/4/2017,15
5755232,2356221,"ZAPATA,JORGE ANTONIO ARENAS",Powledge,8/7/2034,AGG ROBBERY,7/14/2021,8/4/2019,15
5755255,2118303,"GARZA,JOSELITO MEDINA",Michael,6/1/2026,AGG SEX ASLT CHILD,2/13/2017,2/23/2015,10
5755423,1828434,"SMITH,DANIEL",Clements,5/25/2052,AGG ROBBERY,12/6/2012,9/7/2010,40
5756581,2447745,"KIRKHAM,THOMAS",LeBlanc,11/22/2027,BURG HAB-INT COMM ASLT,4/24/2023,6/25/2022,5
5756598,1002204,"TRAINER,TRACY ALLEN",McConnell,1/1/9999,CAPITAL MURDER,6/27/2000,3/9/1998,Capital Life
5757703,2594739,"MORALES,ERIC",Segovia,12/1/2026,UNAUTH USE VEH,12/9/2025,8/15/2025,3
5758869,2328032,"ADAMS,VODRICK LEVE",Coffield,8/30/2031,AGG ROBBERY,10/1/2020,8/30/2019,12
5759273,2510886,"CASTILLO,JASON",Garza East,7/16/2027,AGG ASLT DW,6/18/2024,3/7/2021,4
5759288,2538105,"MUNOZ,JOHNNY ABEL",Stiles,7/18/2074,POSS CHILD PORN 50 DEP/VID,1/6/2025,7/18/2024,50
5760369,2522441,"RIVERA,ANTHONY",Willacy County,11/1/2029,ASLT-PEACE OFFICER/JUDGE,8/22/2024,11/2/2023,6
5760387,2569714,"HUTCHISON,ROXANN",Plane,2/21/2027,THEFT PROP L/$2500 2/M PREV,7/17/2025,2/19/2025,4
5760388,2593698,"CASTORENO,JOHN ERIC",Jester III,4/14/2029,POSS CS PG1/1-B 1-4G,12/3/2025,8/10/2023,8
5760401,2610535,"RODRIGUEZ,ALEJANDRO JR",Garza West,10/6/2027,FAIL COMP SEX OFF REG LIFE/ANN,3/30/2026,8/4/2025,2
5761197,2475467,"JIMENEZ,JOHN",Hightower,6/1/2026,VIOL SEX OFF REG W/PREV CONV,10/30/2023,11/11/2021,6
5762959,1290886,"RAMOS,MARK",McConnell,11/20/2117,MURDER,11/1/2004,11/20/2003,99
5765508,2589321,"PESINA,MARK ANTHONY",Montford,4/12/2030,AGG ASLT W/DWPN,11/6/2025,4/12/2025,5
5767099,2398649,"GONZALES,MARK",Connally,5/31/2026,DWI,6/17/2022,3/29/2020,6
5767239,1846677,"GUYTON,JOHNNIE",Smith,3/18/2068,AGG ROBBERY,3/8/2013,2/10/2012,56
5769130,2482099,"TREVINO,MARK ANTHONY",Polunsky,4/3/2047,SEX ASLT CHILD,12/14/2023,6/18/2021,25
5769146,2225579,"MARTINEZ,MANUEL GREGORY",Stevenson,5/5/2041,AGG ASLT AGAINST PUB SERV,10/4/2018,5/5/2016,25
5769270,2303259,"SANCHEZ,EDMUNDO",Lychner,6/24/2026,AGG ROBBERY,1/17/2020,5/19/2018,8
5770074,2577704,"FAVELA,RICHARD",McConnell,12/11/2031,VIOL BOND/PROT ORD 2+TX W/I 12MO,8/19/2025,12/11/2024,7
5770848,2605036,"RODRIGUEZ,ELOYO",Stevenson,10/24/2027,AGG ASLT W/DWPN,2/13/2026,10/24/2025,2
5771034,2583972,"MACIAS,JOHNNY RENE",Segovia,10/1/2026,AGG ASLT DW,10/3/2025,1/5/2025,2
5771321,2459772,"MEDINA,DAVID",Michael,1/11/2044,FELON POSS FIREARM,4/14/2023,2/18/2019,60
5771389,1646658,"COVARRUBIAS,WILLIAM",Powledge,1/1/5555,CAP MURDER-MULTI PERSON REPEATER,10/10/2008,8/27/2006,LWOP
5771589,2454903,"KNOWLES,NATHAN J",Willacy County,8/1/2026,MANSLAUGHTER,5/9/2023,10/7/2017,10
5771689,1351125,"HERNANDEZ,ERIK",Michael,2/6/2050,MURDER,1/27/2006,2/6/2005,45
5771697,1065738,"REYES,SANTOS OCHOA",Ellis,1/1/9999,CAPITAL MURDER,9/5/2001,5/26/2000,Capital Life
5771769,2610773,"RODRIGUEZ,RUBEN M",Byrd,10/30/2026,POSS WID CONT SUB 4-200G,2/26/2018,12/29/2016,18
5771980,2487983,"PRUITT,GILBERT",Garza East,3/28/2028,EVADING ARREST DETN W/VE,2/1/2024,3/29/2023,5
5771988,2578873,"BARRERA,DARRYL PONCIANO",Michael,2/20/2028,TAMPER/FAB PHYS EVID W/INT IMP,9/4/2025,4/12/2025,6
5772156,2463788,"LONGORIA,EDWARD",Clements,8/3/2026,AGG ASLT W/DWPN,8/18/2023,11/19/2022,5
5772385,1079544,"RANGEL,JUAN CARLOS",Connally,6/11/2089,AGG ROBBERY,2/1/2001,9/26/1998,25
5772432,2588258,"GOMEZ,JUAN CESAR JR",Jester III,1/16/2029,POSS CS PG1/1-B 4-200G,10/27/2025,5/8/2025,8
5773061,2598487,"MORENO,ENRIQUE",Willacy County,9/11/2027,POSS CS PG1/1B 4-200G,1/6/2026,1/15/2025,5
5773790,2569180,"HUFF,DAVID K",McConnell,3/20/2031,MAN/DEL CS PG 1 4-200G,7/7/2025,3/20/2025,6
5773956,1008210,"GARRETT,CHARLES E III",Michael,1/1/9999,AGG ASSAULT AGAINST PUB SERVANT,8/21/2000,1/31/2000,Life
5774002,2612625,"LONGORIA,LAURA ANGELA",Plane,9/23/2027,POSS CS PG1/1-B 4-200G,4/2/2026,5/5/2025,4
5774020,2544523,"CORONA,THERESA ANN",Hospital Galveston,8/21/2029,UNL POSS FIREARM BY FELON,2/10/2025,5/21/2024,5
5774081,2573518,"GIBSON,DAVID MICHAEL",McConnell,8/8/2034,TMP/FB PHYS EVD INT IMP HM CRPSE,7/30/2025,8/8/2024,10
5774758,1352936,"BROWN,MICHAEL NEIL",McConnell,3/22/2030,AGG SEXUAL ASLT,2/3/2006,4/5/2005,23
5774992,2568159,"VASQUEZ,POSCIANO",Telford,5/8/2030,UNL CARRY WPN W/FELONY CONV,6/25/2025,7/9/2024,5
5775305,792145,"ESQUIVEL,NATIVIDAD E JR",Garza East,5/1/2027,AGG SEX ASLT,6/9/1997,5/30/1996,40
5775746,2390528,"RIOJAS,GEORGE ARMANDO",McConnell,10/1/2026,ROBBERY,4/1/2022,6/11/2021,5
5776020,2605032,"RAMOS,ROBERT",Stevenson,3/5/2039,AGG ASLT DW,2/23/2026,2/19/2024,15
5776053,2116879,"MCDONALD,KENON",Beto,8/1/2031,EVAD ARREST DET VEH,12/14/2016,9/21/2015,25
5776836,1754593,"MEDRANO,JUAN",Coffield,6/22/2042,ROBBERY,8/12/2011,1/7/2009,32
5776877,2389480,"HERNANDEZ,JERONIMO",Hightower,9/5/2026,SEX ASLT CHILD,3/28/2022,10/16/2017,5
5777227,2506018,"BROWN,STEVEN CARROLL",Sanchez,6/14/2035,ROBBERY,5/28/2024,10/12/2019,15
5777308,2531727,"SAMANO,DELFINO",Dominguez,5/6/2029,EVADING ARREST DET W/VEH,11/15/2024,5/27/2024,12
5777715,2447502,"VIELMA,JOEY CANTU",Dalby,8/28/2032,AGG ROBBERY,5/2/2023,8/29/2022,10
5780325,2385699,"MIRELES,JOHN",C.T. Terrell,6/1/2026,VIOL SEX OFF REG ANN,3/3/2022,4/7/2020,5
5780864,2408319,"GOMEZ,DAVID ADAM",Dalby,1/1/2027,POSS WID CONT SUBS 4-200G,8/16/2022,1/22/2020,9
5781412,2194551,"WASHINGTON,ALBERT EMANUEL",Jester III,2/9/2029,EVADE ARREST/DET W/VEH,3/27/2018,10/26/2017,15
5781568,2453702,"CORTEZ,ERNEST",Torres,11/20/2028,UNL CARRY WPN W/FELONY CON HAB,6/20/2023,8/1/2022,10
5781951,2574187,"MARTINEZ,STEPHANIE",Coleman,10/1/2026,POSS CS PG2 L/1G,6/20/2025,12/10/2022,5
5782492,2047103,"BURGESS,DARRYN",Garza East,11/10/2063,ASLT AGAINST PUB SERV,1/4/2016,11/10/2013,50
5782580,2556409,"BEIDLEMAN,ROBERT SHAWN",Willacy County,5/20/2029,MAN/DEL CS PG1 4G-200G,4/21/2025,1/23/2023,10
5782619,1753756,"GUITRON,JIMMY",Stevenson,1/12/2035,AGG ASLT W/DWPN,11/10/2011,10/13/2009,25
5783527,2310335,"NAVARRO,MANUEL",Powledge,2/23/2030,SEX ASLT CHILD,2/26/2020,2/11/2017,10
5786623,2594368,"LOPEZ,AVELINO",Glossbrenner,7/21/2026,AGG ASSAULT W/DEADLY WEAPON,,5/6/2025,10
5786899,2589563,"ALANIZ,JASON ERIC",Dominguez,3/19/2035,POSS CS PG1/1-B 1G,1/27/2026,11/7/2024,10
5788699,1751816,"PEREZ,JOHN ADAM",Stevenson,8/10/2050,MURDER,10/28/2011,4/13/2002,40
5788844,2609545,"CANTU,LEE ROY",Glossbrenner,10/23/2026,POSS W/I DEL CS PG1 4G-200G,2/8/2023,7/19/2022,6
5789065,2565754,"WILLIS,WILLIE",Briscoe,1/31/2034,ROBBERY,6/9/2025,12/21/2023,10
5789312,2162826,"SANTOS,JOHN A",Garza West,8/26/2026,BURG HABIT-FORCE,10/17/2017,2/18/2016,20
5789526,2335484,"COLEMAN,LARRY LEE",Dalby,12/10/2026,POSS CONT SUBS PG1 1-4G,1/5/2021,9/24/2019,6
5789553,1878186,"HERNANDEZ,PAUL",Chasefield Wilderness,4/8/2027,POSS WID CONT SUBS PG1 4-200G,8/21/2013,10/3/2012,12
5789772,1012241,"KOENIG,ANN MARIE",Hobby,1/1/9999,AGG KIDNAPPING,7/18/2000,6/9/1998,Life
5789811,817305,"ORTIZ,ERNEST",Michael,10/22/2061,MURDER,10/7/1997,9/28/1996,65
5789848,1957539,"BAREFIELD,JERIMIAH",Connally,1/1/9999,MURDER,10/3/2014,10/26/1997,Life
5789901,2559118,"ORDUNA,ANTONIO",Huntsville,2/5/2028,ENGAGE IN ORG CRIM ACT,5/8/2025,10/29/2021,3
5790103,2257427,"KING,SILVESTER JR",Willacy County,4/1/2027,INDECENCY W/CHILD-CONTACT,4/5/2019,3/23/2017,10
5790167,2242557,"CASILLAS,JOHNNY",Hodge,6/4/2028,ARSON,1/11/2019,6/1/2018,10
5790653,2362033,"MARTINEZ,BOBBY JOE",C.T. Terrell,4/23/2037,STALKING HAB,8/27/2021,7/20/2019,25
5790681,2444156,"MARTINEZ,ANTHONY",McConnell,6/26/2026,FELON POSS FIREARM,4/13/2023,9/29/2020,8
5792456,2427440,"RODRIGUEZ,FELIX",Garza West,11/11/2030,ROBBERY - REPEATER,12/19/2022,4/30/2020,8
5792491,999526,"GAMBOA,JOSEPH",Polunsky,1/1/8888,CAPITAL MURDER(DEATH),3/8/2007,6/24/2005,Death
5792629,2133995,"SINALOA,FERMIN MATA",Garza East,7/1/2028,FELON POSS F/ARM,5/4/2017,10/26/2016,11
5792660,2069928,"VARGAS,STEVEN",Coffield,2/23/2031,VIOL SEX OFFENDER REG ANNUAL,5/19/2016,1/18/2016,15
5792879,2540218,"VASQUEZ,JUAN",Clemens,12/3/2026,UNL POSS F/ARM FELON,2/6/2025,10/22/2024,5
5793579,2000831,"BONDS,LEVI ANDERSON",Ramsey,6/18/2036,MURDER,5/11/2015,6/7/2013,23
5794436,1440304,"LLAMAS,JOHNNY",Clements,1/1/5555,CAPITAL MURDER,5/24/2007,5/23/2006,LWOP
5794946,2578439,"DELILLE,TERESA BELMA",Henley,8/4/2026,POSS CS PG1/1-B 4-200G,8/22/2025,3/14/2025,5
5794964,2568145,"MONTOYA,DANIEL",Connally,10/21/2026,AGG ASLT W/DWPN,6/26/2025,8/29/2024,2
5795140,2615007,"REHFELD,ROBERT EDWARD",Dominguez,8/4/2026,UNAUTH USE OF VEHICLE,4/17/2026,10/5/2025,0.5
5796172,1619165,"SALAZAR,JERRY",McConnell,1/1/9999,INJURY CHILD SBI OMISSION,12/22/2009,12/24/2006,Life
5796957,1545122,"LOPINTO,DAVID S",Stiles,8/30/2057,MURDER,12/10/2008,8/31/2007,50
5799438,2354529,"ELIAS,MICHAEL",Memorial,7/25/2026,FELON POSS FIREARM,6/30/2021,2/6/2020,10
5799843,1435225,"CANTU,DAVID",Memorial,6/17/2104,MURDER,4/20/2007,6/18/2005,99
5800141,1229909,"CISNEROS,FELICIANO MORENO",Wainwright,1/1/2038,MURDER,6/21/2002,2/10/2000,31
5800551,2439919,"MCNEIL,KEITH OSHEA",Dominguez,2/22/2031,FRAUD USE POSS ID INFO 5-9 ITE,3/7/2023,2/23/2023,8
5800574,2613011,"CASANOVA,ALBERT A JR",Connally,5/5/2083,MURDER,4/8/2026,5/2/2023,60
5802863,2437350,"FIGART,MICHAEL IAN",Dominguez,6/12/2026,AGG ASLT DW,3/9/2023,8/26/2022,4
5803785,1402426,"INOCENCIO,CARLOS",Coffield,1/1/9999,MURDER,10/26/2006,9/14/2005,Life
5803795,2570187,"RENTERIA,JESUS",Michael,10/5/2036,ARSON DAMAGE HAB/WORSHIP,7/7/2025,7/11/2023,12
5803936,2154541,"NAJERA,JESSE",Clemens,9/14/2031,BURG HABIT-COMMIT FEL,8/23/2017,10/27/2015,15
5804026,2597656,"MARTINEZ,ABEL JUNIOR",Sayle,8/12/2026,"THEFT PROP <$2,500  2/MORE PREV",,2/1/2024,6
5804137,2588264,"JONES,WILLIAM H III",Jester III,12/7/2026,POSS CS PG1/1-B 1-4G,10/28/2025,7/18/2025,3
5804543,2432185,"MESA,RAYMOND SYLVESTER",Wynne,3/10/2034,AGG ROBBERY,1/19/2023,3/9/2022,12
5804571,2614147,"ARROYO,JUAN JR",Garza West,11/17/2027,EVAD ARR/DET W/PREV CONV,3/23/2026,11/17/2025,2
5804914,2181673,"VILLARREAL,PEDRO",Polunsky,1/15/2027,ASLT/PUBLIC SERVANT-BI,2/5/2018,1/15/2017,10
5804929,2552887,"ZAMORA,JOEL RAMON",Stevenson,2/5/2027,POSS CS PG1/1B 4-200G,3/28/2025,12/23/2024,5
5804984,1203742,"GONZALEZ,RAY",Michael,1/1/9999,CAPITAL MURDER-OTHER FELONY,10/6/2003,5/3/2002,Capital Life
5805080,2480154,"COLIN,JESUS",Garza East,6/6/2029,INDEC-CHILD EXP,12/5/2023,10/31/2012,7
5805413,1288097,"VASQUEZ,ANGEL SANCHEZ",Ferguson,1/1/9999,CAPITAL MURDER,10/28/2004,12/12/2001,Capital Life
5805579,2227087,"GROSS,MONTRAL",Memorial,11/8/2043,SEX ASLT REPEAT,10/5/2018,3/12/2016,26
5805892,2411544,"RODRIGUEZ,FERNANDO",Garza East,1/1/2027,AGG ASLT DW,8/29/2022,3/4/2022,6
5806001,2514759,"RODRIGUEZ,JOSEPH A",Jester III,1/12/2027,DWI 3D/M,7/22/2024,7/4/2023,6
5806470,2351924,"GUEVARA,ISRAEL",Lewis,7/10/2045,AGG SEX ASLT CHILD,6/1/2021,1/15/2020,25
5807563,2394284,"RIVERON,JULIO C",Ney,3/30/2029,AGG ASLT DWPN,2/15/2022,6/30/2020,8
5808104,2583977,"MENCHACA,ERIC ANTHONY",Havins,10/26/2026,ASLT FAM/HOU MEM PREV CONV,10/9/2025,3/31/2019,4
5808284,2451716,"SINGLETON,TREMONTAE L",C.T. Terrell,4/25/2032,AGG SEX ASLT CHILD,5/25/2023,12/9/2002,10
5808558,2548539,"MOEHRIG,KHRISTIAN LEROY",Estes,5/17/2028,ASLT INT/RCK BRTH/CIRC FAM PREV,2/14/2025,1/24/2024,4
5808689,1027678,"YTUARTE,JOHN",Hamilton,6/29/2042,BURG HAB WIC FEL-FOR,12/27/2000,5/17/2000,38
5809365,1065732,"LEZA,JESSE",Cotulla,5/23/2051,AGG ROBBERY,9/17/2001,9/26/2000,50
5809492,2575793,"CUELLAR,JESSE",Estelle,6/1/2026,POSS CS PG1 1-4G,10/25/2023,1/9/2019,3
5809515,1976977,"ESQUIVEL,YSIDRO G",Garza West,11/10/2038,TRAFF CHILD INT FORCED LABOR,1/12/2015,5/7/2013,25
5809559,2573512,"BELTRAN,LOUIS",Michael,1/5/2054,AGG ROBBERY,7/24/2025,8/4/2023,30
5809589,2541198,"JOHNSON,CHARLES LEE JR",Dominguez,4/1/2027,UNL POSS FIREARM,1/24/2025,5/16/2023,5
5809623,1712988,"ARCOS,RICARDO",Hughes,5/3/2060,MURDER,4/28/2011,5/2/2010,50
5810003,1351117,"CAMERO,JUSTIN",Connally,9/2/2049,MURDER,2/8/2006,9/2/2004,45
5810429,2598468,"AGUILLON,REFUGIO JESUS",Dominguez,5/24/2029,ASLT FAM/HSE MEM IMP BRTH/CIRC,1/7/2026,6/5/2020,8
5811638,2531691,"GARCIA,RICHARD",Michael,12/1/2026,POSS CS PG1 1-4G,11/4/2024,10/27/2023,4
5811990,2585206,"TOSCANO,EDWARD ANTHONY",Segovia,1/30/2028,THEFT SERV $2500-$30K,10/10/2025,1/30/2025,3
5813874,2569027,"VILLARREAL,JESUS JR",Boyd,2/2/2027,POSS CS PG1/1-B 1-4G,4/8/2025,2/2/2025,2
5814059,2555069,"MOORE,THOMAS",Lopez,7/11/2026,POSS CS PG2 4-400G,4/3/2025,7/29/2023,3
5814328,1008205,"CHAVEZ,DANIEL RAMON",Allred,1/1/9999,MURDER,8/23/2000,1/30/1999,Life
5815055,2081764,"REYNA,HENRY",Hughes,1/31/2036,COMPEL PROST CHILD,8/1/2016,1/30/2016,20
5817163,2447289,"VILLEGAS,MANDY LOU",Murray,6/9/2054,MURDER,5/4/2023,2/11/2019,35
5817417,2583598,"SOUKSOMBOUN,KYLE KOULAB",Segovia,9/1/2026,VIOL BOND PROT ORD 2X 12MO,3/2/2023,2/17/2022,4
5817714,2574178,"PUENTE,MIGUEL",LeBlanc,8/2/2028,UNL POSS F/ARM,8/6/2025,3/27/2024,3
5817995,2271366,"KHABAZIAN,SHANDON",Huntsville,5/13/2057,AGG ROBBERY,6/10/2019,12/17/2016,40
5818351,2561519,"RATLIFF,FRED III",Garza West,2/25/2029,THEFT PROP $30K-150K,5/13/2025,2/16/2025,4
5818480,1863048,"PERALES,ARTURO",Clements,11/1/2026,POSS W/I DEL CONT SUB 4-200G,5/28/2013,6/29/2012,15
5818790,2459757,"CAIN,MICHAEL",Travis County,3/24/2040,AGG ROBBERY,7/21/2023,3/15/2022,18
5819872,1108976,"BAKER,JEREMY JEROME",Estelle,5/21/2047,AGG SEX ASLT,5/21/2002,9/29/1999,45
5820363,2084336,"HARTSFIELD,KEVIN",Huntsville,2/10/2035,AGG SEXUAL ASLT,8/11/2016,12/27/2014,20
5820718,2580275,"MATA,JOHNNY A",Estelle,7/24/2026,POSS CS PG 1 <1G,,12/17/2019,1
5821664,843525,"MACRI,VINCENT P JR",Hughes,1/1/9999,BURG HABIT WIT COMM FELONY,7/21/1998,2/15/1997,Life
5823314,2417637,"GONZALEZ,RICARDO",Ellis,6/22/2051,AGG ROBBERY REPEATER,9/30/2022,11/15/2018,30
5824426,2604008,"CASTILLO,DERRICK LOUIS I",Segovia,3/2/2027,UNL POSS FIREARM BY FELON,2/12/2026,2/7/2025,5
5824533,1906211,"TURNER,JIMMY",Stevenson,5/27/2063,INJURY TO CHILD/SBI/INT/KNOW,11/15/2013,5/17/2012,50
5824580,2565751,"TORRES,CHRISTOPHER LEE",Briscoe,6/5/2032,EVAD ARR DET VEH,6/10/2025,5/13/2024,7
5824601,2585400,"BOSTON,MAURICE",Garza West,2/13/2029,ROBBERY,10/21/2025,2/13/2025,4
5824615,2585437,"MASTERS,DARRELL DANIEL JR",Hamilton,10/1/2026,AGG ASLT W/DWPN,10/13/2025,10/31/2021,4
5825196,1994817,"GREENROCK,COY",Stiles,9/1/2026,BURG HABIT-FORCE,3/19/2015,3/8/2013,15
5825870,2560255,"CLAWSON,JOANN PUENTE",Crain,7/24/2027,DWI 3RD/MORE,5/27/2025,1/12/2025,6
5826138,2171839,"RODRIGUEZ,RAMON",Michael,6/1/2026,AGG SEXUAL ASLT CHILD,12/1/2017,9/1/2008,10
5826208,2606146,"ALVARADO,JOHNNY",Garza West,10/23/2029,EVAD ARREST DET VEH,2/26/2026,4/3/2025,4
5828056,822339,"RODRIGUEZ,JESUS JR",Polunsky,1/1/9999,CAPITAL MURDER,1/5/1998,1/20/1997,Capital Life
5828105,2311545,"MONTALVO,RODOLFO",Wynne,3/21/2027,POSS CONT SUBS PG1 4-200G,2/28/2020,6/6/2019,15
5828934,2586700,"RODRIGUEZ,FRANK JR",Dominguez,6/8/2026,POSS CS PG1/1-B <1G,9/30/2025,11/1/2024,1
5829367,1983507,"PALMER,MARK",Polunsky,6/19/2029,AGG ROBBERY,2/18/2015,5/24/2014,15
5829381,2563316,"GARCIA,ALEJANDRO ALEX",Connally,1/1/2027,POSS CS PG1/1-B 4-200G,5/29/2025,5/16/2023,4
5829963,2034457,"JUAN,NOEL DON",Bartlett,7/7/2040,AGG SEX ASLT/CHILD,11/6/2015,1/9/2012,25
5830399,2224245,"RODRIGUEZ,ANTHONY FRANK",Hodge,4/27/2041,INDECENCY W/CHILD-CONTACT,9/24/2018,2/23/2016,20
5831011,1326656,"AREVALO,MIKE JR",Wynne,2/12/2027,AGG ROBBERY,8/24/2005,12/19/2004,18
5831021,1313562,"PENA,DEREK",Connally,1/1/9999,CAPITAL MURDER,5/16/2005,12/16/2003,Capital Life
5832014,2540191,"GALLEGOS,LUIS",Polunsky,10/17/2029,FAIL COMPLY SEX DUTY REG LIFE,6/25/2024,3/6/2024,5
5832060,901866,"ROUCHON,JASON MICHAEL",Hughes,1/1/9999,CAPITAL MURDER,10/20/1999,3/8/1997,Capital Life
5832096,1055329,"ANGUIANO,JESSE",Clemens,1/1/9999,MURDER,3/7/2001,10/2/1999,Life
5833006,2258618,"RAMIREZ,LUIS",Lynaugh,2/6/2032,AGG SEX ASLT CHILD,3/7/2019,12/30/2015,15
5833254,2330929,"CHAVEZ,ROBERT",Ferguson,10/25/2029,FELON POSS FIREARM,5/13/2020,8/7/2017,10
5834133,2406448,"GARCIA,VINCENT RENE",Connally,10/1/2026,DWI,8/8/2022,3/2/2022,9
5834783,2458692,"CASSEL,BRANDON ANTWIONE LAMAR",Jester III,11/26/2028,AGG ASLT W/DWPN REPEATER,7/12/2023,11/27/2022,6
5835199,2130363,"AGUILAR,ROBERT",Polunsky,1/1/5555,CAPITAL MURDER,4/10/2017,8/18/2015,LWOP
5835545,1018151,"GUERRERO,CARLOS",Clements,1/1/9999,MURDER,11/3/2000,4/10/2000,Life
5836203,2456286,"RAMOS,STEPHANIE ANN",Plane,6/1/2032,AGG ASLT DW,7/13/2023,5/26/2022,10
5838368,2465873,"BAIRD,JOHN TIMOTHY",Connally,3/10/2033,FELON POSS FIREARM,9/5/2023,2/10/2023,10
5838825,1263266,"PENA,CHRISTOPHER",Polunsky,10/11/2046,MURDER,9/20/2004,10/11/2003,40
5839210,1068213,"CARDENAS,JOHN ADAM",McConnell,1/1/9999,CAPITAL MURDER,9/18/2001,3/19/1999,Capital Life
5839224,2518761,"PENA,RAMON",Dominguez,9/19/2029,BURG HABIT FORCE,8/9/2024,11/9/2022,14
5839276,1119999,"CLARK,SEAN DEVON",Stringfellow,8/21/2044,MURDER,7/16/2002,8/24/2001,40
5839439,2437208,"DELRIO,HECTOR",Holliday,10/10/2031,AGG ROBBERY,3/2/2023,6/26/2022,9
5840274,2564115,"GAYTON,JESUS",Dominguez,2/14/2027,THEFT PROP<$2500 2/M PREV CONV,5/29/2025,12/28/2024,2
5840946,2519496,"DIAZ,MARY JESSIE",Crain,7/24/2048,MURDER,7/30/2024,1/25/2020,25
5841882,860485,"DAVIS,JOHN LESLIE",Clements,8/1/2031,AGG SEX ASLT-CHILD,12/8/1998,5/14/1997,30
5843138,2241202,"ALVARADO,DAVID",Polunsky,8/28/2042,AGG ASLT W/DWPN,1/8/2019,8/24/2017,25
5844228,2594738,"MONTOYA,JAMES CHRISTOPHER",Garza East,4/1/2027,THEFT PROP 2500-30K,12/8/2025,8/31/2023,4
5845481,1950776,"BAILEY,VICTOR EUGENE",Stiles,4/16/2054,AGG ROBBERY,7/29/2014,7/6/2010,40
5845482,2267152,"REED,FREDERICK EARL",C.T. Terrell,1/21/2030,AGG ASLT W/DWPN,5/28/2019,1/10/2018,12
5845701,1514414,"CONTRERAS,JOSE BENTIO",Luther,4/16/2046,MURDER,6/23/2008,4/16/2006,40
5845849,845170,"HERNANDEZ,FERNANDO JR",Robertson,1/1/9999,MURDER,7/30/1998,9/19/1995,Life
5847901,2437223,"MORA,LEOPOLDO PAUL",Lewis,1/1/9999,MURDER,3/2/2023,6/13/2021,Life
5848261,2574179,"ALEXANDER,HATTIE TAZARRA",Plane,7/18/2030,AGG ROBBERY,8/13/2025,7/18/2025,5
5848319,2039274,"OLIVER,ANDREW DEAN",Hamilton,7/24/2026,POSS CONT SUBS PG1 1-4G,12/3/2015,12/15/2014,10
5848800,2285922,"POLENDO,REYNALDO",Stevenson,6/20/2058,AGG ROBBERY-REPEATER,9/19/2019,6/18/2018,40
5850149,2439578,"MIRELES,MATTHEW REYES",McConnell,1/1/9999,AGG ASLT AGAINST PUB SERV,3/24/2023,1/25/2019,Life
5850345,1992895,"HERNANDEZ,ROGER",Huntsville,3/29/2033,AGG SEX ASLT CHILD,4/6/2015,5/15/2008,18
5851634,2501428,"PERALES,ALEXANDER III",Briscoe,3/11/2027,AGG ASLT W/DW,3/15/2024,11/16/2021,3
5851838,2384735,"SULLIVAN,MICHAEL DELANY",Goodman,6/14/2029,HARASS PUBLIC SERV,2/24/2022,10/30/2021,6
5852348,2385904,"FIERROS,VINCENT MICHAEL",Wynne,2/2/2053,CONT SEX ABUSE CHILD,3/17/2022,10/27/2011,33
5852797,2596290,"TANAJARA,ADRIANA",Plane,6/10/2026,FORGERY FINANCIAL INSTRUMENT,8/3/2018,6/2/2017,1
5852870,1758585,"GARCIA,REYNALDO",Telford,12/5/2110,AGG SEX ASLT CHILD,12/12/2011,6/15/2008,99
5853457,2588268,"LOPEZ,BALDEMAR HERNANDEZ",Dominguez,6/1/2026,POSS CS PG 1/1-B 1-4G,6/17/2025,8/20/2024,2
5854352,2549194,"FLORES,GILBERT",Vance,11/16/2026,UNL CARRY WPN FELONY,3/5/2025,9/25/2024,5
5856160,2568997,"DUBAR,THOMAS JAY",Lopez,8/2/2026,UNL POSS FIREARM FELON,7/3/2025,6/12/2024,4
5856166,908045,"GARCIA,ROBERT ANTHONY",Garza East,4/28/2038,MURDER,11/29/1999,2/6/1998,40
5856618,2576405,"ANDERSON,DANNY JOE",East Texas Treatment Facility,6/30/2026,POSS CS PG 1/1-B >=1G<4G,,7/1/2023,4
5856687,840106,"MARTINEZ,ALEX",Connally,1/1/9999,CAPITAL MURDER-CHILD U/6,7/2/1998,3/10/1997,Capital Life
5857727,2394846,"HERNANDEZ,NICOLAS",Dominguez,1/15/2027,BURG VEH W/2+ CONV,5/5/2022,9/15/2021,4
5857829,2311528,"FRANKLIN,HOWARD",Ney,3/5/2027,FAIL STOP & RENDER AID-DEATH,2/26/2020,5/22/2017,10
5858162,2520993,"CAMPA,PAUL ANGEL",Cotulla,4/6/2028,INJURY TO ELDERLY BI,8/28/2024,9/26/2023,4
5858284,2593443,"STEVENS,MATTHEW LAWENCE",Segovia,11/30/2026,DWI 3RD MO,11/21/2025,6/13/2025,3
5858407,2355357,"VIDAL,JEFFERY",McConnell,5/8/2029,CONT VIOL AGAINST FA,6/30/2021,5/4/2020,8
5859099,1851132,"HAMPTON,DWIGHT",Montford,4/10/2042,AGG ASLT-SBI,4/9/2013,1/31/2012,30
5859538,1027893,"FUNARI,ROCCO",Coffield,5/11/2069,AGG ROBBERY,2/9/2001,8/22/1999,62
5859541,2555063,"LEON,CHRIS",Lopez,5/13/2027,UNL POSS F/ARM BY FELON,3/24/2025,2/4/2024,7
5860638,2540500,"MOLINA,LUIS GERARDO",Wainwright,12/7/2026,FELON POSS F/ARM,1/13/2025,1/23/2024,8
5861273,2606172,"RODRIGUEZ,JOHN GREGORY",Garza West,11/10/2029,UNL CARRY WPN W/FELONY CONV,3/2/2026,9/16/2025,8
5861622,1419077,"PHILLIPS,RHINY LARNE",Hughes,11/10/2055,ATT CAPITAL MURDER-PO,9/5/2006,7/21/2005,50
5862022,1162379,"URRABAZO,BOBBY",Bartlett,10/7/2052,AGG ROBBERY,3/4/2003,4/4/2002,50
5862027,1145049,"BENITEZ,MICHAEL",Garza East,12/4/2031,AGG ASLT PUBLIC SERVANT,11/15/2002,9/14/2001,29
5862739,2559589,"MIKE,ANTHONY M",Vance,1/10/2030,MAN/DEL CS PG1 4-200G,5/7/2025,1/10/2025,5
5863917,2585463,"SALAS,MATTHEW LEE",W. Scott,3/31/2028,ASLT PUB SERVANT,10/21/2025,4/19/2025,7
5864312,1243972,"QUESADA,ERIC",McConnell,4/1/2076,MURDER,5/26/2004,6/28/1998,75
5866817,2191925,"YTUARTE,BRUNO",Connally,7/2/2032,AGG ASLT W/DWPN,3/28/2018,7/3/2017,15
5869575,2194516,"CASTORENO,CHRISTOPHER",Coffield,12/17/2045,TRAFF CHILD INT FORCED LABOR,3/19/2018,11/25/2015,30
5869950,2446510,"TREVINO,REY PAK",Memorial,4/10/2031,INDEC W/CHILD CONTACT,4/14/2023,6/1/2017,8
5870315,1943871,"MARTINEZ,GERARD",Boyd,7/13/2032,AGG SEX ASLT/CHILD,7/16/2014,6/1/2009,18
5871446,2547996,"AULDS,JOHN CLIFTON",Estelle,6/1/2026,EVADE ARR DET VEH,2/20/2025,8/14/2024,4
5872911,1345004,"RAMOS,MIGUEL",Lewis,7/29/2064,BURG HABIT I/C FEL-FOR,7/22/2005,7/20/2004,60
5874402,2530296,"SALDIVAR,JODY YBARRA",Segovia,10/28/2026,ASLT FAM/HSE MEM PREV CONV,10/28/2024,2/5/2023,2
5877176,2432178,"GUEDEA,VALERIANO",Allred,9/10/2026,INDECENCY W-CHILD-CONTACT,1/23/2023,9/11/2019,7
5877394,1106470,"HOSSEINI,MOTAHAR",McConnell,5/24/2051,AGG ROBBERY,2/27/2002,11/26/2000,50
5878416,2272493,"NEWTON,KENNETH ANTHONY",Willacy County,1/2/2028,ROBBERY,6/28/2019,7/1/2017,8
5879258,2565452,"BANDA,ESTELA",Coleman,12/23/2027,ARSON,6/23/2025,11/22/2022,3
5879872,2502447,"CHANEY,ERIC",Garza West,9/1/2026,VIOL SEX OFFENDER REG ANNUAL,4/23/2024,11/1/2022,4
5881151,2366952,"DUQUE,PAUL ANTHONY",Smith,9/4/2032,AGG ROBBERY,9/27/2021,6/19/2020,12
5881716,2607511,"YBARRA,PAMELA MICHELLE",Plane,1/1/2027,POSS CS PG1 1-4G,11/15/2023,8/22/2022,3
5883435,917547,"SALAZAR,ANTONIO R JR",Clements,6/4/2035,AGG SEX ASLT CHILD,2/9/2000,6/5/1999,30
5887250,797697,"ELLIOTT,ROBERT LEE",Huntsville,1/1/9999,CAPITAL MURDER,6/12/1997,1/10/1996,Capital Life
5887754,2528358,"GAULT,JESUS",Memorial,6/10/2027,AGG ASLT DW,9/23/2024,4/3/2015,5
5888067,2545953,"CORONADO,MARCOS AURELIO",Cotulla,11/1/2034,ASLT PEACE OFFICER/JUDGE,2/19/2025,11/1/2024,10
5888223,1615127,"MARTINEZ,DANIEL",Wainwright,11/2/2076,AGG SEXUAL ASLT,12/4/2009,3/29/2008,65
5888778,1645668,"DIXON,CHRISTOPHER MAURICE",Estelle,12/8/2029,AGG ASLT DW REPEATER,5/7/2010,5/29/2009,20
5888982,2415634,"VALDEZ,JIMMY LEE",Stevenson,3/28/2032,AGG ASLT DW,9/19/2022,12/25/2021,10
5890492,2502681,"DELAGARZA,OSCAR",Garza East,10/13/2031,AGG SEX ASLT CHILD,5/7/2024,2/13/2023,8
5891018,1454430,"MAES,BRYAN",Estelle,11/3/2075,ROBBERY,8/1/2007,11/2/2005,65
5891730,1807355,"ROJAS,MARSELO",Dalhart,6/18/2039,AGG SEX ASLT CHILD,8/22/2012,6/18/2011,28
5891827,1881069,"GUTIERREZ,ANTONIO",Polunsky,7/26/2047,AGG SEXUAL ASLT CHILD,9/5/2013,8/31/2011,35
5892067,2447741,"GUERRA,MARIO A",Wainwright,4/4/2039,AGG SEX ASLT CHILD,4/11/2023,2/7/2020,16
5892497,2449591,"HERNANDEZ,ARMANDO JR",Cotulla,11/1/2026,EVADE ARREST/DETEN W/VEH,5/10/2023,9/8/2022,9
5892509,2185608,"MENDOZA,JESUS GUILLERMO",Connally,2/4/2029,POSS WID CONT SUB 4-200G,3/1/2018,9/19/2017,10
5892692,2260861,"MARTINEZ,JOE LUIS",C.T. Terrell,4/7/2027,FELON POSS FIREARM,4/18/2019,4/7/2019,8
5893358,2588240,"ALLEN,SELINA MARIE",Woodman,12/26/2026,THEFT PROP <2500 2/M PREV CONV,4/9/2025,12/27/2024,2
5893469,2466824,"MCCALL,DUSTIN CODY",McConnell,4/16/2037,POSS CHILD PORN,9/7/2023,1/25/2022,10
5893891,2614171,"PALOS,SYLVESTER",Garza West,12/1/2027,POSS CS PG 1/1-B 1-4G,4/16/2026,12/1/2025,2
5894322,2181643,"LEWIS,BRIAN KENNETH",San Saba,8/19/2031,AGG SEXUAL ASLT/CHILD,2/9/2018,8/19/2016,15
5894745,1007839,"BAIN,TIMOTHY",Boyd,12/13/2073,AGG ASLT AGAINST PUB SERV,9/11/2000,12/14/1998,75
5895724,1421968,"GUTIERREZ,DAVID YANES",Roach,8/6/2069,THEFT PERSON-ELDERLY,2/14/2007,4/20/2006,60
5896181,1642653,"NAPOLES,MARTIN",McConnell,10/22/2028,MURDER,5/4/2010,10/11/2008,20
5896290,2390536,"VELASQUEZ,MICHAEL ANTHONY",Polunsky,12/20/2030,EVAD ARR DET VEH,4/5/2022,11/8/2018,25
5896825,2589310,"GARCIA,GEORGE",Segovia,9/28/2027,THEFT PROP $2500 2/MOR PRE CONV,11/6/2025,6/5/2025,2
5896998,2614157,"HARRISON,ADRIAN TRUMELLE",Garza West,9/20/2034,AGG ASLT DW,4/15/2026,9/20/2024,10
5897148,2535049,"TRISTAN,CHRISTOPHER",Lewis,5/5/2029,HARRASS PUBLIC SERVANT,12/4/2024,5/5/2024,5
5899177,880084,"CANTU,TOMAS",Garza West,11/21/2036,MURDER,4/29/1999,5/25/1998,30
5900598,2076568,"RIOS,MICHAEL",Dominguez,9/1/2026,BURG HABIT FORCE,6/27/2016,9/23/2014,20
5900774,2573646,"GUERRA,JOYCE",Crain,6/11/2026,AGG ROBBERY,,3/23/2021,10
5901019,2602809,"BLALOCK,ROBERT HENRY JR",Lopez,3/2/2027,UNL POSS FIREARM BY FELON,10/1/2024,8/23/2024,3
5901377,2552627,"GAMEZ,JOE M",Lopez,2/20/2029,UNL POSS FIREARM BY FELON,3/25/2025,2/21/2024,5
5903305,1819349,"LUCERO,ELIJAH JON",Polunsky,1/1/9999,MURDER,10/22/2012,2/16/2011,Life
5903572,2434033,"DELOMBA,ERIC",Coffield,6/5/2037,POSS WID CS PG1 4-200G,2/10/2023,7/30/2021,15
5903902,1138382,"GARCIA,GILBERT",Wynne,9/19/2067,MURDER,11/12/2002,3/30/2001,60
5905082,1718954,"FLETCHER,TERRANCE",Stiles,1/1/9999,MURDER,5/20/2011,5/31/2009,Life
5906756,2454910,"MORALES,JAMES MICHAEL",Dalby,4/8/2027,ARSON,6/16/2023,9/26/2022,4
5907070,2583594,"NAPOLEAN,JOHN LEMELLE III",Luther,4/27/2027,UNL POSS FIREARM FELON,9/24/2025,4/27/2025,2
5907386,2605014,"COMMERFORD,CHRISTOPHER NATHAN",Briscoe,7/1/2026,UNL POSS FIREARM FEL,2/23/2026,8/7/2025,2
5907448,1637332,"CRUZ,JOE",Michael,2/26/2037,AGG ASSAULT SBI,3/30/2010,8/11/2006,27
5908272,1179213,"SMITH,LEVI WAYNE",McConnell,8/26/2061,AGG ROBBERY W/DDLY WPN,5/13/2003,8/26/2001,60
5908411,2528377,"SANCHEZ,RUDY JAKE REYES",Robertson,10/31/2028,BURGLARY OF HABITATION,10/11/2024,5/24/2022,6
5908646,2602823,"LARA,JEREMIAH RICHARD",Garza West,5/17/2030,AGG ASLT W/DWPN,2/2/2026,5/17/2025,5
5909483,1445905,"HURTADO,MICHAEL",Wynne,1/1/9999,ATT CAP MURDER-PO,6/20/2007,12/22/2005,Life
5909889,2083222,"HERMOSILLO,JOSE ROMEO",Polunsky,4/2/2028,INDEC W/CHILD-CONTACT,7/25/2016,9/17/2013,12
5911183,2334096,"MARTINEZ,DANIEL HERNANDEZ",Estes,6/1/2026,EVADING ARREST/DETN W/VE,12/10/2020,10/10/2018,6
5911293,2535862,"CECCOPIERI,ROBERT C II",Dominguez,9/26/2026,AGG ASLT DW,12/6/2024,12/11/2022,2
5914049,1087932,"OCHOA,DANNY",Garza West,11/30/2035,MURDER,2/11/2002,11/30/1999,30
5914305,1860969,"MOLINA,GILBERT",McConnell,4/10/2039,MURDER,5/13/2013,4/3/2012,27
5914344,2580789,"VASQUEZ,ROSEANNA",Marlin,11/1/2026,INJ CHILD W/INT BI,9/30/2025,5/13/2016,3
5916727,2531963,"ESPINOZA,NICOLAS",C.T. Terrell,7/12/2038,SEXUAL ASLT CHILD,11/20/2024,9/1/2015,15
5918608,2577698,"COVARRUBIA,JESUS JR",Memorial,12/6/2027,UNL CARRY WPN W/FELONY CONV,8/21/2025,12/6/2024,3
5918784,2527601,"GARZA,OSCAR",Torres,9/25/2031,UNL CARRY WPN FEL CONV,10/10/2024,9/25/2023,8
5919193,2281731,"RODRIGUEZ,EZEQUIEL",Lewis,8/16/2031,SEXUAL ASLT CHILD,9/5/2019,9/25/2016,12
5919714,2137873,"BARRON,MONTE",Montford,12/13/2026,INDECENCY W/CHILD CONTACT,5/24/2017,8/19/2013,10
5919993,2398663,"MILLER,BRYAN",Dominguez,2/22/2032,AGG ROBBERY,6/15/2022,1/29/2017,15
5920027,2091094,"WILLIAMS,BRIAN CHRISTOPHER",C.T. Terrell,11/13/2029,BURG HABIT FORCE,9/13/2016,10/17/2014,20
5920944,2535045,"RODRIGUEZ,ANGEL RUDY",Lopez,8/2/2026,BURG HABIT,12/2/2024,8/10/2023,6
5921180,2603738,"VIDALES,REYNALDO JR",Dominguez,7/8/2026,POSS CS PG 1/1-B <1G,2/9/2026,10/20/2025,0.8
5921349,2559365,"PALITOS,RAUL ORTIZ",Allred,6/24/2026,POSS WID CONT SUB PG1 4-200G,4/5/2022,12/8/2020,7
5922786,2582513,"ORTIZ,CHARLES JR",Segovia,5/6/2029,EVADING ARREST DET W/VEH,9/22/2025,5/6/2025,4
5922805,2602829,"NAVARRO,CHARLES JASON",Briscoe,10/17/2028,FAIL COMPLY SEX OFF DUTY REG,2/5/2026,6/13/2024,3
5923747,2425595,"MENA,PAUL",Clemens,1/1/5555,CONT SEX ABUSE-CHILD,12/6/2022,5/3/2011,LWOP
5924507,2571347,"VALDEZ,LEE",Garza West,1/1/2027,UNL POSS FIREARM BY FEL,7/16/2025,4/17/2025,4
5924633,2524709,"RUIZ,SAMUEL JR",Willacy County,9/3/2030,UNL POSS FIREARM FELON,9/20/2024,8/4/2023,7
5924709,2410757,"RODRIGUEZ,ALBERTO V",Michael,6/1/2026,FELON POSS WPN,8/17/2022,3/2/2021,4
5924728,2444144,"ESCOBAR,OSCAR",Clements,6/3/2041,AGG ROBBERY REPEATER,4/13/2023,10/15/2020,20
5926954,1059435,"WASHINGTON,ADONIS",C.T. Terrell,11/29/2099,MURDER,8/14/2001,9/21/2000,99
5927511,1676821,"EVANS,KEITH DWAYNE",Estelle,1/1/5555,CAPITAL MURDER-OTHER FELONY,10/7/2010,8/2/2009,LWOP
5927770,1455895,"CHAVEZ,RUDY R",Hughes,9/20/2046,AGG SEX ASLT CHLD,8/16/2007,11/15/2002,40
5928358,2568132,"ADAME,FELIPE",Ramsey,3/19/2029,POSS CS PG1/1-B 1-4G,6/26/2025,4/7/2024,4
5929873,1360660,"GONZALEZ,JOEL",Allred,1/1/9999,CAPITAL MURDER-OTHER FELONY,3/16/2006,9/14/2004,Capital Life
5929944,1230535,"JASS,JAMES MICHAEL",Polunsky,8/5/2043,MURDER,3/31/2004,1/21/2003,40
5930240,2580790,"VOISIN,BIANCA MARIE",Hobby,9/17/2027,UNL POSS FIRARM FELON,4/21/2025,2/14/2025,2
5931779,2478170,"BRADFORD,AUSTIN WILSON",Garza East,4/1/2030,DWI 3D/M,11/16/2023,6/12/2019,16
5935060,2614153,"GETCHELL,MICHAEL WAYNE",Garza West,1/21/2028,POSS CS PG1/1-B 4G-200G,4/16/2026,9/29/2025,5
5935162,1534249,"PEREZ,MARIO",Connally,1/19/2057,AGG ROBBERY,10/6/2008,4/9/2006,50
5935321,2605369,"DENA,MANUEL",Glossbrenner,10/1/2026,POSS WID CONT SUBS PG1 4-200G,7/26/2021,4/22/2019,10
5935432,1934285,"WINFREY,BRANDON",Wainwright,8/23/2043,INDECENCY W/CHILD-CONTACT,5/28/2014,12/24/2012,30
5936620,2494667,"DELGADO,REFUGIO",Dominguez,12/5/2027,ASLT FAMILY 2ND OFFENSE,3/8/2024,5/18/2023,10
5936984,2612622,"CAMPA,MICHELLE LYNN",Plane,2/14/2028,AGG ASLT W/DWPN,4/1/2026,2/14/2023,5
5937270,807151,"HERRERA,MIKE",McConnell,1/1/9999,CAPITAL MURDER,5/12/1997,9/25/1994,Capital Life
5937602,2575797,"ARCE,RUDY",Dominguez,1/11/2029,POSS CS PG1/1-B 4-200G,8/12/2025,9/7/2024,10
5937679,1580861,"BELL,TORRENCE",Michael,1/1/9999,MURDER,6/2/2009,7/17/2007,Life
5941130,1460264,"ZAVALA,RUBEN JR",Polunsky,10/15/2072,INJ TO CHILD-SBI-OMISSION,7/18/2007,10/23/2001,67
5941209,2503681,"TORRES,CRESENCIO",Memorial,10/16/2027,ASLT FAM 2ND OFF,5/7/2024,10/16/2023,4
5942066,1154394,"GARCIA,RICARDO",Connally,1/1/9999,CAPITAL MURDER,2/11/2003,3/30/2002,Capital Life
5942134,2183138,"HILLS,RASHAUN LEE",Gist,4/10/2027,AGG ASLT W/DWPN,2/13/2018,3/20/2017,10
5942145,2522572,"ESPINOZA,VICENTE",McConnell,10/21/2027,DWI 3D/M,8/6/2024,10/21/2023,4
5944106,2573521,"HALL,DWAYNE DURANCE",Willacy County,5/17/2030,THEFT FROM PERSON HABITUAL,7/30/2025,4/20/2025,5
5944255,2194536,"MARI,ANTHONY RAY",Ney,8/17/2034,AGG ROBBERY,4/9/2018,3/26/2016,18
5944901,876759,"PEREZ,JORGE",Beto,6/9/2048,MURDER,5/4/1999,6/10/1998,50
5944957,2445302,"GUTIERREZ,JOHN",Lopez,9/1/2026,BURG HABIT FORCE,4/14/2023,2/1/2021,8
5945416,2378803,"WOOLARD,JOSEPH WILLIAM",Powledge,5/4/2080,MURDER,12/17/2021,5/4/2020,60
5948816,1462603,"HAWKINS,JESUS RICARDO",Michael,6/1/2037,ROBBERY,9/13/2007,1/14/2007,30
5949380,2471959,"RANGEL,FRANK",Stevenson,7/6/2028,POSS CS PG1 4-200G,10/10/2023,2/12/2020,8
5949881,1014482,"ANDERSON,BILLY VERNON III",Wynne,12/20/2079,MURDER,10/11/2000,12/20/1999,80
5950470,2410753,"RAMOS,JUAN ESTEBAN",Dominguez,2/24/2037,AGG ROBBERY,8/18/2022,2/25/2022,15
5950676,1419071,"JACKSON,TRACY DESHAWN",Allred,1/1/9999,MURDER,1/23/2007,11/15/2005,Life
5951629,2559584,"HERNANDEZ,HILARIO JR",Dominguez,11/30/2030,EVAD ARR DET VEH,5/13/2025,11/30/2024,6
5951636,2436348,"REYES,DAVID",Torres,7/27/2032,ARSON HABIT/PLACE OF AS,3/2/2023,7/21/2022,10
5952376,2437230,"VILLARREAL,CARLOS RICHARD",Ney,11/9/2026,POSS WID CS PG1 4-200G,2/22/2023,4/18/2020,6
5953093,2437794,"TARIN,EDWARD JAMES",Dominguez,11/1/2026,ASLT FAMILY,3/2/2023,1/22/2022,6
5954450,2324019,"CASTILLO,ELISEO",Dominguez,9/14/2027,FELON POSS FIREARM,9/2/2020,8/13/2019,8
5956089,2501594,"FARIAS,STEVE",Willacy County,8/21/2028,ROBBERY,4/19/2024,7/10/2017,9
5956170,2343912,"PACHECO,ALBERT",Dominguez,7/29/2035,AGG ROBBERY,1/12/2021,12/11/2017,15
5957067,2609560,"BUCKNER,WEBB",Garza West,6/23/2029,UNL CARRY WPN W/FELONY CONV,10/1/2025,6/13/2025,8
5957198,2496477,"LONGORIA,CHRISTOPHER MICHAEL",Garza East,9/8/2027,ROBBERY,3/6/2024,9/8/2023,4
5958855,2305574,"GALVAN,JOHNNY",Garza East,2/3/2030,POSS WID CONT SUBS 4-200G,1/23/2020,10/7/2019,12
5959014,1663072,"DAVIS,KEITH",Stiles,1/22/2028,POSS CONT SUB 1-4G,8/12/2010,5/13/2009,20
5959055,2371938,"REYES,MARTIN",Stevenson,5/9/2045,BURG HABIT-INT COMMIT FEL,10/29/2021,9/20/2019,25
5959076,2478878,"BRAVO,RICHARD",Torres,8/25/2026,POSS CS PG 1 4G-200G,11/30/2023,4/15/2023,8
5959356,1896932,"RIVERA,SANDRA SANCHEZ",Hobby,11/20/2039,MURDER,11/15/2013,11/20/2011,28
5959534,2425897,"REVELEZ,LUIS ALBERTO",Torres,5/22/2027,AGG ASLT W/DWPN,10/21/2022,9/26/2020,5
5961734,1451931,"HAWKINS,LAWRENCE GABRIEL",Wynne,4/26/2032,AGG ROBBERY,7/18/2007,1/24/2007,25
5963222,1595773,"ARIAS,ROGER JR",Connally,1/1/9999,MURDER,8/31/2009,1/4/2008,Life
5964488,2585416,"GARCIA,CONRAD",Havins,9/25/2026,UNL POSS FIREARM BY FEL,4/9/2024,4/6/2023,3
5966011,2574647,"AGUILAR,JAVIER ANDRES",Hamilton,7/14/2026,ASLT FAM/HSEHLD MEM PREV,1/29/2025,8/24/2024,2
5966737,2543501,"GARCIA,ALEX",Ney,7/10/2026,FAIL SEX OFFEND REG LIFE/ANNU,1/31/2025,7/16/2024,2
5967359,2407436,"BRYANT,KERWIN BERNARD",Polunsky,9/4/2049,AGG ROBBERY,4/19/2022,9/5/2019,30
5967740,2593433,"LYNCH,WESLEY EUGENE",Segovia,1/1/2027,POSS CS PG1/1B L/1G,12/2/2025,3/29/2025,3
5968808,2356192,"GALINDO,SIXTO",Garza West,7/16/2027,ASLT FAM-CHOKING/STRANG-2ND,7/19/2021,2/1/2020,6
5969727,2559101,"CARLIN,RICHARD II",Smith,8/21/2027,POSS CONT SUB 4-200G,4/29/2025,12/11/2024,6
5969901,2588983,"RAMIREZ,JOSEPH SUNNY",Dominguez,7/20/2027,THEFT PROP $2500 2/M PREV CON,10/31/2025,7/21/2025,2
5970296,2338566,"CASTILLO,JESSE",Boyd,6/1/2029,POSS CONT SUBS PG1 4-200G,2/23/2021,9/1/2020,10
5970884,2550875,"GUAJARDO,JESUS ROGELIO",Dominguez,8/31/2029,ROBBERY,3/17/2025,8/31/2024,5
5971208,2523803,"IBARRA,JASON LEE",LeBlanc,10/8/2030,POSS CS PG1 4-200G,9/9/2024,7/16/2022,15
5972424,2588257,"GARZA,MICHAEL ROBERT",Jester III,12/1/2026,POSS CS PG1/1-B 1G,10/28/2025,7/8/2025,2
5972732,2593444,"TIRRES,JAMES JEREMY",Ellis,11/28/2027,DWI 3RD,12/1/2025,3/10/2025,2
5972903,2478199,"MAST,JUSTIN L",Garza East,1/17/2034,AGG ROBBERY,11/9/2023,1/17/2022,12
5972995,1723026,"SILVA,ROLAND",Clements,10/29/2036,AGG ROBBERY,6/17/2011,10/10/2010,20
5973342,2537556,"CLARK,JOHNNY PETE",Bartlett,12/1/2026,THEFT PROP $2500-$30K,11/21/2024,5/3/2024,7
5973479,2289617,"GARCIA,JOSEPH",Clements,12/3/2031,AGG SEX ASLT-CHILD,10/18/2019,6/11/2018,13
5973585,2568139,"GARCIA,GASPAR ANTONIO",Willacy County,8/15/2034,MAN/DEL CS PG1-B 4-200G,6/26/2025,8/14/2024,10
5974187,2516947,"DOMINGUEZ,JOHNNY JOE",Garza West,2/20/2028,TAMP W/ELEC MON DEV INTENSE,7/29/2024,1/3/2024,4
5974487,1542904,"SAUCEDA,DAVID",Ellis,1/1/9999,MURDER,12/1/2008,11/9/2006,Life
5974540,2461926,"VEGA,CHRISTOPHER",McConnell,1/6/2029,BURG HABIT FORCE,8/11/2023,1/7/2023,6
5974769,2439876,"ALANIZ,MICHAEL JAMES",Clemens,1/19/2029,DWI,4/28/2021,12/11/2018,6
5978008,2559100,"BURCHAM,JAMES",Wainwright,5/12/2027,COLLISION INV SBI,5/9/2025,10/25/2022,3
5978231,2138934,"RODRIGUEZ,GUADALUPE",Garza West,5/2/2027,BURG HABIT-FORCE,6/7/2017,6/21/2016,11
5978304,2526454,"CALDERON,JUAN CARLOS",Stiles,10/28/2033,AGG SEXUAL ASLT CHILD,10/2/2024,1/1/2012,10
5978422,2529224,"CARMONA,JOSE ARMANDO",Cotulla,2/1/2027,UNL POSS FIREARM BY FELON,10/10/2024,9/27/2023,3
5979294,874998,"RODARTE,DAVID CARL",Connally,1/1/9999,MURDER,4/13/1999,11/12/1997,Life
5979886,2600136,"YBARRA,SANDRA",Plane,8/31/2027,POSS CS PG 1/1-B 1-4G,1/16/2026,6/21/2025,2
5980132,2363711,"JACKSON,BRIAN",Garza East,8/12/2031,AGG ROBBERY,9/13/2021,2/26/2021,10
5980173,2566426,"MARTINEZ,ANGELA MARIA",Plane,7/22/2030,ARSON INT DAMAGE HAB/WORSHIP,7/3/2025,1/16/2022,7
5981503,2571337,"ALFARO,AL JOSEPH",Dominguez,9/1/2026,BURG BUILDING,7/14/2025,8/6/2024,3
5981522,2501592,"CANALES,JOSE DAMIAN",Stringfellow,8/2/2045,MURDER,4/22/2024,7/16/2021,24
5981570,1973389,"LOPEZ,OLIVIA",Murray,2/26/2039,AGG ROBBERY(REPEATER),12/5/2014,11/19/2013,25
5981701,2259724,"BROWN,STEVEN MARREL",Polunsky,5/3/2063,AGG ROBBERY,4/17/2019,4/30/2018,45
5981850,1696777,"FOSTER,WILLIAM JOSEPH",Hightower,1/27/2027,AGG SEX ASLT-CHILD,1/27/2011,3/31/2007,18
5983843,2588110,"GONZALEZ,APRIL MAE",Halbert,9/8/2026,FRAUD USE/POSS ID INFO L/5,3/3/2025,7/14/2023,6
5983938,2296950,"ALVAREZ,ROGER P",Gist,6/11/2026,ARSON-HABIT/PLACE,12/9/2019,8/24/2019,7
5984180,877614,"ASCHBACHER,FREDRICK",Skyview,8/3/2052,MURDER,5/18/1999,8/4/1997,55
5986049,2185603,"LUGO,RODOLFO M",Ellis,7/5/2051,AGG ASLT W/DWPN,2/28/2018,9/30/2015,35
5986261,1512029,"ALI,MUSHEER QAID",Michael,1/1/9999,MURDER,6/12/2008,6/11/2006,Life
5986594,2552872,"BENITEZ,JERRY",Briscoe,5/2/2027,ASLT FAMILY HSEHLD MEMBER,5/2/2024,4/28/2020,4
5986867,2407457,"RIVERA,RICARDO",McConnell,8/13/2027,ASLT FAMILY,8/9/2022,5/22/2021,6
5989649,2585202,"RAMIREZ,CHRISTOPHER AARON",Connally,2/3/2030,AGG ASLT DW,10/13/2025,2/3/2025,5
5992009,2498261,"DELGADO,ROGELIO MANUEL",Huntsville,8/11/2027,TAMP GOV REC DEF/HRM,10/24/2023,1/10/2022,10
5992130,2390503,"ALVAREZ,DAVID",Briscoe,12/15/2027,ASLT FAM CHK/STRANG,4/7/2022,12/15/2021,6
5992790,2388400,"ALVARADO,ANTHONY",Luther,1/1/2027,ASLT FAMILY,3/24/2022,10/14/2021,8
5993484,2450703,"GRAY,JOSHUA ANDREW",Havins,10/7/2026,FELON POSS FIREARM,11/29/2022,6/21/2022,10
5994820,2437205,"COCOLAM,ROBERTO",Clements,9/2/2061,AGG ASLT DW SBI FAM,2/3/2023,8/31/2021,40
5994868,1225230,"VILLAREAL,JASON BRYAN",Connally,3/20/2039,MURDER,1/14/2003,9/1/2000,35
5994912,2600792,"SALAZAR,MOISES",Glossbrenner,9/4/2026,INJURY DISABLED BI,2/28/2020,12/28/2019,8
5994964,2389463,"CERVANTES,JULIO",Michael,1/7/2032,ROBBERY,3/18/2022,9/25/2021,10
5994974,938769,"JACKSON,ANTHONY MAURICE",Robertson,1/1/9999,CAPITAL MURDER-CHILD U/6,3/9/2000,11/20/1997,Capital Life
5995141,2498153,"SOTO,JOE RAY",Connally,10/26/2031,AGG ASLT W/DW,4/4/2024,10/26/2023,8
5995704,2522279,"CASTENEDA,ROBERT JR",Ney,4/19/2030,ASLT-FAM-2ND OFFENSE,9/10/2024,9/29/2023,6
5996630,2585412,"ESTRADA,DAVID J",Garza West,11/17/2027,ASLT FAM HSE MEM PREV,10/22/2025,3/4/2023,5
5996849,2492421,"GONZALES,RAUL RENE",Clemens,9/27/2027,FELON POSS FIREARM,2/27/2024,7/31/2023,10
5997139,2429939,"DELGADO,JOSE VENTURA",Powledge,5/21/2047,AGG ROBBERY,1/9/2023,5/21/2022,25
5997158,1923086,"LEE,JEFFREY",Michael,5/2/2038,AGG ROBBERY-REPEAT,4/4/2014,1/15/2012,25
5997415,1922158,"CORDOVA,JOHN DIEGO",Connally,8/14/2036,ROBBERY,2/28/2014,5/16/2012,24
5997620,2172486,"ORTIZ,JOSE",Lopez,9/5/2027,ASLT FAMILY-2ND OFFENSE,6/15/2017,11/25/2016,5
5997806,2599528,"GARCIA,JOE JOHN",Willacy County,5/14/2030,MAN/DEL CONT SUB PG1 4-200G,8/31/2022,3/25/2021,12
5997843,2394011,"CONTRERAS,MARCO ANTONIO",Memorial,6/10/2034,AGG ROBBERY,4/28/2022,6/11/2019,15
5998089,2605109,"ZUNIGA,MICHELLE MARIE",Halbert,9/30/2026,POSS CS PG1 1G-4G,12/7/2023,5/4/2018,4
5998563,2089384,"MURRAY,ALLEN JOHN",Allred,8/24/2043,COMPEL PROST-CAUSE CHLD CO(REP),3/28/2016,8/24/2013,28
5999093,2499677,"HEREDIA,SERVANDO",Garza West,2/1/2027,POSS W/I DEL CS PG1 4-200G,4/11/2024,12/24/2023,5
5999907,2604777,"GARCIA,JENNIFER MARIE",Plane,11/13/2027,POSS CS PG1 1-4G,12/17/2025,12/28/2021,2
6001021,1415251,"CANUL,ROBERT",Vance,3/4/2030,AGG ASLT A/PUBLIC SERVANT,1/12/2007,6/18/2006,18
6001190,2263126,"MEDINA,RALPH",Michael,6/1/2026,POSS CONT SUBS PG1 L/1G,5/9/2019,11/23/2018,8
6002818,1385716,"CASTELLANO,PAUL",Ferguson,12/4/2080,MURDER,7/19/2006,7/1/2004,75
6004416,2236025,"WORD,ANDREW LEE",Clements,11/24/2037,ROBBERY,11/30/2018,11/12/2017,20
6004794,2585468,"TAMEZ,JOANTHONY",Briscoe,4/18/2033,UNL POSS FIREARM BY FELON,10/6/2025,10/14/2023,10
6005622,1751809,"LEIJA,JAMES C",Connally,8/5/2065,AGG SEX ASLT-CHILD,11/3/2011,8/6/2010,55
6005975,2394474,"ESPITIA,DAVID JR",Goree,3/7/2030,POSS WID CONT SUB 4-200G,5/16/2022,12/2/2020,8
6008303,2452387,"MARRUFO,MIGUEL ANGEL",Stevenson,5/24/2033,INDECENCY W/CHILD-CONT,6/6/2023,4/30/2015,10
6008405,2525573,"PATTILLO,JOSHUA DAVID",LeBlanc,1/8/2041,AGG ROBBERY,9/23/2024,7/18/2020,20
6008803,2096355,"RODRIGUEZ,JASON JEFFERY",Wallace,1/8/2038,MURDER,10/7/2016,11/24/2014,23
6010731,2447216,"GONZALES,MARTIN ANTHONY",Segovia,6/22/2026,POSS CS PG1 L/1G,5/2/2023,6/15/2021,3
6012771,2464833,"BUSTOS,CHRISTOPHER",McConnell,10/6/2079,MURDER,8/16/2023,10/6/2019,60
6016179,2475477,"TORRES,ALFRED",Wynne,3/6/2027,FELON POSS FIREARM,10/26/2023,12/25/2022,10
6016878,1566522,"MOSES,MAURICE A",Allred,1/1/5555,CAPITAL MURDER,3/30/2009,7/11/2007,LWOP
6017554,2486081,"VALLES,ROBERT LEE",Wainwright,2/14/2031,ROBBERY,1/12/2024,9/11/2022,8
6017641,1601221,"FARIAS,ANTHONY FRANK",Allred,11/2/2047,MURDER,9/23/2009,8/10/2007,40
6017878,2401674,"CORTES,JOSE HUMBERTO",Boyd,6/11/2035,AGG SEX ASLT CHILD,6/23/2022,4/25/2011,13
6017893,2486341,"ORTIZ,PATRICK ADAM",Connally,1/13/2064,SEX ABUSE CHILD CONT,1/18/2024,5/1/2010,40
6017902,2463431,"RUIZ,RUBY",O'Daniel,5/4/2037,AGG ROBBERY,8/23/2023,5/5/2022,15
6017929,2585455,"RIVAS,CHRISTIAN JASON",Willacy County,3/27/2034,POSS CS PG1/1-B 4-200G,10/17/2025,3/1/2025,9
6018443,2006387,"YBARRA,ROMEO",Pack,4/1/2032,AGG SEX ASLT/CHILD,6/12/2015,6/1/2013,17
6018775,2131627,"DELEON,GILBERT",Lynaugh,4/14/2035,AGG SEXUAL ASLT/CHILD,4/24/2017,6/1/2013,18
6018813,1226516,"GAMEZ,JOHN",Stevenson,2/12/2042,AGG ROBBERY,2/25/2004,5/22/2003,35
6018831,1005718,"GALVAN,ABRAHAM G III",Connally,1/1/9999,CAPITAL MURDER,8/25/2000,6/6/1999,Capital Life
6020151,2502675,"BILL,SHELON DEON",LeBlanc,10/3/2028,POSS WID CS PG1 4-200G,5/1/2024,8/3/2023,5
6020352,2583579,"BENITEZ,OSWALDO ANTONIO",Willacy County,10/2/2031,AGG ASLT DW,10/1/2025,10/1/2023,8
6025285,2559108,"GONZALEZ,GABRIEL E",Gist,7/10/2026,POSS CS PG1/1-B 4G-200G,5/8/2025,1/19/2025,4
6025584,2443383,"DOMINGUEZ,ROBERT JOHN",Stevenson,2/1/2027,POSS W/I DEL CS PG1 4-200G,4/6/2023,1/6/2021,10
6026972,1433922,"BADGETT,CLARENCE",Clements,1/1/9999,CAPITAL MURDER,4/17/2007,8/30/2005,Capital Life
6026975,2483945,"PENA,JOE JUSTIN",Lopez,8/11/2028,ROBBERY,1/2/2024,8/12/2023,5
6026980,2413302,"CRAWFORD,CALVIN MONTREAL",Goree,5/28/2036,AGG ROBBERY,9/16/2022,4/23/2021,15
6027167,2491321,"CORTEZ,SAMMY A",Bell,8/18/2026,ATT ARSON-HAB/PLACE OF ASSEMBL,2/16/2024,9/11/2016,3
6027538,1405641,"RICHMOND,RICHARD JR",Connally,10/22/2045,MURDER,10/11/2006,10/22/2005,40
6028256,2602817,"FUENTES,FERNANDO JR",Dominguez,8/30/2028,EVADING ARREST DET W/VEH,1/30/2026,4/25/2025,6
6029980,2615004,"GARCIA,RAYMOND DE LEON III",Dominguez,10/29/2027,POSS CS PG1/1-B<1G,4/20/2026,8/13/2025,2
6030004,1814715,"BENJAMIN,TONY MORRIS",Stevenson,8/30/2064,MURDER,10/8/2012,8/28/2011,40
6030109,1994352,"MORALES,RIGOBERTO",Boyd,2/16/2034,INTOX MANSLAUGHTER,4/10/2015,2/16/2014,20
6030327,2579488,"CANTWELL,JENNIFER LYNN",Skyview,2/5/2031,THEFT PROP $2500-$30K HAB,5/27/2025,2/5/2025,6
6030965,866141,"MARIN,DANNY HOLGUIN",Estelle,1/1/9999,CAPITAL MURDER,2/25/1999,11/12/1997,Capital Life
6031010,2521004,"GUERRA,DAVID JOE",Connally,10/7/2027,ARSON,8/29/2024,4/3/2019,5
6033256,2586742,"MORA,MICHAEL JOHN",Glossbrenner,6/3/2026,"THEFT PROP <$2,500  2/MORE PREV",,2/10/2024,5
6033769,2425602,"PEREZ,JACOB",Stevenson,2/3/2029,VIOL BOND/PROT ORD ASLT,11/30/2022,6/26/2021,7
6035218,1645681,"REESE,CHARLES",Michael,1/1/9999,MURDER REPEATER,3/11/2010,3/10/2009,Life
6037549,1529931,"LOPEZ,FRANCES ANN",Murray,8/30/2038,MURDER,9/12/2008,1/8/2006,30
6038172,2516962,"LINDGREN,CHARLES RALPH",Briscoe,7/30/2027,KIDNAPPING,8/19/2024,3/31/2024,8
6038651,2519856,"ANDRADE,JUSTIN",Allred,10/6/2038,ROBBERY,8/15/2024,10/7/2023,15
6038763,2378614,"EADEN,CHARLES W",Hughes,4/11/2059,AGG ASLT DW,12/2/2019,9/2/2018,40
6040096,2504634,"CHAVEZ,LUZ",Connally,1/1/2027,DEADLY CONDUCT FIREARM,5/10/2024,11/8/2022,5
6042450,1480315,"SAN MIGUEL,JACOB",McConnell,7/23/2056,MURDER,12/20/2007,5/23/2006,50
6042685,1295863,"SANCHEZ,JOE DANNY",McConnell,4/7/2034,MURDER,4/7/2005,3/5/2004,30
6043581,2491322,"CYPHERS,CHRISTOPHER LAMERO",Hodge,8/20/2026,ASSLT FM 2ND OFFENSE,4/29/2022,10/21/2021,3
6044642,2401134,"GONZALES,JOHNNY",Stevenson,10/23/2060,AGG ASLT W/DW&SBI-FAM/DATING,5/31/2022,10/24/2018,42
6047596,1883600,"ZAVALA,JAMES",McConnell,10/8/2037,POSS WID CONT SUB PG1 4-200G-RPT,9/17/2013,10/12/2012,20
6048472,1845360,"CASTILLO,GABRIEL REYES",Robertson,1/6/2056,MURDER,3/7/2013,12/30/2010,45
6048734,2080528,"SAN MIGUEL,DANIEL",Torres,11/30/2029,AGG ASLT DW,6/28/2016,4/6/2016,12
6048864,2375433,"FUENTES,DAVID",McConnell,1/2/2028,POSS CONT SUB PG1 1-4G,12/9/2021,3/4/2019,10
6049191,2483934,"ESTRADA,ALFONSO",Garza West,2/24/2043,POSS CS PG1/1-B 400G,1/8/2024,11/15/2022,20
6049724,2516951,"GARCIA,ARTHUR C",McConnell,11/19/2030,BURG HAB - INT COMM ASSLT,7/22/2024,10/23/2013,8
6050849,2439886,"CLANTON,RODGER DAIL",Willacy County,3/1/2027,FELON POSS FIREARM,10/26/2021,8/3/2021,4
6051933,1883593,"REYES,DANIEL",Robertson,8/12/2062,MURDER,9/18/2013,8/12/2012,50
6052042,2402715,"PEREZ,PATRICK S",Briscoe,12/28/2030,POSS WID CONT SUBS PG1 4-200G,7/8/2022,1/21/2020,15
6053257,1478856,"CLAY,QUINTON W",Lewis,4/17/2030,MURDER,12/13/2007,4/18/2007,23
6053677,1453198,"MATA,ISRAEL CUAHCTMO",Allred,1/1/9999,MURDER,7/31/2007,3/3/2005,Life
6053735,2584967,"MCGRUDER,RUFUS L",Lopez,12/1/2026,POSS CS PG1/1-B 1-4G,10/13/2025,5/31/2025,2
6055065,2326465,"PERALES,PAUL VICTOR",Boyd,5/11/2027,AGG ASLT W/DWPN,10/7/2020,11/30/2019,7
6056132,2609589,"VASQUEZ,HUMBERTO C",Garza West,9/15/2029,UNL POSS FIREARM BY FELON,3/17/2026,1/19/2025,3.5
6056289,2513783,"DORSEY,MELVIN WAYNE",McConnell,10/15/2029,ROBBERY,7/8/2024,10/16/2023,6
6058601,1837076,"SANCHEZ,GARY",Byrd,2/10/2029,AGG ROBBERY,1/28/2013,10/26/2010,15
6058924,1852589,"CERDA,GUILLERMO",Polunsky,11/21/2043,MURDER/REPEATER,4/10/2013,11/21/2008,35
6059052,1290899,"WOODS,LARON DEWAYNE",Coffield,1/20/2049,AGG ROBBERY,2/23/2005,9/4/2002,45
6059198,2415609,"OROZCO,MICHAEL A",West Texas Hospital,10/1/2026,UNL CARRY WPN W/FEL CONV,9/26/2022,5/12/2022,8
6059493,2176654,"GUADALAJARA,JORGE",Dominguez,7/10/2028,EVADING ARREST/DETN W/VEH,1/5/2018,6/30/2017,15
6060953,2288454,"CARDENAS,STEVE",Dominguez,6/18/2026,ASLT-FAMILY 2ND OFFENSE,9/17/2015,4/28/2014,4
6061661,2606147,"BELTRAN,GILBERT",Willacy County,1/14/2028,OBSTRUCTION RETALIATION,2/20/2026,10/7/2025,2
6061794,2597568,"FAVOR,NELSON WAYNE",Lopez,5/9/2027,BURG HABIT,12/30/2025,6/30/2025,4
6062190,2394834,"ANDRES,ADAM",Lopez,8/2/2026,FELON POSS FIREARM,5/9/2022,8/15/2019,7
6063686,2599533,"HEATO,WALTER D",Lopez,12/13/2026,POSS CS PG1 1-4G,2/21/2023,2/14/2022,3
6063923,2272474,"FERNANDEZ,ADRIAN C",Estelle,7/5/2034,AGG SEX ASLT CHILD,7/8/2019,3/15/2012,15
6063946,1537245,"HERNANDEZ,FELIX",Cotulla,1/1/2027,BURG HABIT INT COMMIT ASLT,10/20/2008,6/21/2007,15
6063974,2279578,"MARTINEZ,MIGUEL",Polunsky,1/1/9999,MURDER,8/12/2019,1/11/2015,Life
6064483,2584947,"CARRASCO,ROBERT",Torres,4/30/2069,MURDER,10/6/2025,4/27/2024,45
6064885,2517961,"MONDRAGON,SALVADOR BRUNO JR",Stiles,6/1/2026,VIOL SEX OFFENDER REG ANNUAL,8/1/2024,7/13/2023,3
6065791,2592833,"GOMEZ,NORMA JEAN",Hilltop,8/1/2026,POSS CS PG1 4-200G,8/16/2023,4/22/2023,2
6065934,2358463,"MORALES,ELIAS",Luther,5/17/2027,AGG ASLT W/DWPN,8/5/2021,5/17/2019,8
6066020,2540205,"MARTINEZ,JOSE LUIS",Stiles,6/30/2027,FELON POSS FIREARM,1/8/2025,2/13/2024,6
6066731,2507122,"DILWORTH,JOHN III",Cotulla,1/24/2027,INDECENCY W/CHILD CONTACT,5/29/2024,10/5/2021,5
6068725,2528359,"GONZALES,LOUIS",LeBlanc,12/12/2032,INDECENCY W/CHILD SEX CONTACT,10/14/2024,12/13/2022,10
6070680,2611826,"VEDIA,MARIO A",Garza West,8/4/2032,EVAD ARR DET VEH,4/1/2026,8/5/2025,7
6070958,1207963,"GOMEZ,ERIC",Estelle,4/23/2028,MURDER,11/21/2003,7/18/2002,25
6071302,2426705,"NAYMIK,JOSEPH EDWARD",Polunsky,6/30/2026,FELON POSS WPN,12/14/2022,6/30/2022,4
6071616,2293812,"MONTESDEOCA,RAYMOND",Connally,10/28/2077,AGG ROBBERY-REPEATER,10/30/2019,6/30/2017,60
6071878,2596680,"PHILLIPS,LONNIE GLEN JR",Lopez,6/27/2029,POSS CS PG1/1-B O/400G,12/17/2025,11/14/2024,10
6071881,2594743,"ROMERO,DAVID JR",Segovia,12/18/2026,POSS CS PG 1/1-B 4-200G,4/16/2025,12/5/2024,4
6072055,2593749,"RICHARDSON,GERALD",Glossbrenner,7/17/2026,UNL CARRY WPN FELON CONV,12/15/2022,4/30/2022,6
6072170,2563335,"SMITH,TERRENCE TERRELL",Luther,11/11/2030,INJ CHILD ELD DISABLE W/I BI,5/28/2025,10/14/2024,6
6072818,2558552,"TORRES,FRANK DANIEL",Briscoe,12/31/2026,ONLINE SOLICIT OF MINOR SEX CONT,4/23/2025,11/7/2024,5
6073685,1277848,"TURNER,JOHN",Polunsky,3/12/2123,AGG SEXUAL ASLT,11/23/2004,10/29/2002,60
6074536,2452405,"TORRES,GABRIEL",Willacy County,6/14/2027,CONTINUOUS VIO AGAINST FAM,6/7/2023,11/13/2021,5
6074857,1427266,"KLEIN,JUSTIN JAMES",Glossbrenner,10/22/2026,AGG ROBBERY,2/12/2007,3/15/2005,25
6075767,2428554,"PADRON,JAVIER",Boyd,12/1/2041,AGG SEX ASLT CHILD,12/8/2022,7/31/2009,20
6076398,2324033,"JONES,SERGIO MARQUIS",Wainwright,9/1/2026,POSS W/I DEL CS PG1 4-200G,1/25/2023,5/8/2022,8
6077032,2543828,"HINOJOSA,THOMAS",Torres,10/6/2031,POSS CONT SUB 4-200G,2/3/2025,3/9/2024,7
6077376,999396,"WEATHERS,OBIE D",Polunsky,1/1/8888,CAPITAL MURDER (DEATH),5/4/2001,2/4/2000,Death
6077410,2614150,"FAVELLA,TONY EUGEN",Garza West,5/18/2033,SEX ASLT,4/13/2026,9/30/2008,7
6077435,1415280,"TREVINO,JESUS",Memorial,7/25/2070,MURDER,1/12/2007,7/10/2005,65
6080607,1384281,"ROMERO,JOSE H III",Memorial,2/10/2065,MURDER,7/27/2006,2/10/2005,60
6080759,858464,"DEVIS,CESAR DARIO",Polunsky,12/28/2062,MURDER,10/22/1998,12/28/1997,60
6080774,2355026,"ORCUTT,CASSANDRA MARIE",Coleman,6/1/2026,ARSON-HABITATION/PLACE,7/9/2021,2/28/2018,8
6083036,1566506,"CHASE,CHARLES EARL",Wallace,3/25/2032,MURDER(REPEATER),3/20/2009,12/14/2005,25
6084643,2532179,"MEJIA,GREGORIO III",Garza East,7/25/2026,ASLT FAM/HSEHLD MEM PREV CONV,11/14/2024,5/17/2022,5
6084653,2066083,"TRUJILLO,MOISES",Huntsville,8/13/2039,AGG SEX ASLT-CHILD,4/26/2016,3/30/2007,25
6084670,2204829,"CASTELLANO,ENRIQUE",Kyle,8/20/2026,POSS WID CONT SUB 4-200G,6/11/2018,1/21/2016,10
6086445,1811787,"GAMBOA,DANIEL",Hightower,1/3/2027,AGG SEX ASLT-CHILD,9/17/2012,10/3/2009,13
6087919,1930040,"VELEZ,JOSE",Torres,11/6/2057,MURDER REPEATER,5/9/2014,10/15/2012,45
6090048,2581282,"GUERRA,FRANCISCO",Garza East,12/1/2026,INDECENCY W/CHILD CONTACT,9/12/2025,7/1/2011,4
6090076,2569026,"VALENZUELA,ALLEN",Garza West,8/25/2029,AGG ROBBERY,7/2/2025,8/16/2022,7
6090082,2496464,"FERNANDEZ,ISAAC FERNANDO",Ney,2/18/2034,ASLT FAM CHOKING/STRANGU,3/25/2024,2/1/2024,10
6090789,2602274,"ROSS,JAMES LEDELL JR",Dominguez,9/17/2026,IND EXP 2/MORE PREV CONV,2/6/2026,11/12/2024,2
6090836,2503673,"OLGUIN,BRIAN JESUS",Ellis,1/9/2028,FELON POSS FIREARM,5/7/2024,9/2/2022,4
6091660,2557413,"MARRUFO,LUIS PEREZ",Dominguez,6/1/2026,UNL POSS F/ARM BY FELON,4/21/2025,4/15/2024,3
6092406,2613791,"LAWSON,KATHERINE ANN LUNA",Plane,2/1/2027,THEFT PROP $2500 2/M PREV CONV,5/1/2024,8/15/2023,1
6092786,1560886,"NORMAN,TREVER",Ramsey,3/27/2092,MURDER,2/27/2009,12/17/2006,85
6093069,1795096,"VILLARREAL,DANIEL",Hodge,10/10/2069,BURG HABIT WIC FELONY-FORCE,6/18/2012,10/10/2009,60
6094154,2612074,"CARDENAS,JOE ALBERT",Glossbrenner,11/6/2026,POSS CS PG1 4G-200G,2/8/2023,4/16/2022,5
6094295,1703357,"BRADSHAW,CHARLTON ELLISON",Connally,1/1/5555,CAPITAL MURDER-OTHER FEL HAB,3/1/2011,10/16/2009,LWOP
6096881,2582512,"MUNOZ,JOSE MIGUEL ANGEL",Lopez,12/1/2026,MAN DEL CS PG1 4-200G,9/16/2025,8/9/2023,6
6097038,2453719,"RANGEL,ELEAZAR",Lopez,11/25/2026,CONTINUOUS VIOL AGNST FAM,6/13/2023,5/1/2022,4
6098721,2468973,"PETREE,RONALD EUGENE",Briscoe,11/3/2050,POSS CHILD PORN,9/12/2023,11/3/2020,10
6102091,2498158,"TREVINO,ROBERT",Stringfellow,8/27/2029,AGG ASLT W/DEADLY WPN,1/24/2024,5/20/2021,8
6102097,2482955,"CALVILLO,ADRIAN",Ellis,6/8/2028,POSS CS PG1 4G-200G,12/18/2023,6/22/2023,12
6103152,2494668,"DUKE,MICHAEL ANTHONY",Willacy County,2/16/2032,FELON POSS FIREARM,3/8/2024,4/15/2022,8
6103512,2537846,"VILLARREAL,DAVID PEREZ",Dominguez,7/9/2026,POSS CS PG1 <1G,12/19/2024,5/6/2023,2
6103837,2526462,"GONZALES,ARTHUR I",C.T. Terrell,5/5/2029,ASLT INT RCK BRTH CIRC FAM MEM,10/4/2024,4/13/2024,5
6104464,2567932,"LOCKE,BRIAN A",Segovia,6/1/2026,ASLT PEACE OFFICER/JUDGE,6/10/2025,8/16/2024,2
6106871,2595066,"FLORES,MARTY",Glossbrenner,7/24/2026,POSS WID CONT SUB PG1 4G-200G,6/9/2022,12/20/2021,5
6106897,2609584,"RODRIGUEZ,JUVENTINO JR",Garza West,11/1/2026,POSS CS PG 1/1-B 1-4G,2/12/2025,3/19/2023,2
6109181,1703386,"ODEM,BENNY RAY",Ferguson,7/24/2044,POSS WID CONT SUBS 4-200G,11/18/2010,2/16/2009,40
6110782,2150358,"RAMOS,ISIDRO",Coffield,5/19/2047,CONTINUOUS SEX ABUSE-CHILD,7/6/2017,10/30/2012,30
6110887,2532679,"ROMERO,RICKY EZEKIEL",Ellis,7/1/2029,ROBBERY,11/25/2024,7/1/2024,5
6111113,2378622,"SEGOVIA,FORTUNATO",Johnston,6/30/2026,AGG ASLT W/DWPN,1/4/2022,11/12/2020,6
6111918,2567050,"PORTILLO,CARLOS",McConnell,1/28/2069,MURDER HABITUAL,6/23/2025,1/29/2024,45
6112388,1721651,"GOMEZ,JUAN A",Robertson,1/1/9999,MURDER,5/26/2011,12/4/2008,Life
6113289,2568157,"TREJO,DAVID LEE",Dominguez,1/25/2027,POSS CS PG1 1-4G,6/26/2025,3/24/2024,2
6113349,1882230,"SALAME,RYAN CHRISTOPHER",Dalby,3/26/2029,MANSLAUGHTER,9/9/2013,3/10/2009,18
6114863,2600451,"GUERRERO,VICTOR JR",Lychner,10/26/2026,"THEFT PROP <$2,500 2/MORE PREV C",1/20/2026,10/27/2025,1
6115213,2591899,"SALINAS,LUIS",Clemens,1/1/2027,FRAUD USE/POSS ID INF #ITM 10-50,11/17/2025,9/19/2024,4
6115472,2462901,"FERNANDEZ,FERNANDO",Gurney,6/1/2026,POSS WID CS 200G-400G,8/8/2023,11/6/2020,8
6115478,2593135,"GUZMAN,DANIEL JASPER",East Texas Treatment Facility,10/14/2026,POSS CS PG 1/1-B >=1G<4G,,12/30/2022,8
6115618,2606151,"CLARE,STEPHEN MICHAEL",McConnell,1/1/9999,CAPITAL MURDER CHILD UNDER TEN,2/27/2026,4/10/2023,Capital Life
6116880,1972409,"AGUILAR,IVAN CRUZ",Ramsey,1/13/2044,MURDER,12/16/2014,12/23/2013,30
6118662,2576368,"MARTINEZ,MONICA",Plane,11/9/2026,POSS CS PG1/1-B 1-4G,8/28/2025,7/7/2024,3
6119477,2609342,"YBARRA,MARK WAYNE",Garza West,12/8/2027,POSS CS PG 1/1-B L/1G,3/17/2026,12/8/2025,2
6121464,2574660,"STALLINGS,ERNEST MICHAEL",Segovia,2/27/2027,BURG OF HABIT,7/24/2025,10/28/2024,4
6121467,2588030,"ROMERO,JAMES",Stevenson,6/30/2034,SEXUAL ASLT CHILD,9/30/2025,7/11/2022,10
6121752,2147934,"MUNOZ,GEORGE JR",Stringfellow,1/1/9999,MURDER,7/30/2015,6/16/2013,Life
6121993,2236005,"LIMON,VINCENT",Connally,1/1/2027,FELON POSS FIREARM REPEAT,11/29/2018,10/28/2016,15
6122979,2603019,"DIAZ,RUDY JR",Glossbrenner,9/18/2026,EVADING ARREST DET W/VE REPEATER,10/26/2023,5/26/2023,4
6123661,2610543,"ZAMORA,RUBEN",Garza West,3/2/2028,MAN/DEL CS PG1 4-200G,3/30/2026,7/21/2024,5
6123749,2280689,"MIRANDA,ANTONIO RAMON",Connally,11/16/2041,MURDER,12/5/2016,3/20/2014,25
6126096,2590107,"IZATT,IRA DAN",Dominguez,6/5/2026,ASLT PEACE OFFICER/JUDGE,11/10/2025,5/17/2025,2
6127190,1674347,"LEIJA,CHARLES",Clements,4/14/2049,AGG SEXUAL ASSAULT-CHILD,9/17/2010,1/26/2009,40
6127192,2478207,"NINO,ANSELMO TAMAYO",Stevenson,7/17/2047,MURDER,11/16/2023,9/2/2021,25
6127263,2605395,"CORONADO,RUDY ANTHONY",Garza West,7/24/2029,ASLT PREGNANT PERSON,2/18/2026,7/24/2025,4
6127580,2545951,"CONTRERAS,GUADALUPE",Allred,2/8/2100,MURDER,2/14/2025,8/2/2017,75
6128676,2589324,"RODRIGUEZ,JACOB",Segovia,3/2/2027,CRIM MISCHIEF >$2500-$30K,11/6/2025,7/5/2025,5
6128792,2253756,"HEREBIA,JESSE",Smith,1/8/2028,ROBBERY,3/11/2019,5/4/2016,10
6129230,2518959,"CALVO,RICO",Diboll,12/1/2026,UNL CARRY WPN W/FEL CONV,7/17/2024,3/17/2024,7
6129263,2566878,"PEREZ,LESLIE E",Dominguez,2/28/2027,ATT ARSON INT DAMAGE HAB/WORSH,6/18/2025,2/28/2025,2
6130162,2602833,"PINA,JOSUE",Garza East,8/25/2032,UNL POSS FIREARM FELON,2/5/2026,9/22/2025,15
6130851,2467993,"JACKSON,SHANOTRA SHANTE",Crain,10/31/2031,CREDIT/DEBIT CARD ABUSE,8/22/2023,8/18/2022,10
6132622,2297913,"MEDINA,PATRICIO CAZARES",Dominguez,1/21/2031,POSS CONT SUB PG1 1-4G HAB,12/2/2019,3/14/2019,10
6135298,2614162,"LIBERTINY,NICHOLAS A",Garza West,12/25/2028,DWI 3RD MO,9/3/2024,3/5/2023,6
6135383,2568134,"BAZADONI,JONATHAN HERRERA",Lopez,1/22/2028,ASLT FAM/HSE MEM PREV CONV IAT,6/23/2025,1/22/2025,3
6135384,2365957,"ARAGON,BONNIE",Coleman Work Facility,10/11/2026,AGG ASLT W/DW,10/12/2021,7/14/2020,5
6135473,2296972,"RIVAS,ROBERT",Hutchins,7/16/2026,AGG ROBBERY,12/2/2019,3/12/2018,10
6135597,1014490,"RODRIGUEZ,GILBERT",Jester III,6/29/2060,AGG SEX ASLT,10/27/2000,5/3/1999,60
6135840,2461922,"SCHOLTE,JOSE ANGEL",Lopez,1/1/2027,BURG HABIT-FORCE,8/7/2023,7/8/2022,7
6135843,2593427,"HERNANDEZ,JOSE MIGUEL",Willacy County,10/31/2030,ROBBERY,12/1/2025,9/14/2024,5
6137838,2601901,"ZAPATA,XAVIER RIVERA",Cotulla,7/4/2033,SEX ASLT CHILD,1/27/2026,11/3/2024,8
6138040,2442049,"MARTINEZ,AARON",McConnell,12/1/2026,BURG BLDG INT THEFT,3/29/2023,7/2/2022,10
6138930,2609580,"ORTIZ,DAVID JR",Garza West,12/21/2026,POSS CS PG1 4-200G,3/17/2026,1/5/2023,2
6143054,2602271,"MARTINEZ,BENITO JR",Dominguez,6/20/2026,THEFT PROP <$1500 2/MORE PREV,2/5/2026,4/1/2024,0.5
6144760,2439940,"VALENZUELA,GILBERT S III",Stringfellow,1/6/2030,POSS CS 1-4G,4/21/2021,1/19/2020,7
6144892,2577700,"DERIEUX,JASON",Havins,9/25/2026,POSS CS PG1/1-B 4-200G,1/29/2025,1/5/2023,4
6145019,2541189,"GARZA,ARTURO",Ellis,9/27/2030,AGG ASLT DW,1/30/2025,9/14/2024,6
6145045,2313073,"CASOLA,JOSE RAMON",McConnell,1/27/2031,ROBBERY,3/20/2020,8/29/2019,10
6146307,2213744,"PRIETO,JASON MATTHEW",Robertson,1/22/2057,MURDER,7/30/2018,1/22/2017,40
6146591,880097,"MARTINEZ,RICHARD",Garza West,1/10/2033,MURDER,5/25/1999,5/4/1998,30
6146770,2567937,"RIVERA,APOLINAR JR",Estelle,6/26/2052,AGG ROBBERY,6/25/2025,1/26/2022,30
6147692,2538107,"SALAZAR,FEDERICO JUNIOR",Bartlett,8/23/2026,DWI 3RD OR MORE,12/16/2024,9/18/2020,5
6149999,2610133,"MOORE,LINDSEY DANIELLE",Plane,6/7/2026,THEFT PROP <$2500 2/M PREV CONV,3/24/2026,10/4/2025,0.5
6150461,2579978,"YBARRA,PAUL JR",Garza West,5/16/2029,POSS CS PG1/1-B 4-200G,9/10/2025,11/8/2024,4
6151292,2492634,"QUEZADA,BILLY J",Stevenson,3/21/2033,ARSON,2/26/2024,1/12/2023,10
6152541,2565952,"HERNANDEZ,SIMON",Cotulla,6/11/2030,AGG ASLT CAUSES SER BOD INJ,6/12/2025,6/11/2024,6
6154005,2538099,"GUTIERREZ,ANTHONY",Briscoe,9/7/2028,UNL POSS FIREARM BY FELON,12/19/2024,8/20/2024,4
6154096,2138943,"TREVINO,TIMOTHY MICHAEL",Stevenson,3/25/2037,INDECENCY W/CHILD-CONTACT,6/9/2017,8/22/2011,20
6155524,2381368,"DELGADO,GREG ANTHONY",Wainwright,2/9/2071,AGG ASLT AGAINST PUB SERV,2/28/2022,2/9/2021,50
6155866,2336593,"VALDEZ,CHRISTOPHER",Garza West,2/9/2027,POSS CONT SUBS PG1 4-200G,1/28/2021,7/12/2019,5
6155869,2541311,"FRANKLIN,IZAYA THOMAS",Wainwright,7/28/2033,ASLT FAMILY CHOKING/STRANG,11/7/2024,8/29/2022,25
6156023,2538104,"MORGAN,MICHAEL EUGENE",Willacy County,7/28/2029,AGG ASLT DW,12/20/2024,7/28/2024,5
6156032,2590678,"DANIELS,SUSAN K",Plane,8/27/2027,POSS CS PG1 1-4G,2/9/2024,9/21/2022,2
6156407,2589892,"RING,BRETT HALL",Dominguez,6/7/2026,THEFT PROP <$2500 2/M PREV CONV,11/6/2025,8/10/2025,1
6156952,2348737,"CORONADO-GONZALES,PRISCILLA",Coleman,12/6/2030,AGG ASLT W/DDLY WPN,5/14/2021,7/18/2019,10
6157051,2096353,"RENDON,ROBERT ADRIAN",Ferguson,1/1/9999,AGG ASLT AGAINST PUB SERV,12/18/2015,4/19/2014,Life
6158539,2597569,"FLORES,RAFAEL",Garza West,1/29/2075,AGG SEXUAL ASLT CHILD,12/16/2025,11/22/2019,50
6158915,1829901,"SORRELL,CRAIG ANDRE",Ramsey,11/28/2042,INJ CHILD-SBI-RECKLESS,12/14/2012,1/11/2011,30
6160499,2142967,"BARRON,PABLO",Segovia,10/4/2032,POSS W/INT DEL CONT SUB 4-200G,6/22/2017,4/4/2017,12
6161069,2561537,"ZAPATA,NICOLAS R",Estelle,2/22/2031,ASLT PUB SERV,5/20/2025,2/22/2025,6
6161402,2556144,"CHAVEZ,JUAN PABLO JR",Willacy County,12/24/2028,AGG ASLT W/DWPN,4/9/2025,1/1/2023,5
6162768,2011978,"GARNER,KENNETH",Allred,1/1/9999,AGG SEX ASLT/REPEATER,5/26/2015,5/15/2013,Life
6164675,2585472,"YORK,ZYHEAR SHAMAR",Dominguez,6/7/2027,EVAD ARREST DET W/VEH,5/2/2022,9/18/2019,4
6165678,2478175,"COUNTY,LACHARLES MARLEN",Hightower,11/30/2028,FAIL STOP REND AID-DEATH,11/9/2023,9/3/2022,15
6167300,2555061,"JONES,QUENTIN",C.T. Terrell,9/6/2033,UNL CARRY WPN W/FELONY CONV,3/13/2025,5/5/2023,25
6167981,1386860,"MONTGOMERY,EMILLIO M",Lynaugh,1/1/2056,AGG ROBBERY,8/3/2006,11/8/2004,50
6169173,2209895,"ROJAS,JOSE LUIS",Connally,1/1/9999,MURDER,4/6/2018,1/22/2017,Life
6169250,2588263,"JOHNSON,TIMOTHY",Dominguez,6/11/2028,POSS CS PG1 4-200G,4/4/2024,11/3/2023,6
6169343,2482954,"BRITTON,ALBERT TEDDY",Ney,10/1/2028,UUV,12/20/2023,2/22/2023,12
6169768,2398677,"YBARRA,PAUL",Boyd,4/27/2060,DDLY CONDUCT-F/A-HAB,6/14/2022,4/24/2020,40
6169896,2061278,"SIFUENTES,JULIAN",Memorial,12/29/2098,MURDER,4/11/2016,12/29/2011,57
6170797,2161641,"GONZALES,HIPOLITO P",Wainwright,9/17/2039,AGG ASLT W/DDLY WPN,10/13/2017,7/9/2014,25
6171918,1965394,"SMITH,RONALD",Willacy County,7/4/2049,ROBBERY,10/29/2014,11/30/2013,35
6172619,2383085,"MORENO,FRANK CHRISTOPHER",Daniel,2/4/2028,MANSLAUGHTER,2/11/2022,12/22/2018,6
6174940,2500514,"WILLIAMS,GREGORY ALAN JR",McConnell,11/8/2027,UNL CARRY WPN W/FELONY CON,4/15/2024,6/25/2023,4
6175690,2549016,"SOUDERS,TIFFANY MARCELL",Hobby,11/4/2027,AGG ASLT DW,3/18/2025,9/14/2019,4
6176321,1661859,"VELOZ,ISIDRO MICHAEL",Michael,4/23/2059,MURDER,8/12/2010,4/22/2009,50
6176557,2415611,"PEREZ,DAVID LEE",Lewis,5/2/2027,ASLT PEACE OFFICER/JUDGE,9/23/2022,5/2/2022,5
6176566,2566430,"THOMAS,PRISCILLA ANN",Coleman,4/11/2027,BURG HABIT,7/2/2025,2/24/2025,5
6176916,2449595,"JOHNSON,JEREL E",Torres,1/1/2027,POSS CS PG1 1-4G REPEATER,5/10/2023,8/3/2022,13
6177151,2611820,"SALAS,SANTOS A",Garza West,6/20/2027,MAN DEL CS PG 1-B 4-200G,3/27/2026,9/9/2024,6
6177362,2584956,"GARCIA,JOHN RENE",Johnston,8/12/2026,POSS CS PG1/1-B 1-4G,8/12/2025,10/18/2024,3
6177799,2605017,"GARCIA,ALEJANDRO E",Hutchins,3/26/2028,POSS CS PG1/1-B 4-200G,2/17/2026,10/15/2024,5
6177877,1814095,"HERNANDEZ,SILVER STARR",Hobby,6/30/2050,MURDER,10/1/2012,6/14/2010,40
6178007,2600653,"MENDOZA,ADOLPH",Willacy County,12/1/2028,AGG ASLT W/DWPN,1/15/2026,2/15/2024,3
6178131,2313100,"MORALES,GABRIEL",Allred,8/1/2026,FAIL-STOP & RENDER AID DEATH,3/10/2020,6/24/2018,9
6178314,2583590,"HOPKINS,MARSHALL STEVE",Lopez,11/17/2029,AGG ASLT DW,9/29/2025,10/20/2023,6
6178335,2418313,"CASAREZ,DAVID",Dalby,7/20/2030,POSS WID CONT SUB PG1 4-200G,10/4/2022,7/20/2022,8
6178383,2433299,"MANN,GEORGE",McConnell,9/30/2046,INDECENCY CHILD EXPOSURE,2/3/2023,9/21/2021,25
6178400,1879494,"SOTO,ANTHONY",Garza West,12/7/2026,BURG HAB WITC FEL-FORCE REPEAT,8/20/2013,3/20/2013,15
6178429,2386652,"KELLUM,MARIO DAVID",Stevenson,1/18/2029,POSS CONT SUBS PG1 4-200G,3/9/2022,9/30/2020,6
6178833,2225572,"GRANGER,MODESTO CELESTINO",Coffield,4/2/2052,AGG ROBBERY,10/2/2018,12/21/2016,35
6178880,1427249,"FLORES,JAMIE M",Connally,6/18/2033,AGG ROBBERY,3/26/2007,11/12/2005,25
6179899,2545233,"DELATORRE,RAMIRO LEONEL",Segovia,10/28/2027,POSS CS PG 1/1-B 4-200G,12/17/2025,10/28/2024,3
6181779,2370896,"HERRERA,CRISTO MANUEL",Memorial,10/10/2036,AGG SEX ASLT-CHILD,10/21/2021,7/5/2018,15
6181830,2574851,"FACTOR,ARTIE",Garza East,12/28/2034,AGG ASLT W/DWPN,8/6/2025,12/9/2024,10
6182146,2439945,"YTUARTE,JOSE",McConnell,2/27/2032,AGG ASLT DW,3/3/2023,4/1/2019,9
6183862,1688565,"VALENZUELA,LUIS",Michael,2/19/2050,INJ TO CHILD-SBI-OMISSION,12/14/2010,2/18/2010,40
6184811,2326453,"JAMES,MILTON C",C.T. Terrell,7/6/2033,AGG SEX ASLT CHILD,10/8/2020,4/15/2019,14
6185282,1972450,"ZAPATA,ARMANDO LUIS",Wallace,6/24/2038,ROBBERY,12/12/2014,6/24/2014,20
6185415,2394022,"OVERLY,THOMAS",Clements,9/29/2029,AGG KIDNAPPING,5/4/2022,9/29/2021,8
6187649,2351917,"ELIZONDO,RICHARD",Stringfellow,7/6/2026,AGG ROBBERY,5/27/2021,4/30/2020,6
6189417,1186786,"PHILLIPS,CHRISTOPHER",Stevenson,11/13/2032,MURDER,7/28/2003,11/11/2002,30
6189418,2575818,"RAMIREZ,JOHNNY GUY",Clemens,10/28/2026,POSS CS PG1 1-4G,8/14/2025,10/3/2022,3
6190123,2443420,"VETTER,JOHN PAUL",Clemens,9/8/2028,AGG ASSLT W/DWPN,4/4/2023,8/30/2022,6
6190165,2518963,"MARTINEZ,LEE",Polunsky,2/17/2029,CRIMINAL MISCHIEF $150-300K,8/9/2024,2/18/2024,5
6190189,2600648,"HERNANDEZ,ANDREW",Dominguez,9/1/2026,POSS CS PG 1/1-B 1-4G,1/16/2026,11/30/2024,3
6190625,2520023,"ALEGRIA,VINCENT J",B. Moore,2/9/2028,POSS CS PG1/1-B 4-200G,7/16/2024,2/9/2024,4
6190670,1136087,"FLORES,ANTONIO",Robertson,12/20/2026,AGG ASLT W/DEAD WPN,10/31/2002,12/20/2001,25
6191603,1039806,"GARCIA,JOSE ALFONSO JR",Allred,1/1/9999,CAP MURDER-OTHER FELONY,12/18/2000,7/2/1999,Capital Life
6191773,1361042,"JOHNSON,BRIAN JERMAIN",Hughes,6/1/2032,MURDER,3/27/2006,5/22/2005,27
6192947,2152872,"MENDIOLA,STEVE",Boyd,6/18/2037,AGG ASLT W/DDLY WPN,8/3/2017,6/15/2014,20
6193511,2410755,"RIVERA,NOEL",McConnell,7/22/2039,AGG SEX ASLT CHILD,8/24/2022,9/1/2007,20
6194012,2492624,"DEL TORO,CHRISTOPHER LUIS",McConnell,3/27/2082,INTOXICATION MANSLAUGHTER,2/23/2024,3/27/2022,60
6194234,2248759,"MEDINA,RUDY",Briscoe,6/26/2029,BURG BLDG,6/26/2025,2/10/2024,10
6195332,2547690,"CALVILLO,JENNIFER ANN",Plane,1/3/2027,ASLT ON SECURITY OFFICER,2/10/2025,1/3/2025,2
6198196,2572361,"DAVIS,JAMES C",Lopez,9/1/2026,FRAUD POSS/USE CRED/DEBIT CARD,7/24/2025,9/22/2024,3
6199399,1453181,"CLEWIS,ANDRE",Michael,11/7/2050,AGG ROBBERY,8/3/2007,8/30/2005,45
6201072,888547,"GARZA,JUAN CERDA",Wainwright,8/9/2033,MURDER,8/10/1999,7/27/1998,35
6201935,2569181,"MARTINEZ,ROBERTO ANDRES II",Jester III,11/5/2027,ASLT FAM/HSE MEM PREV CONV,6/27/2025,11/5/2024,3
6202486,2155948,"ANTHONY,ROY LEE",Memorial,12/1/2026,ASLT PUBLIC SERVANT-BI,9/11/2017,2/18/2017,10
6204634,2522282,"CHASE,STEVEN JAMES",Segovia,8/1/2026,UNL CARRY WPN W/FEL CONV,9/11/2024,7/30/2024,5
6205066,2588023,"DELEON,MANUEL",Dominguez,7/4/2029,POSS CS PG1/1-B 1-4G,8/11/2025,5/25/2025,4
6206170,2563243,"MONSIVAIS,MIGUEL",East Texas Treatment Facility,6/1/2026,AGG ASLT W/DDLY WPN,5/28/2010,2/6/2008,20
6206816,2573511,"BALDWIN,ROBERT EUGENE",Cotulla,3/2/2027,THEFT PROP 30K-150K,8/1/2025,5/24/2025,4
6207061,2578181,"FERNANDEZ,RAUL JACOB III",Travis County,3/3/2028,POSS CS PG1 1-4G,2/15/2022,10/10/2021,3
6207334,2603028,"JASSO,FRANK JAVIER",Lopez,12/1/2026,POSS CS 4-200G,7/24/2023,3/18/2023,4
6207350,2468967,"GUERRERO,RAY ANTHONY",Torres,7/28/2050,AGG SEX ASLT-CHILD,9/14/2023,6/1/2020,27
6207395,2268389,"INGLE,PATRICK RYAN",Hughes,2/12/2034,ROBBERY,6/3/2019,2/13/2019,15
6207501,2564043,"FLORES,JOE ANTHONY",Memorial,7/31/2030,POSS CS PG1 1-4G,3/5/2025,2/11/2023,6
6207545,2532663,"GALLEGO,GILBERT DAVILA",Memorial,7/28/2031,UNL POSS FIREARM FEL,11/22/2024,7/28/2024,7
6208067,1714365,"LLAMAS,JUAN",Estelle,12/7/2030,AGG SEXUAL ASLT CHILD,5/2/2011,1/29/2009,20
6208449,1963952,"IDROGO,ROY",W. Scott,2/11/2034,AGG ROBBERY,10/16/2014,2/11/2014,20
6208603,1956313,"VALDEZ,VALDEMAR",Lewis,1/6/2034,MURDER,9/15/2014,1/6/2014,20
6209955,1303057,"ALVARADO,MARK",Ferguson,12/18/2041,AGG ROBBERY,5/3/2005,12/18/2003,35
6211082,873279,"FLORES,ALBERT T",Ramsey,1/1/9999,MURDER,4/15/1999,1/7/1998,Life
6211666,1676155,"SUNIGA,VALENTIN",McConnell,11/5/2043,AGG ROBBERY,9/22/2010,11/1/2008,30
6212007,2601638,"VILLA,ROLAND JR",Glossbrenner,9/11/2026,POSS CS PG 1/1-B<1G,,7/7/2025,3
6214528,2279568,"ESTRADA,DANIEL",Connally,2/24/2032,AGG ASLT W/DDLY WPN,8/16/2019,2/24/2017,15
6214851,1992922,"SANCHEZ,MANUEL SANTOS",Lychner,6/19/2028,AGG ASLT DW,3/26/2015,6/13/2014,14
6216873,2545968,"VIDALES,CARLOS RENE",Clements,8/3/2026,POSS CS PG1/1-B 4G-200G,2/19/2025,12/28/2023,5
6218735,2443405,"PINA,ROBERT",Garza West,8/18/2034,AGG ASLT W/DWPN REPEATER,3/31/2023,12/16/2021,12
6220190,2548758,"GARCIA,TABITHA ANN",Plane,2/2/2028,AGG ASLT W/DWPN,3/21/2025,4/26/2019,3
6220610,2573796,"SANCHEZ,AVIAN LEE",Lopez,8/29/2027,UNL POSS FIREARM BY FELON,7/30/2025,5/13/2024,6
6223433,1765171,"ORTIZ,ROLANDO GARZA",Michael,6/21/2037,AGG ROBBERY,1/19/2012,5/7/2011,23
6223449,2268376,"CASTILLO,JOHNNY",B. Moore,2/1/2027,AGG ASLT SBI,10/10/2017,2/13/2017,10
6223851,2602820,"HAACK,GARY CRAIG JR",McConnell,7/21/2027,POSS CS PG1/1-B L/1G,2/2/2026,7/21/2025,2
6224348,2611819,"RUIZ,ANTONIO",Garza West,10/22/2027,POSS CS PG1/1B 4-200G,4/1/2026,6/30/2025,5
6224713,2468034,"GARZA,MARK ANTHONY",Willacy County,5/1/2028,ASLT FAM CHOK/STRANG,9/14/2023,12/27/2020,12
6225225,2581284,"HERRERA,BRUNO T",Cole,10/8/2030,AGG ASLT W/DWPN,9/17/2025,10/8/2024,6
6228545,1239725,"CORDOVA,ADAM HECTOR",Hughes,1/1/9999,CAPITAL MURDER-MULTIPLE PERSONS,7/24/2003,3/9/2002,Capital Life
6228698,2586542,"GARCIA,MARY",Crain,10/9/2027,POSS CS PG1 4-200G,10/31/2025,9/18/2022,2
6229127,2519879,"SANDERS,SHAWN L",Willacy County,1/17/2049,POSS CS PG1/1-B 1G-4G,7/30/2024,1/8/2022,25
6230405,1555207,"KITCHEN,WILLIAM",Stiles,2/22/2028,AGGRAVATED ROBBERY,12/5/2002,8/21/2002,20
6231319,2600634,"BENNETT,DANIEL ALLEN",Garza West,8/2/2029,POSS CONT SUB 4-200G,1/21/2026,2/4/2025,4
6231643,2478169,"ALDANA,RALPH RODRIGUEZ",C.T. Terrell,3/1/2027,ASLT FAM 2ND OFF,10/2/2019,9/11/2018,7
6234364,2613295,"LOPEZ,ALFREDO",Garza West,10/19/2027,POSS CS PG1/1-B 1G-4G,1/6/2026,8/8/2025,2
6235168,2592830,"ARENAS,ANGEL VANESSA",Hilltop,8/1/2026,POSS CS PG 1/1-B 4-200G,6/26/2025,10/10/2024,2
6238383,1000902,"WILLIAMS,DOUGLAS DEASEAN",Hughes,1/1/9999,CAPITAL MURDER,7/21/2000,12/3/1998,Capital Life
6238975,999622,"MCKANE,OTIS TYRONE",Polunsky,1/1/8888,CAPITAL MURDER-P.O./DEATH,8/6/2021,11/20/2016,Death
6239470,2437800,"WILLIAMS,PATRICK DESHUN",McConnell,8/10/2030,FELON POSS FIREARM,3/1/2023,1/5/2022,8
6241892,2529246,"SOLIS,PEDRO GRACIANO",Cotulla,3/19/2031,EVADE ARR DET VEH,10/10/2024,3/19/2024,7
6242843,2591897,"RODRIGUEZ,RENE ERIC JR",Garza West,6/12/2029,POSS CONT SUBS PG1 4-200G,2/6/2020,9/23/2019,10
6243567,936516,"AYALA,ARNULFO D",Estes,5/13/2034,MURDER,7/11/2000,8/6/1998,35
6244412,1445848,"VEGA,DEVON ARLENE",O'Daniel,12/18/2045,MURDER,6/22/2007,12/18/2005,40
6245168,2532681,"SANCHEZ,ARTURO",Lopez,12/11/2026,BURG OF HABIT,9/11/2023,11/14/2022,5
6245364,2608287,"MENDEZ,JOAQUIN",Stevenson,12/25/2040,DEADLY CONDUCT FIREARM,3/10/2026,11/3/2022,15
6245664,2362004,"CANTU,ELI MOODY",Garza West,7/15/2027,FELON POSS FIREARM,8/16/2021,2/9/2021,6
6246082,2076555,"MARTINEZ,JAIME RUBEN",Wainwright,8/2/2049,AGG SEXUAL ASLT CHILD,6/29/2016,6/30/2011,35
6246252,2207426,"GOMEZ,RODRIGO",Dominguez,6/3/2027,THEFT $2500-30K,6/26/2018,2/27/2016,10
6246948,2425623,"WILLIAMS,JOHN BERNARD",Ramsey,11/25/2032,SEXUAL ASSAULT,12/6/2022,6/25/2018,10
6247294,2482093,"MUNOZ,JESSE GONZALEZ",Clemens,9/29/2026,BURG HABIT,12/13/2023,3/20/2023,8
6249298,1700754,"JAMES,JOHN PATRICK",Robertson,2/17/2037,AGG ROBBERY,2/10/2011,8/13/2008,28
6249755,2345481,"GARZA,PETRA QUINONES",Hilltop,6/14/2028,AGG ASLT W/DWPN,4/14/2021,5/31/2020,8
6251706,2584446,"NACEL,BARBARA MELANIE",Plane,3/17/2027,DWI 3RD MORE,10/14/2025,6/26/2025,4
6263457,1046575,"VAUGHN,MATTHEW CURTIS",Wynne,1/1/9999,MURDER,5/18/2001,3/10/1999,Life
6264297,2270279,"ALANIZ,FREDDIE",Lynaugh,2/13/2043,MURDER,6/21/2019,2/9/2006,25
6264472,1565080,"SALAZAR,RICHARD",Ney,8/13/2029,AGG ROBBERY,3/23/2009,10/14/2008,20
6267129,2471961,"RODRIGUEZ,RAUL",Ferguson,7/1/2027,THEFT $30K TO $150K,10/11/2023,3/15/2023,4
6267410,1342716,"BILLS,DONALD",Ellis,1/24/2033,ROBBERY,12/13/2005,7/26/2005,20
6271283,2210112,"REUM,BRENT",Coffield,5/14/2040,AGG ROBBERY,9/18/2017,7/31/2014,25
6272786,1346447,"ROBINSON,MICHAEL",Coffield,6/29/2045,AGG SEXUAL ASLT-CHILD U/17,1/10/2006,8/14/2000,40
6273072,892628,"MONTEZ,MARK ANTHONY",Stiles,9/22/2037,AGG ROBBERY,7/26/1999,7/15/1998,35
6273811,2510899,"GARCIA,REUBEN ANTHONY",Memorial,6/1/2026,POSS W/I DEL CS PG1 4G-200G,6/14/2024,11/4/2020,5
6275019,1192421,"MARTINEZ,JOHN GILBERT",Robertson,1/1/9999,CAPITAL MURDER,2/12/2002,10/24/2000,Capital Life
6275878,1834140,"RODRIGUEZ,TIMOTEO",Garza East,12/20/2028,FELON POSS FIREARM/REPEATER,1/7/2013,1/13/2012,20
6276920,2549198,"HERNANDEZ,RENE",Garza West,12/26/2026,UNL POSS F/ARM BY FELON,12/11/2024,2/10/2022,5
6278134,2513785,"GARCIA,ADAN JR",C.T. Terrell,8/13/2026,DWI 3D/M,7/15/2024,9/10/2022,5
6278479,2227083,"GARCIA,NICHOLAS",Wynne,3/17/2043,AGG SEX ASLT CHILD REPEAT,10/9/2018,9/21/2015,25
6278693,2429296,"ALCORTA,STEVEN ANTHONY",Memorial,9/23/2026,EVADING ARREST DET W/VE,1/3/2023,9/22/2022,4
6278784,2520998,"ESPINOZA,MICHAEL DAVID JR",McConnell,8/19/2030,UNL CARRY WEAPON W/FELONY CONV,8/28/2024,5/21/2023,7
6278786,2456631,"HENDERSON,WESLEY",Polunsky,6/27/2122,CONT SEX ABUSE-CHILD,6/30/2023,6/8/2013,99
6279081,2537048,"ROBINSON,RANDY BROWN",Dominguez,8/4/2026,UNL POSS FIREARM FEL,12/11/2024,12/17/2023,4
6279199,2465435,"DELGADO,RACINE RENO",Marlin,6/1/2026,FAIL STOP/RENDER AID/DEATH,9/7/2023,5/3/2021,8
6279506,2584975,"SANDOVAL,DANIEL",Lopez,8/2/2030,POSS CS PG 1/1-B L/400G,10/8/2025,10/23/2023,12
6281159,2460768,"DELAROSA,JORGE ARMANDO",Garza East,10/10/2027,DWI 3D/M REPEATER,8/3/2023,10/17/2022,12
6281196,2184323,"HERNANDEZ,RONALD CHRISTOPHER",Stevenson,8/4/2057,SEXUAL ASLT/CHILD,2/16/2018,7/17/2017,20
6281511,2427566,"GOMEZ,RODOLFO",Connally,3/9/2040,AGG SEX ASLT CHILD,12/21/2022,1/1/2019,18
6281547,2072909,"HERNANDEZ,CHARLES D",Lychner,7/9/2026,ROBBERY,6/10/2016,7/21/2015,8
6281736,2468959,"CRAWFORD,LEEROY",Garza East,11/18/2034,AGG ROBBERY,9/22/2023,11/14/2022,12
6282219,2606164,"LUGO,JUAN MANUEL",Lopez,6/15/2032,UNL CARRY WPN FEL CONV,2/27/2026,6/16/2025,7
6282537,2465887,"DEVORA,RENE",Lynaugh,12/2/2061,MURDER,8/31/2023,12/2/2021,40
6282599,2558767,"ARENAS,LUIS WILFREDO",Connally,7/24/2026,ASLT FAM/HSEHLD MEM PREV CONV,4/21/2025,4/9/2023,6
6282874,2143000,"MALDONADO,ARTHUR",Estelle,12/1/2026,AGG ASLT DW,6/30/2017,1/26/2017,10
6283193,2548005,"HERNANDEZ,RICHARD CHARLES",Ellis,3/20/2049,DWPN IN PENAL INSTITUTION,2/25/2025,3/20/2024,25
6283374,2557594,"RODRIGUEZ,ERIK",Connally,7/9/2026,POSS CS PG1 4G-200G,4/23/2025,6/28/2023,3
6283507,1594296,"ALVARADO,JESUS MARTINEZ",Hightower,5/14/2042,MURDER,5/21/2009,7/25/2005,35
6283855,2498142,"MORALES,JOE F",Cotulla,9/3/2053,AGG SEXUAL ASLT-CHILD,4/5/2024,11/1/2018,30
6284046,2452393,"MONTOYA,LEO ESPARZA",C.T. Terrell,4/23/2027,ASLT-FAM 2ND OFFENSE,6/6/2023,1/1/2022,4
6284584,2161646,"HARVEY,OSBORNE JOSEPH",Stiles,10/3/2042,AGG SEXUAL ASLT-CHILD,10/12/2017,5/19/2016,25
6284740,2587777,"HINOJOSA,MARI ANGELICA",Halbert,9/1/2026,POSS CS PG1 1-4G,11/4/2025,11/3/2019,5
6284777,1604267,"HERRERA,LAURO BOSQUEZ",Daniel,7/5/2034,MURDER,7/13/2009,9/15/2007,25
6285643,2459790,"WILLIAMS,TOMMY LEE",Lewis,7/12/2034,AGG ASLT W/DWPN,7/21/2023,7/12/2022,12
6285962,2407634,"DELTORO,GENARO",Stevenson,3/30/2030,AGG ASLT W/DWPN,8/19/2022,3/26/2022,8
6286191,2069921,"RIOS,DANIEL S",Telford,7/25/2043,SUPER AGG SEX ASSLT-CHILD,5/24/2016,9/29/2012,28
6287338,2550880,"JONES,DAVID C",Lopez,2/1/2027,EVADING ARREST DET W/VEH,3/17/2025,6/13/2023,10
6289031,2541182,"BAILEY,SAMUEL L",Garza West,7/29/2028,ASLT PEACE OFF/JUDGE,1/8/2025,7/29/2024,4
6289869,1228042,"RAMIREZ,JUAN RAUL",Kyle,8/4/2026,MURDER,3/12/2004,1/21/2003,25
6289961,1724153,"MASSENGALE,CALVIN JEROME",Dominguez,11/1/2026,AGG ROBBERY,6/17/2011,10/16/2009,30
6293321,2507750,"RAMIREZ,BRANDON ROSS",Garza East,5/27/2028,FELON POSS FIREARM,5/29/2024,7/2/2023,4
6296998,1391622,"LOOKINGBILL,BOBBY JOE",Coffield,9/1/2103,AGG ROBBERY,8/28/2006,9/1/2004,99
6299419,1749217,"ARTEAGA,LUIS",McConnell,10/8/2026,AGG ROBBERY RPTR,10/17/2011,9/5/2010,15
6299421,1436542,"SMITH,DEVONNE",Jester III,6/21/2056,AGG ASLT PUB SERV,5/3/2007,9/6/2005,50
6300848,2403174,"DELEON,RICARDO",Garza West,6/3/2029,FELON POSS FIREARM REPEATER,7/11/2022,1/19/2021,8
6301781,2513791,"JIMENEZ,CHANCEY DAVID",Willacy County,9/23/2027,ROBBERY,7/2/2024,9/23/2023,4
6302319,2395087,"ROTHENAY,JEREMY RAY",Beto,6/19/2026,INDECENCY W/CHILD CONTACT,5/9/2022,7/28/2018,8
6303372,2418335,"PEREZ,RAMON",Ellis,12/8/2028,BURG HABIT FORCE,10/17/2022,8/14/2021,17
6304604,1939837,"MERAZ,MIGUEL",C.T. Terrell,1/19/2036,AGG SEXUAL ASLT CHILD,2/18/2016,4/1/2003,20
6307939,2576029,"CANO,ADAM",W. Scott,4/4/2029,AGG ASLT W/DWPN,8/18/2025,12/10/2022,5
6309915,1567508,"RAMIREZ,ANTHONY A",Bartlett,9/30/2051,MURDER,4/7/2009,9/29/2007,44
6310115,1519809,"YEPEZ,JASON DAVID",Memorial,1/1/9999,AGG SEX ASLT CHILD,6/17/2008,12/11/2005,Life
6311292,1372885,"HUIZAR,ERNEST",Hughes,3/9/2036,AGG SEXUAL ASLT,5/17/2006,3/7/2006,30
6312260,2544963,"RODRIGUEZ,JOSHUA",Memorial,7/29/2031,ROBBERY,2/10/2025,7/29/2024,7
6312496,2324858,"EDWARDS,RUDY",Stiles,1/1/2027,AGG ROBBERY,9/21/2020,4/18/2020,8
6313027,2609586,"SANCHEZ,CHRISTOPHER MICHAEL",Willacy County,10/17/2031,POSS CS PG 1/1-B 4-200G,3/17/2026,10/17/2025,6
6313058,2285894,"GONZALES,ADAM G",C.T. Terrell,2/15/2031,ROBBERY,9/25/2019,2/15/2019,12
6314653,2540198,"KINSEY,ROBERT LEE",Estelle,9/4/2027,FAIL SEX OFF DUTY REG W/PREV,1/6/2025,5/23/2023,3
6314793,2133976,"DUQUE,RUDY",Clements,9/6/2033,AGG KIDNAPPING,5/9/2017,8/18/2015,18
6315451,2605008,"ALONSO,JOEL TOVAR",Garza East,1/6/2028,POSS CS PG1/1-B 1G-4G,2/18/2026,3/3/2024,2
6319197,2607637,"FLORES,JOSE A",Dominguez,3/4/2027,POSS CS PG 1/1-B<1G,3/5/2026,4/3/2024,1
6320029,2571343,"ORTIZ,PATRICK",Lopez,1/30/2033,ASLT FAM/HSE MEM PREV CONV,7/16/2025,12/28/2024,8
6320946,2610508,"BENAVIDES,ZEKE ROY",Garza West,12/8/2026,DWI 3RD MO,10/18/2018,3/15/2018,2
6322838,2518968,"WHITSON,DERRICK KEITH",Dominguez,9/12/2026,VIOL BOND/PROT ORDER-ASLT,8/16/2024,8/19/2023,3
6323388,2443157,"IDROGO,MATTHEW ANDREW",Ney,2/1/2027,AGG ASLT W/DEADLY WPN,3/27/2023,10/15/2022,5
6324314,2502688,"GARCIA,RICHARD GILBERT",Jester III,6/1/2026,POSS CS PG1 4G-200G,5/6/2024,3/6/2023,5
6324396,1315005,"CUELLAR,ALFRED P",McConnell,3/29/2044,AGG ROBBERY,6/27/2005,4/23/2003,40
6324749,2285933,"ROBINSON,DREW SCOTT MARCUS",Allred,2/7/2030,"INJ TO CHILD,SBI INTENT/KNO",9/13/2019,4/11/2018,11
6328652,2490107,"ARMSTEAD,LAWRENCE CURBY",Stiles,10/30/2029,ROBBERY,2/5/2024,10/30/2021,8
6329688,2550447,"FLORES,JACOB LUIS",Garza East,9/28/2031,ASLT FAM/HSE MEM IMP BRT/CIR,3/12/2025,9/28/2024,7
6330979,2531724,"RODRIGUEZ,LAZARO NICHOLAS",Lopez,4/2/2032,PROH SUB/ITM CORR/CIV COM FACIL,10/23/2024,5/18/2023,15
6331135,2441149,"ACOSTA,DANNY",Ferguson,2/5/2037,AGG ASLT DW,3/20/2023,2/2/2021,15
6331799,2525569,"KING,ERIC MICHAEL",W. Scott,7/1/2026,VIOL SEX OFF REG ANNUAL,3/4/2020,8/30/2019,3
6332147,2313079,"ESTRADA-HERNANDEZ,CIRILO",Wallace,10/14/2029,INDECENCY W/CHILD-CONTACT,2/20/2020,11/10/2016,10
6332255,2586541,"GARCIA,KELLY MARIE",Plane,12/20/2026,POSS CS PG1 4-200G,6/18/2024,2/21/2024,3
6332262,1058552,"WEST,FELICIA BETH",Marlin,6/1/2026,MURDER,8/6/2001,8/12/2000,40
6332549,2457888,"CANTU,CHRISTOPHER C",Wainwright,10/26/2026,ASLT FAMILY 2ND OFFENSE,7/11/2023,10/26/2022,4
6332554,2230505,"PAEZ,GREGORY G",Dalby,4/22/2037,BURG HABIT FORCE,10/25/2018,4/22/2017,20
6332939,2431184,"EASTERDAY,KEVIN EUGENE",Hodge,6/1/2026,AGG ASLT DW,1/18/2023,3/20/2020,4
6332949,2269317,"MARTINEZ,CHRISTIAN DANIEL",Ellis,2/21/2055,MURDER,6/13/2019,2/21/2018,37
6333107,1717057,"CULPEPPER,DERRICK LEE",Stiles,10/3/2040,BURG HABIT INT COMM FEL-FOR,5/16/2011,1/4/2008,30
6334884,1476349,"SANCHEZ,VIRGILIO C",Wynne,9/21/2106,AGG SEXUAL ASLT CHILD,10/9/2007,5/22/2004,99
6335825,2576039,"JOLLY,JUSTIN L",Dalby,11/28/2032,MAN/DEL CS PG1 4-200G,8/19/2025,11/28/2024,8
6335964,2588244,"ADAMS,DION BRADY",Lopez,4/25/2028,POSS CS PG1/1-B 4-200G,11/4/2025,9/9/2024,3
6336033,1008212,"GONZALES,TONY JR",Connally,1/1/9999,MURDER,9/19/2000,6/24/2000,Life
6336308,2580226,"OCHOA,JOHN MICHAEL",Memorial,9/29/2026,MAN/DEL CS PG1 1-4G,9/5/2025,9/29/2024,4
6336321,2493668,"RIOJAS,RUDOLPH",C.T. Terrell,1/14/2027,DWI 3D/M,2/28/2024,5/26/2022,7
6336370,2595680,"CASTRUITA,JAIME FLORES",Lewis,1/1/2028,UNL POSS FIREARM FELON,12/15/2025,7/28/2025,5
6336705,2526659,"APAEZ,ADRIAN",Garza East,6/20/2028,EXPLOITATION CHILD/ELDER/DISABLE,9/26/2024,1/16/2024,10
6336734,2487981,"LYND,CHRIS",Briscoe,1/24/2033,INDECENCY CHILD CONTACT,1/25/2024,1/1/2009,10
6336881,2411520,"ESTRADA,GABRIEL",Connally,7/24/2038,AGG SEX ASLT CHILD,8/31/2022,6/1/2015,18
6336954,2231781,"MORENO,PHILLIP",Stiles,12/1/2026,AGG ASLT W/DW,9/6/2018,10/1/2016,9
6337474,1928563,"RECTOR,LLOYD E",Polunsky,1/30/2035,AGG ROBBERY,1/27/2014,2/16/2012,20
6337872,1667694,"PENA,LAWRENCE",Allred,1/1/9999,MURDER,8/30/2010,6/4/2008,Life
6337892,1322810,"SALAZAR,LARRY E",Wynne,1/1/9999,CAPITAL MURDER,8/18/2005,7/17/2004,Capital Life
6338867,2386659,"RENDON,STEVEN A",Lopez,3/1/2027,KIDNAPPING,3/11/2022,11/10/2019,7
6338918,2059960,"BARRERA,THOMAS ISAAC",Bartlett,10/14/2032,INDEC W/CHILD-CONTACT,4/5/2016,6/1/2010,15
6339605,2529225,"CASAS,GAMALIEL",Cotulla,11/8/2028,MAN DEL CS PG1 400G,10/11/2024,11/6/2019,10
6339621,2271950,"GARCIA,MARIA DOLORES",Murray,12/29/2057,MURDER,6/26/2019,11/3/2017,40
6339955,2540220,"WRIGHT,BRANDON MICHAEL",Hughes,9/6/2064,SEX ABUSE CHILD CONTINUOUS,12/12/2024,7/26/2014,40
6340082,1549989,"CARRIZALES,JOHN RAYMOND",C.T. Terrell,9/1/2040,AGG SEX ASLT CHILD,10/27/2008,9/1/2007,25
6340268,1289362,"CARROLL,THOMAS C",Jordan,4/1/2027,ARSON,2/28/2005,4/5/2004,30
6340784,2609317,"CHAVARRIA,SAUL GERMAN",Garza West,11/19/2028,THEFT PROP 2500 2/M PREV,3/13/2026,3/21/2024,6
6340862,2572702,"CASTILLO,ROGELIO",Briscoe,5/7/2039,AGG SEX ASLT CHILD,7/9/2025,6/4/2011,15
6340908,2588291,"ZUNIGA,JORGE ANTONIO",Willacy County,6/15/2033,AGG ASLT W/DEADLY WPN,10/23/2025,6/14/2025,8
6340912,1822693,"JONES,BRIAN",Polunsky,9/2/2030,ASLT PUB SERV BI,11/2/2012,6/2/2011,25
6341087,2588272,"NAVARRO,JESUS",McConnell,1/31/2033,ASLT FAM HSE PREV,10/30/2025,1/31/2025,8
6341108,2471945,"ESPINOZA,ALFREDO",Torres,12/1/2026,REPEATED VIOL CT ORD/BOND/COND,10/10/2023,2/17/2023,5
6341337,2613009,"ALVARADO,GILBERT JR",Garza West,4/2/2035,AGG ASLT W/DWPN,4/7/2026,4/2/2022,12
6341458,2526459,"FLORES,FOUAD YOSEPH",Garza East,6/14/2032,SEXUAL ASLT CHILD,9/30/2024,10/23/2022,8
6341583,2580235,"TRUJILLO,DAVID ANTHONY",Garza East,12/30/2026,UNL POSS FIREARM FELON,9/4/2025,8/10/2025,3
6341862,2456651,"ZENDEJAS,GABRIEL",Dominguez,9/2/2026,ARSON HABITATION/PLACE OF AS,6/30/2023,10/25/2022,5
6341886,2207454,"PENA,RETO",Bradshaw,7/25/2027,FELON POSS FIREARM,6/29/2018,4/27/2017,10
6342155,1874244,"FLORES,JOHNNY V",Lewis,12/15/2036,AGG ROBBERY,6/11/2013,12/13/2011,25
6342214,1355758,"FLORES,ARTURO JR",Smith,5/27/2055,MURDER,2/10/2006,5/27/2005,50
6342464,2576722,"PEREZ,ROBERTO AMELIO R",Cotulla,5/22/2028,FAIL COMPLY SEX OFF DUTY REG PRE,8/18/2025,6/1/2024,3
6342562,2570842,"PEREZ,CHRISTINA ANN",Henley,7/5/2026,POSS CS PG1/1-B 4-200G,7/24/2025,4/12/2024,4
6342972,1544090,"JOHNSON,MICHAEL",Johnston,6/10/2026,AGG ROBBERY,12/8/2008,12/14/2006,25
6343084,2285110,"CASAREZ,ROBERT ANTHONY",Wainwright,5/11/2028,POSS CONT SUB PG1 1-4G(REPEAT),9/23/2019,1/24/2019,9
6344828,2441153,"CASTRO,RUBEN",Dominguez,2/15/2030,AGG ASLT SBI,3/28/2023,3/26/2021,8
6345216,2554635,"RODRIGUEZ,CRYSTAL CHERI",Marlin,7/8/2026,REPEAT POSS CS PG1/1-B L/1G,4/22/2025,9/23/2024,3
6345780,1803325,"VARGAS,JORGE",Garza East,6/29/2037,AGG SEX ASLT CHILD,8/6/2012,8/1/1998,25
6346176,2560797,"ZUNIGA,IGNACIO JR",Stevenson,7/10/2031,ASLT FAM HSE MEM,5/7/2025,7/10/2024,7
6346301,1150625,"LALINDE,REBECCA",Murray,6/8/2026,INDECENCY W/CHILD-CONTACT,11/22/2002,7/1/2000,10
6346929,2569019,"SANTANA,ROBERT SAMUEL",Dominguez,1/3/2027,ASLT FAM/HSE MEM PREV CONV,6/27/2025,8/2/2019,2
6347429,2599541,"MARQUEZ,DEREK MICHAEL",McConnell,3/19/2032,AGG ROBBERY,1/12/2026,3/20/2025,7
6349027,2026702,"SAVALA,TERRELL MAURICE",Lewis,4/30/2035,AGG ROBBERY,9/25/2015,1/26/2015,20
6349177,2374404,"BRACY,JOHN ADONIS-HERCULE",Stiles,1/7/2032,SEX ASLT-CHILD,12/2/2021,6/2/2015,12
6349281,1465167,"BROWN,DONNELL CURTIS",Wainwright,3/29/2045,MURDER,9/4/2007,2/3/2005,40
6349352,2600647,"HAMILTON,RICKY LEE",Lopez,8/9/2028,ASLT FAM HSE MEM IMP BRTH CIRC,1/21/2026,5/26/2023,7
6349506,2545964,"PADILLA,ERIC",Torres,7/15/2032,AGG ROBBERY,2/13/2025,7/14/2024,8
6349509,2033091,"LUCIO,MANUEL",Hughes,7/2/2041,AGG ROBBERY,11/3/2015,11/17/2014,20
6349751,2584948,"CLAUSER,JASON DUANE",Willacy County,2/1/2027,POSS CS PG 1/1-B 4-200G,10/3/2025,5/26/2025,4
6350632,1610593,"RUIZ,ACE CHRISTOPHER",Montford,6/17/2028,MURDER,11/9/2009,1/4/2008,20
6350901,2336571,"MARTIN,JACOB EDWARD",Segovia,3/25/2028,AGG ASLT W/DWPN SBI FAM/DATE,2/3/2021,10/30/2019,8
6351398,2574877,"RODRIGUEZ,JONATHAN JOSHIAH G",Lopez,12/17/2031,ASLT FAM HSEHLD MEM PREV CONV IA,8/12/2025,12/17/2024,7
6351443,1412467,"ARMSTRONG,ROBERT",Connally,8/14/2027,POSS W/I DEL C/S 4-200G,12/15/2006,9/13/2005,25
6352420,2614177,"RUBIO,LOUIS JR",Garza West,2/24/2027,THEFT PROP L/2500 2/MO PREV CONV,4/7/2026,9/27/2025,3
6352531,2596544,"RODRIGUEZ,MARCOS ANTONIO",Byrd,11/2/2027,THEFT PROP L/2500 2MOR PRE CON,12/19/2025,8/19/2025,2
6353407,1655129,"STEADMAN,DE MARCUS",Hughes,11/25/2063,AGG KIDNAPPING,6/30/2010,11/16/2008,55
6353958,1358536,"KILLOUGH,BRUCE",Lewis,11/13/2051,MURDER,3/8/2006,11/13/2004,47
6353960,2595168,"SERRATO,NICOLAS SOSA",C.T. Terrell,12/13/2039,AGG ASLT DW,12/10/2025,12/13/2024,15
6354247,2581317,"RODRIGUEZ,JOE",Hodge,5/9/2027,EVAD ARRST DET W/VEH,9/19/2025,4/8/2025,2
6354300,2432180,"JAQUEZ,PLACIDO",Estelle,8/25/2038,AGG ROBBERY,1/24/2023,7/2/2020,16
6354343,2457710,"WILLIAMS,ANTONIE DINAIL",Stevenson,12/17/2045,INDECENCY W/CHILD CONTACT RP,7/10/2023,1/16/2021,23
6354394,1001097,"MARTINEZ,ROGER YANEZ",Stiles,1/1/9999,MURDER,8/16/2000,11/12/1996,Life
6354452,2559104,"DELGADO,ALEX V",Lopez,8/2/2026,EVADING ARREST DET W/PREV CONV,4/23/2025,8/20/2023,3
6354950,1419332,"RESENDIZ,JUAN JR",Jester III,1/1/9999,MURDER,3/30/2006,12/4/2000,Life
6355256,2595163,"RAMIREZ,RAUL",Ney,11/7/2034,AGG ASLT AGAINST PUB SERVANT,12/9/2025,11/7/2024,10
6355399,1934256,"GUERRERO,RICARDO M",Ferguson,2/23/2033,AGG SEX ASLT,5/22/2014,2/23/2013,20
6355552,2566887,"TORRES,JUAN PAZ",Garza East,1/21/2027,DWI,6/2/2025,11/23/2024,4
6355784,1782962,"SULLIVAN,JAMES",Boyd,10/1/2038,MURDER,4/30/2012,9/21/2008,30
6356490,2105829,"RAMOS,OSCAR",Dalby,6/22/2031,SEXUAL ASLT CHILD,12/12/2016,9/1/2010,15
6358394,2547037,"BARRIENTOS,ALEJANDRO",Dominguez,7/22/2026,POSS CS PG1/1-B 1-4G,2/19/2025,11/12/2024,4
6359097,2385709,"SANDOVAL,RAUL",Kyle,8/4/2026,ROBBERY,3/1/2022,9/24/2021,10
6359318,2569009,"LITTLEFIELD,DARREN JAMES",Hamilton,4/7/2027,BURG HAB,7/1/2025,3/13/2025,2
6360316,2599531,"GONZALES,JOSHUA RAUL",Memorial,3/9/2037,AGG ASSLT W/DWPN,1/6/2026,11/23/2024,12
6361075,2495247,"GARCIA,REYNALDO JUNIOR",Garza East,9/13/2028,ASLT FAMILY 2ND OFFENSE,3/12/2024,9/14/2023,5
6361319,2570163,"ANCIRA,SAMUEL",Stevenson,8/11/2028,MAN DEL CS PG1 200-400G,6/27/2025,3/8/2022,10
6362889,2559113,"INDIANER,BRANDON KRISTOPHER AA",Hughes,9/4/2028,POSS OF CHILD PORN L/500 PICS,4/17/2025,6/24/2024,10
6363232,2533686,"DOMINGUEZ,YVETTE",Crain,9/15/2026,POSS CS PG1 1G-1G,12/9/2024,6/9/2023,5
6363300,2583976,"MEDINA,JOSE ENRIQUE JR",Travis County,7/14/2027,BURG OF BUILDING,9/25/2025,4/26/2025,5
6363813,1506240,"ENRIQUEZ,CARLOS",Garza East,4/16/2034,ARSON-HABIT/PLACE OF AS,5/19/2008,9/18/2007,25
6363877,2544947,"GAMEZ,EDWARD CHARLES",Montford,10/22/2034,AGG ROBBERY,2/11/2025,10/22/2024,10
6363984,2400594,"SANTILLAN,RAUL",Clemens,7/29/2031,BURG HABIT,6/27/2022,10/22/2020,25
6364237,2209854,"BENITEZ,ERIC",Jordan,12/7/2032,AGG SEXUAL ASLT CHILD,7/17/2018,1/28/2017,15
6364313,2465033,"LOPEZ,FELIX JR",Lopez,8/2/2026,POSS CS PG1 4-200G,8/24/2023,2/1/2022,8
6364725,2439911,"LUCERO,MICHAEL JOSEPH",Ferguson,3/3/2037,AGG ASLT DW,3/6/2023,10/3/2021,14
6365095,2450555,"MARSH,THOMAS GLENN",Garza West,8/28/2026,POSS CS PG1 1-4G,5/18/2023,3/31/2022,4
6365347,2575796,"SANCHEZ,PABLO",East Texas Treatment Facility,6/1/2026,FELON POSS FIREARM,4/23/2024,9/27/2022,3
6366006,2437799,"WILLIAMS,CALVIN LEON",Bell,10/19/2046,MURDER,3/3/2023,5/5/2021,25
6366959,2521006,"IBARRA,MARK ANTHONY",Lopez,6/13/2028,POSS CS PG1/1-B 200-400G,8/27/2024,8/10/2023,10
6367539,2412377,"SOLIS,ROGELIO",Garza East,9/21/2027,EVADING ARREST DETN VEH,8/30/2022,10/6/2021,4
6368028,2535994,"SANDOVAL,MELISSA DAVILA",Coleman Work Facility,10/20/2026,TAMP FAB PHYS EVID INT IMPAIR,12/13/2024,6/25/2015,2
6370867,2447748,"PENA,RALPH JR",McConnell,1/10/2028,EVADING ARREST/DET W/VEH,5/8/2023,1/10/2023,5
6370958,2553965,"ALVARADO,OMAR",Hamilton,7/14/2026,POSS CS PG1/1-B 1-4G,4/2/2025,12/21/2024,4
6371378,2460786,"SOLIS,BOBBY RAY",Wainwright,6/20/2028,POSS W/I DEL CS PG1 4-200G,7/31/2023,3/18/2021,15
6371929,2602265,"CONTRERAS,LUIS ALFREDO",Gist,6/17/2026,POSS CS PG 1/1-B<1G,2/4/2026,10/30/2025,0.7
6373087,2608875,"TORRES,MIGUEL ANGEL",Dominguez,2/10/2027,POSS CS PG1/1-B<1G,3/11/2026,7/10/2024,1.1
6373699,1334136,"GAMBOA,RAMIRO MENDIOLA",Ellis,3/9/2030,MURDER,10/13/2005,5/8/2004,25
6374128,2349862,"CORDOVA,JUAN",Estelle,1/23/2031,AGG ROBBERY,5/28/2021,3/23/2020,10
6375518,2194537,"MARROQUIN,RICHARD C",Garza East,9/27/2027,POSS CONT SUB 4-200G,3/27/2018,11/15/2017,8
6376074,2567938,"RODRIGUEZ,ADAM",Hughes,2/12/2027,DWI 3RD/M,6/17/2025,4/4/2024,4
6376360,2562719,"SALAZAR,CYNTHIA QUINTANILLA",Marlin,9/9/2026,POSS CS PG1 4G-200G,5/20/2025,12/11/2018,5
6377365,2456835,"ANDREWS,STEPHEN EARL",Beto,6/1/2026,SEX ASLT CHILD,3/3/2023,2/22/2017,5
6377778,2298859,"SIFUENTES,RAUL",Coffield,8/30/2027,ASLT FAMILY,12/10/2019,9/12/2019,8
6378045,2116873,"IBARRA,DIEGO",Ramsey,5/28/2068,MURDER,11/17/2011,5/28/2008,60
6378123,2603034,"TORRES,RAMIRO JR",Gist,2/5/2030,THEFT PROP 30K-150K,2/6/2026,8/18/2024,4
6378383,2043085,"GONZALES,MARIO ANSELMO",Vance,4/28/2028,POSS WID CONT SUBS PG1 1-4G,1/7/2016,2/12/2015,12
6380430,2307918,"LUNA,FRANCISCO JAVIER",Allred,5/6/2029,AGG SEX ASLT CHILD,2/11/2020,7/23/2016,10
6381174,2093371,"SHERRY,RYAN KEITH",Stiles,8/20/2029,AGG SEXUAL ASLT CHILD,9/28/2016,7/25/2015,14
6381303,2204821,"BADILLO,ISAAC",Bell,1/8/2033,AGG ASLT DEADLY WPN,6/7/2018,7/27/2017,15
6381839,2196041,"MIRANDA,ARTURO JUAN",Hutchins,10/21/2026,EVADE ARREST/DET W/VEH,4/19/2018,9/13/2017,12
6384528,2538106,"PEREZ,CHRISTOPHER ALEXANDER",Garza West,8/1/2026,AGG ASLT W/DWPN,12/20/2024,10/8/2022,2
6384878,2433303,"OYERVIDES,JOHN ANTHONY",Memorial,7/13/2044,SEXUAL ASSAULT CHILD,1/30/2023,5/1/2020,20
6384957,2548555,"VALENZUELA,GILBERTO G",Stevenson,7/10/2034,POSS CS PG1/1-B 4G-200G,2/28/2025,5/26/2024,10
6385264,2142997,"LARA,RICHARD",Garza East,12/16/2026,BURG HABIT-FORCE,6/15/2017,3/16/2017,13
6386597,917581,"GUEVARA,JAMES GEORGE",Ramsey,1/1/9999,MURDER,3/6/2000,5/26/1993,Life
6386817,2585440,"MIDDLETON,TONY MATTHEW",Stevenson,4/27/2031,BURG HAB,10/23/2025,2/24/2025,15
6387256,2529248,"TORRES,JESSE JOSE JR",Stiles,1/4/2029,ASLT FAM/HSE MEM PREV CONV,10/22/2024,8/19/2022,5
6387533,1890548,"NORIEGA,ARTURO",McConnell,1/1/9999,MURDER,10/4/2013,9/4/2011,Life
6387933,1034035,"HERNANDEZ,DANIEL",Coffield,5/10/2089,AGG SEX ASLT-CHILD,1/31/2001,4/2/1999,45
6389912,2585428,"JENKINS,RYAN KEITH",Dominguez,11/17/2026,VIOL BOND/PROT ORD 2X W/I 12M,10/23/2025,11/17/2024,2
6390113,1073665,"RINCON,JESSE",Stiles,1/1/9999,MURDER,8/1/2001,4/29/2000,Life
6390205,2389510,"RIOS,BENNY ALVAREZ",Allred,3/9/2030,AGG ASLT W/DWPN,3/24/2022,3/9/2022,8
6390300,1585029,"VILLARREAL,GUADALUPE",Pack,3/6/2042,MURDER (REPEATER),6/24/2009,3/7/2007,35
6390594,2607507,"PALAFOS-SANCHEZ,MELIZA ORTIZ",Crain,12/24/2027,POSS CS PG1/1-B 1-4G,3/12/2026,9/17/2024,2
6390719,2450039,"GUEVARA,RAMIRO",Stringfellow,7/13/2028,INDECENCY W/CHILD CONTACT,5/26/2023,3/1/2018,8
6392734,1483015,"DIAZ,RUBY",Halbert,11/1/2026,INJURY/CHILD SBI INT/KNO,1/14/2008,4/23/2006,20
6392870,2604011,"DELEON,RICARDO III",Garza West,9/22/2027,POSS CS PG1/1B 4-200G,2/10/2026,9/22/2025,2
6393380,1050603,"GARY,WILBERT JEROME",Allred,3/16/2099,MURDER,5/24/2001,12/27/1999,99
6393396,1351454,"PIERCE,GEVIN",Allred,10/13/2103,MURDER,1/26/2006,9/10/2004,99
6393398,2559579,"ARELLANO,FREDDY",Ramsey,7/29/2034,AGG SEXUAL ASLT,5/15/2025,7/21/2024,10
6393770,2555077,"ZEPEDA,TONY",Hamilton,7/16/2026,POSS CS 1-4G,4/2/2025,2/6/2023,4
6394756,2465908,"PENA,MICHAEL KENNETH",Luther,3/27/2038,POSS CS PG1 4G-REPEATER,8/28/2023,11/22/2019,15
6395203,2412125,"FAIN,DARIUS",Connally,7/31/2032,AGG ASLT DW,9/14/2022,2/13/2021,10
6395227,2581935,"GUERRERO,STEPHANIE ANN",Plane,6/1/2026,ASLT PEACE OFFICER/JUDGE,9/25/2025,8/30/2024,2
6395407,1155051,"JACQUES,MICHAEL",Connally,1/1/9999,CAPITAL MURDER,11/7/2002,3/10/2000,Capital Life
6395610,1839960,"RODRIGUEZ,JULIAN",Hospital Galveston,5/16/2046,AGG ROBBERY-HAB,2/8/2013,5/17/2011,35
6397589,1582270,"DIAZ,GUADALUPE ESPINO",Ramsey,4/27/2053,AGG ROBBERY,6/11/2009,4/27/2008,45
6397640,2506036,"INGRAM,DAVID",Ferguson,1/8/2027,KIDNAPPING,5/20/2024,10/24/2023,3
6402266,2492427,"SALDIVAR,EDWARD",Willacy County,6/1/2026,AGG ASLT DW,2/16/2024,8/23/2018,6
6402462,2371919,"FREEMAN,JAMES M",Stiles,1/9/2031,FAIL STOP & RENDER AID-SBI,11/2/2021,8/1/2020,10
6402847,2600809,"HERNANDEZ,SANTIAGO JR",Segovia,5/21/2027,POSS CS PG1 4-200G,1/16/2026,11/16/2017,5
6403099,2556160,"SILVA,RICHARD OCHOA",Segovia,1/9/2027,POSS CS PG1/1-B 4G-200G,4/9/2025,1/9/2025,2
6403117,2606174,"SANDOVAL,CHRIS",Garza West,11/21/2026,TAMP/FAB PHYS EVID INT IMP,9/16/2024,9/7/2023,4
6403887,2574648,"AMESQUITA,RAY LORENZO",Garza East,4/25/2029,UNL CARRY WPN W/FELONY CONV,7/29/2025,4/25/2024,5
6404072,2563323,"MARTINEZ,REYNALDO",Willacy County,5/24/2030,AGG ASLT W/DWPN,5/28/2025,5/24/2024,6
6404855,2614148,"DUQUE,DAVID LEE JR",Garza West,12/1/2027,ROBBERY,4/13/2026,12/1/2025,2
6405994,2599520,"CARRILLO,JOSE ABELARDO",Garza East,3/2/2027,ASLT FAM HOU MEM PREV CONV,1/13/2026,6/27/2025,4
6406431,2497068,"PROSSER,BYRON",Travis County,1/7/2027,POSS W/I DEL CS PG1 4G-200G RP,3/25/2024,8/29/2023,8
6406493,2577705,"FLORES,SERGIO ENRIQUE",Segovia,6/23/2026,POSS CS PG1/1-B 4-200G,8/26/2025,8/29/2024,4
6406888,2508766,"TREVINO,MANUEL F",Dominguez,8/21/2026,ASLT FAMILY 2ND OFFENSE,6/12/2024,8/27/2023,7
6406930,2601716,"TORRES,JOHNNY JOE III",Young,8/16/2034,DEADLY CONDUCT DISCH FIREARM,1/28/2026,8/16/2024,10
6406937,2460782,"RAMOS,CARLOS ANDRES",Connally,6/1/2026,AGG ASLT W/DWPN,8/1/2023,12/30/2021,4
6407373,2157610,"ZERTUCHE,PETE ANTHONY",Estes,7/2/2026,POSS CONT SUB PG1 1-4G,9/28/2015,2/5/2015,10
6409270,2614166,"MEDINA,RODOLFO",Garza West,11/30/2029,CRIM MISCHIEF $2500-30K,4/13/2026,2/29/2024,10
6409273,2605405,"VALVERDE,GABRIEL",Garza West,1/1/2027,OBSTRUCTION RETALIATION,2/13/2026,10/12/2024,2
6409376,2318918,"WILLIAMSON,QUINTON RAMON",Stiles,9/24/2049,AGG ASLT W/DW,5/15/2020,9/21/2017,30
6409466,2602272,"PIZANA,GABRIEL S",Dominguez,12/10/2026,POSS CS PG 2 <1G,2/5/2026,8/28/2025,1.1
6409965,2598470,"CARRAZCO,RODOLFO",Connally,9/21/2028,BURG HABIT-FORCE,9/25/2017,9/28/2016,14
6410607,2597471,"SEGOVIA,KATHLEEN MICHELLE",East Texas Treatment Facility,11/11/2026,POSS CS PG 1/1-B >=4G<200G,,9/29/2025,8
6410643,2268379,"GONZALES,HUMBERTO JR",Stevenson,3/21/2038,AGG SEXUAL ASLT CHILD,6/6/2019,3/18/2018,20
6411437,2172467,"IVARRA,GILBERTO",Wallace,3/7/2048,MURDER,12/18/2017,1/27/2016,30
6411600,2389489,"LEAL,GABRIEL E",Torres,1/1/2027,POSS CONT SUB PG1 4-200G,3/22/2022,3/11/2020,8
6411646,2471942,"DAVIS,ROLAND",McConnell,9/17/2032,AGG ASLT DWPN,10/11/2023,8/11/2020,10
6411687,2179277,"BARRON,FRANCISCO",Hughes,1/5/2042,AGG ROBBERY,1/19/2018,12/13/2016,25
6411756,2419324,"PEDEN,DYLAN MICHAEL",Willacy County,10/11/2036,AGG ROBBERY,10/18/2022,8/17/2019,14
6411763,2585408,"DEESE,CHARLES EDWARD",Segovia,4/1/2027,POSS CS PG1 4-200G,10/15/2025,1/5/2024,5
6413646,2583588,"GONZALEZ,RANDY",Jester III,11/13/2027,POSS CS PG1/1-B 4-200G,10/1/2025,4/5/2024,6
6413988,2436824,"MARTINEZ,TRACY",Hobby,1/30/2037,AGG ROBBERY,2/22/2023,1/31/2022,15
6417608,2589303,"BERLANGA,DANIEL JOSEPH",Torres,6/28/2028,ASLT FAM/HSE MEM PREV CONV,11/4/2025,12/29/2024,3
6417878,2614169,"OCHOA,TEODORO",Garza West,6/16/2030,MAN/DEL CS PG 1 4-200G,4/6/2026,11/3/2025,10
6418092,2584963,"KLINGER,CHRISTOPHER L",Jester III,10/29/2026,EVAD ARREST DET W/VEH,10/9/2025,7/5/2025,3
6418106,2393354,"PUGH,KEDREEN M",Ramsey,6/5/2035,POSS W/I DEL CONT SUB PG1 4-200G,7/25/2019,4/3/2018,40
6418623,1752677,"HARVEY,TERRANCE",Connally,3/3/2056,MURDER,11/15/2011,7/7/2009,45
6418624,2563324,"MCBURNEY,RAYMOND JR",Glossbrenner,9/24/2026,POSS CS PG1/1-B 4-200G,5/28/2025,3/5/2024,4
6418662,2466814,"DRUM,MICHAEL LAMAR",Willacy County,8/5/2041,AGG SEX ASLT CHILD,8/24/2023,9/12/2014,18
6418871,2610122,"BERNAL,MARILINDA TAFFOLA",Plane,1/24/2029,ROBBERY,3/12/2026,9/7/2022,5
6418979,2457692,"GONZALES,CARLOS",Wynne,5/9/2029,POSS WID CS PG1 4-200G REPEATER,6/30/2023,2/2/2023,15
6419198,2291476,"MEDINA,MONICA",Henley,7/25/2027,POSS W/I DEL CONT SUB PG1 4-200G,10/29/2019,1/16/2019,10
6419366,2563929,"MEDINA,FABIOLA G",Marlin,2/14/2029,POSS CS PG1/1-B 400G,6/11/2025,10/9/2024,10
6419576,2405630,"MARTINEZ,SANTIAGO",Hodge,3/10/2030,POSS W/I DEL CONT SUB PG1 4-200G,7/25/2022,9/11/2020,8
6419764,2554367,"ALLEN,LESLIE JOE",Stevenson,7/4/2029,CONT VIOL AGAINST FA,4/7/2025,4/14/2024,10
6419866,1474856,"HOUSTON,ROBERT LIONEL",Estelle,12/5/2026,AGG ROBBERY,11/26/2007,11/27/2006,20
6419928,1883596,"SALAZAR,JONATHAN JASON",Memorial,3/28/2033,AGG ROBBERY,9/13/2013,3/28/2013,17
6419938,2021410,"GUAJARDO,MARK ANTHONY",Stiles,5/19/2038,AGG SEX ASLT-CHILD,9/1/2015,5/16/2013,25
6420553,1807307,"DELEON,CARMELO",McConnell,5/1/2032,ROBBERY,8/24/2012,7/29/2011,18
6421024,2532684,"TARNAVA,ANDRES PEREZ III",Stiles,1/1/9999,MURDER,11/25/2024,4/26/2021,Life
6421136,1542900,"MONTOYA,RUBEN DANIEL",Ferguson,1/1/9999,MURDER,11/25/2008,9/29/2006,Life
6421137,2157590,"PEREZ,JOSE ANGEL",Coffield,5/13/2027,SEXUAL ASLT-CHILD,9/21/2017,5/13/2017,10
6421207,2611808,"GEORGES,ROBERT ANDREW",Garza West,5/30/2029,ROBBERY,4/1/2026,5/26/2025,4
6421246,2437795,"TORRES,ANDREW ALEX",Hamilton,6/1/2026,POSS WID CS 4-200G,3/2/2023,9/11/2021,10
6421310,2548545,"POLLARD,JOSHUA DWINE",Connally,6/1/2026,UNAUTH USE VEH,2/27/2025,10/17/2024,3
6421379,2500487,"BRIGGS,ROBERT SPENCER",Clements,2/5/2042,AGG ASLT W/DDLY WPN,4/19/2024,11/1/2022,18
6421629,2413532,"PENA,JOHN CARDONA",Lynaugh,8/17/2041,AGG SEX ASLT CHILD,9/14/2022,7/11/2021,20
6421701,2359000,"RODRIGUEZ,GUSTAVO",Powledge,8/1/2026,PROSTITUTION-PERSON SOLIC,8/4/2021,7/1/2019,8
6421813,1990303,"MIRANDA,JUSTIN MIGUEL",Michael,4/14/2028,AGG SEX ASLT CHILD,3/27/2015,4/5/2014,14
6422962,2483386,"VALDEZ,ROBERT",Connally,12/1/2026,POSS CS PG1 4-200G,12/21/2023,3/7/2023,8
6423489,2224231,"MARROQUIN,VICTOR",Polunsky,10/18/2027,AGG ASLT W/DWPN,9/25/2018,5/2/2017,10
6423544,2464858,"TREVINO,RICARDO JR",Luther,11/15/2027,ASSLT FAM - 2ND OFFENSE,8/21/2023,11/15/2022,5
6423665,2583599,"TIJERINA,ADAM LEE",Willacy County,3/2/2027,ASLT FAM HSEHOLD MEM PREV CONV,10/1/2025,9/11/2021,3
6424526,2408313,"CORTEZ,PAUL ANTHONY",Johnston,12/1/2026,AGG ROBBERY,8/12/2022,3/16/2020,5
6424540,2607999,"GARZA,FRANK",Garza West,3/2/2027,UNL CARRY WEAPON W/FELONY CONV,8/26/2025,2/1/2025,2
6424729,2532171,"GARZA,GILBERTO III",Garza East,12/1/2026,PROSTITU/PAYOR SOLIC PERSON L/18,11/21/2024,12/27/2022,6
6425859,2099841,"BEDFORD,WAYNE",Stevenson,9/18/2038,AGG ROBBERY,11/2/2016,8/23/2013,25
6426484,2138029,"TREVINO,ROBERT ANTHONY",McConnell,4/24/2037,POSS W/I DEL CONT/SUB 4-200G,6/5/2017,7/5/2016,16
6426629,2425568,"CUEVAS,ALLEN MAURICE",Ney,10/23/2032,UNL CARRY WPN W/FELONY CONV,12/6/2022,10/24/2022,10
6426708,2489060,"GONZALEZ,VICTOR",Willacy County,9/28/2043,AGG ROBBERY,1/26/2024,8/31/2018,25
6427403,2487969,"ARIAS,CARLOS",Lychner,10/14/2028,POSS CS PG1 1-4G,1/30/2024,8/16/2023,5
6428035,2226341,"LOPEZ,DANIEL MORENO",Hughes,1/1/9999,MURDER HABITUAL,11/2/2018,9/30/2014,Life
6428045,2173946,"RODRIGUEZ,JUAN G",Ferguson,1/1/9999,AGG ROBBERY,8/17/2017,9/28/2013,Life
6428479,2220242,"MIRELES,OSCAR",Garza West,11/17/2029,POSS CONT SUBS PG1 4-200G,8/30/2018,4/22/2016,10
6428659,2531711,"MORALES,ALEJANDRO",Garza West,1/1/2027,ROBBERY,7/24/2024,10/7/2023,7
6428769,1556885,"KNOWLES,RUSSELL BOYD",Hughes,1/1/5555,CAPITAL MURDER OTHER FELONY,2/10/2009,1/8/2008,LWOP
6428801,2267104,"ACOSTA,GUADALUPE",Dominguez,2/5/2028,AGG ASLT W/DWPN,5/30/2019,2/5/2019,9
6428891,2522295,"GONZALES,ANGEL ANTHONY JIMMY",Garza West,2/26/2027,UNAUTH USE VEH,9/4/2024,2/27/2024,3
6433328,1717089,"WALKER,BERNARD TROY",Vance,9/13/2033,MURDER,5/18/2011,9/13/2008,25
6434496,2610532,"PALMA,JOSE ROSARIO",Connally,2/9/2031,DWI 3RD/MORE REPEATER,3/26/2026,7/26/2025,12
6435116,2452372,"CERVANTES,MARIO",LeBlanc,3/24/2027,POSS WID CS PG1 1-4G,11/10/2022,5/17/2022,4
6435191,2520025,"DELEON,DERRICK KYLE",Dominguez,8/31/2026,EVADING ARREST DET CAUSE SBI,8/15/2024,5/14/2024,5
6435192,2506059,"SANCHEZ,PEDRO",Dominguez,8/7/2026,FELON POSS FIREARM,5/23/2024,2/6/2024,4
6435196,2552622,"BOCANEGRA,ROBERTO J III",Segovia,10/15/2026,UNL POSS FIREARM BY FELON,3/27/2025,10/15/2024,2
6435808,2594730,"HILL,JAMES K",Segovia,3/27/2028,THEFT PROP 2500 2/MORE PREV,10/13/2023,7/26/2023,3
6436148,2439941,"VILLALOBOS,NOE",Beto,6/1/2026,VIOL SEX OFF REG W/PREV CONV,12/16/2021,1/12/2021,5
6436834,1030711,"MARTINEZ,EDWARD",Estelle,5/16/2063,AGG SEX ASLT-CHILD,2/1/2001,6/15/1998,63
6436878,2423287,"MORALES,MARIO",McConnell,1/1/5555,CONTINUOUS SEX ABUSE CHILD,11/14/2022,9/15/2011,LWOP
6436941,2369061,"O'KEEFE,KRISTOPHER KAVIN",Hughes,2/5/2030,INJURY TO CHILD-BI-INT/KNOW,10/12/2021,3/30/2018,10
6437778,2570845,"SUAREZ,LILLIANA",Hilltop,6/19/2028,POSS CS PG1 4-200G,7/25/2025,5/31/2023,10
6439743,2519864,"HARDEN,KENITH",Jester III,10/29/2062,MURDER,8/20/2024,4/27/2022,40
6439987,2570198,"VODOCHODSKY,JEFFREY WAYNE",Pack,1/6/2029,POSS CS PG1 4-200G,4/13/2021,10/3/2019,4
6441467,1943845,"DOTSON,JASON CLAY",Hughes,10/23/2057,AGG SEX ASLT,4/21/2014,10/23/2012,45
6441836,2459412,"TELLEZ,ROSANNA",Hobby,6/1/2026,AGG ASLT AGNST PUB SERV,6/29/2023,3/27/2017,6
6442073,2537054,"THOMPSON,KENNETH WAYNE",Stringfellow,11/9/2027,MAN DEL CS PG1 4-200G,12/9/2024,5/23/2022,5
6442136,1457358,"MONTEZ,JACOB",Connally,1/1/9999,CAPITAL MURDER-OTHER FELONY,8/28/2007,7/23/2005,Capital Life
6443454,2461907,"CASTRO,GABRIEL",Clements,9/8/2026,DWPN IN PENAL INSTITU,8/4/2023,2/26/2023,4
6444094,2585894,"RODRIGUEZ,APRIL S",Plane,3/27/2027,THEFT PROP<$1500 2/M PREV CONV,10/21/2025,7/15/2023,1.5
6449245,2572700,"ARMIJO,APOLLO SILVERIO",Gist,7/10/2026,BURG HABIT INTEND OTHER FELONY,7/18/2025,2/4/2020,5
6451591,2550176,"FLORES,VICTOR",Stevenson,9/29/2028,POSS CS PG1/1-B 1-4G,3/10/2025,9/29/2024,4
6455188,1216899,"DOUGLAS,EMANUEL DELMAR",Stiles,12/30/2059,AGG ROBBERY,1/15/2004,10/17/2002,55
6455205,2590680,"GARCIA,VERONICA",Henley,10/6/2026,MAN DEL CS PG1 4-200G,7/23/2018,3/10/2017,5
6459006,2435076,"TELLO,MICHAEL ARRIAGA",Coffield,12/30/2026,FAIL STOP RENDER AID DEATH,2/13/2023,7/1/2019,10
6459836,2537040,"MORAN,NOEL ANGEL",Connally,9/1/2030,UNL POSS F/ARM,12/11/2024,7/20/2022,6
6460012,2479833,"BOWIE,JUAN YTI",Boyd,9/16/2045,AGG SEXUAL ASLT CHILD,12/4/2023,5/1/2017,25
6460695,2221500,"GUERRERO,GILBERT",Memorial,8/20/2029,AGG ASLT W/DWPN,9/10/2018,8/20/2017,12
6464404,2386661,"SAENZ,PEDRO JR",Ellis,5/4/2028,ROBBERY,3/10/2022,4/7/2020,7
6466914,1639982,"RIVERA,GEOVANY",Wynne,1/1/9999,MURDER,4/20/2010,1/29/2007,Life
6469179,2463774,"ALVARADO,JUAN GONZALES",Dominguez,10/1/2026,DWI 3RD OR MORE,8/15/2023,6/26/2022,8
6469621,2532664,"GARZA,JOE JR",Lopez,9/1/2026,UNL CARRY WPN W/FELONY CONV,11/25/2024,1/4/2024,6
6469945,2601896,"TREVINO,CHRISTOPHER JOHN",Dominguez,12/1/2026,INJ CHILD ELD DISA INT BI,10/31/2018,5/13/2018,3
6471619,2372513,"SINGLETERRY,RUBEN ANDREW",Torres,9/1/2026,ASLT FAM 2ND OFF,10/31/2019,1/14/2018,10
6473622,2485010,"PLEASANT,BRIAN",Garza East,10/16/2031,AGG ROBBERY,1/16/2024,3/23/2022,8
6475922,2463805,"VILLARREAL,MATTHEW ANGEL",Glossbrenner,8/12/2026,AGG ASLT W/DWPN,8/15/2023,2/10/2023,5
6476182,2397834,"TOVAR,ROSA ALYSSA",Young,2/23/2028,POSS WID CONT SUB PG1 4-200G,6/14/2022,6/19/2021,6
6476184,2520996,"COLEMAN,MARC ANTHONY",Segovia,2/1/2027,POSS CONT SUB WID 4-200G,9/3/2024,11/21/2023,5
6476200,2405371,"TOVER,DOMINGO",Willacy County,6/19/2026,AGG ASLT DW SBI DATE FAM,7/26/2022,9/3/2020,5
6476337,2574652,"GALLEGO,JOMAR LEE",Dominguez,12/1/2026,EVADING ARREST DET W/VEH,9/5/2024,1/24/2024,5
6477511,2550887,"ROMERO,KANRAD",Stringfellow,1/16/2039,INDEC CHILD SEX CONT,3/11/2025,5/10/2019,15
6477787,2296981,"SAWYER,ROBERT",Skyview,10/23/2038,INDECENCY W/CHILD CONTACT,12/5/2019,6/1/2016,20
6478705,1784385,"MCELHATTEN,JOHN C",Ellis,8/6/2040,AGG ROBBERY,4/19/2012,8/7/2010,30
6481597,2413328,"SOTO,ROBERT",Ferguson,11/1/2026,POSS WID CONT SUB PG1 4-200G,9/15/2022,9/1/2020,5
6483077,1210001,"COVERDALE,CARL",Dalby,6/1/2026,SEX ASSLT CHILD,11/21/2003,7/12/2002,25
6484002,2558546,"PRUITT,WANDELL JEREMY",Bell,9/12/2036,ROBBERY REPEATER,4/11/2025,5/31/2024,12
6485023,2613917,"WINDHAM,LINVEL THOMAS",Byrd,2/24/2028,FRAUD USE/POSS INFO ITEMS L/5,2/25/2026,1/15/2025,2
6486433,2516960,"JONES,CHRISTOPHER S",Segovia,11/27/2027,ASLT FAM 2ND OFF,6/10/2024,7/24/2023,4
6489178,2454899,"HALSEY,RANDY ALLEN",Travis County,2/4/2027,TAMP GOV REC,6/8/2023,3/16/2020,9
6492400,2485259,"CASTANEDA,ADOLFO",Cotulla,9/1/2026,UNL CARRY WPN W/FELONY CONV,1/16/2024,9/21/2023,5
6492432,2385906,"GIBBONEY,HAL CRUMBLISS",Wynne,8/21/2035,AGG SEX ASLT CHILD,3/15/2022,8/21/2020,15
6493524,2606485,"LUCIO,MICHAEL",Dominguez,10/5/2026,COLLISION INV PED CROSSWALK SBI,8/7/2023,10/6/2021,1
6495375,2578442,"MACIAS,JOSEFINA WENDY ALVARADO",Plane,10/12/2027,OBSTRUCTION OR RETALIATION,9/17/2025,7/19/2024,5
6495849,1585021,"SUMMERS,LARRY JAMES",Stiles,1/7/2038,AGG ROBBERY,7/7/2009,1/8/2008,30
6496942,1444365,"HURTADO,LIBORIO",McConnell,1/1/9999,ATT CAPITAL MURDER POLICE OFFICE,6/15/2007,12/22/2005,Life
6497143,2529240,"NEVAREZ,JEREMIAH",Estelle,8/24/2082,MURDER,10/24/2024,5/4/2022,60
6498224,2335498,"LYSSY,JOSH KYLE",Memorial,9/1/2026,DWI,1/6/2021,12/20/2019,12
6499459,2459770,"LOSOYA,OZZIE SANCHEZ",Connally,4/20/2038,AGG ROBBERY,7/21/2023,3/15/2022,16
6499514,2600643,"GARCES,STEVEN MANUEL",Willacy County,7/1/2040,AGG ASLT DW,1/14/2026,7/2/2022,18
6501515,2474727,"ROWE,KEVIN ALEXANDER",Ney,1/1/2027,FELON POSS FIREARM,10/24/2023,9/23/2023,6
6502921,2456637,"MARTINEZ,JONATHAN",Garza West,1/23/2028,AGG ASLT DWPN,7/6/2023,1/23/2023,5
6505690,2603022,"BARRERA,GUADALUPE SERNA JR",Dominguez,12/4/2027,POSS CS PG1 4-200G,2/16/2022,12/21/2020,3
6505922,2522272,"AGUILAR,RUBEN",Garza West,5/1/2030,EVADE ARREST,9/10/2024,4/30/2024,6
6506277,2473762,"SOTO,BONIFACIO",Briscoe,8/10/2029,ASLT FAMILY 2ND OFFENSE,10/16/2023,8/11/2021,6
6506586,2550179,"GOMEZ,BRYAN ANDREW",Torres,8/21/2027,INJ CHILD ELD DIS RCK BI,3/7/2025,8/21/2024,3
6507797,2588245,"ALEJANDRO,JESSE III",Connally,5/28/2027,TAMP/FAB PHYS EVID W/INT IMP,10/29/2025,2/26/2025,2
6509157,2512871,"CAMACHO,TEODORO",Dominguez,10/31/2026,ASLT FAM 2ND OFFENSE,7/8/2024,4/23/2023,6
6509546,2168679,"SAMPAYO,PATRICK",Byrd,5/8/2027,BURG HABIT-INT COMMIT ASLT,11/7/2017,8/16/2016,10
6509969,1982152,"GARCIA,HIPOLITO",Estelle,2/17/2030,AGG ASLT W/DWPN,2/6/2015,1/28/2015,15
6512169,1754938,"DOMINGUEZ,DYLAN",Dominguez,6/1/2026,AGG ROBBERY,11/28/2011,4/13/2002,25
6512748,2421414,"MATA,JOSEPH M",Willacy County,12/16/2048,AGG ROBBERY,11/8/2022,12/17/2018,30
6512801,2110559,"HEMPHILL,ERIC SCOTT",Lynaugh,5/29/2055,BURG HAB INT COMMIT FEL FORCE,1/13/2017,5/11/2015,40
6514545,2559109,"GUEL,JESSE BELIZARIO",Ney,9/25/2032,ONLINE SOLICIT MINOR SEX CONDUCT,5/8/2025,9/25/2024,8
6514856,2611498,"BOSQUEZ,HENRY JR",Dominguez,1/23/2027,THEFT PROP $2500,3/30/2026,1/2/2026,1
6515666,1616639,"CANNADY,JOSEPH NATHANIEL",Ney,1/1/9999,MURDER,12/21/2009,5/29/2008,Life
6516519,2490324,"GILLS,REGINALD LAWAYNE",McConnell,4/1/2028,ASLT-PEACE OFFICER/JUDGE-B,2/14/2024,4/2/2023,5
6517282,1953699,"GARCIA,SIMON RENE",Briscoe,8/13/2044,MURDER,8/19/2014,3/26/2012,30
6517325,2480152,"ALLEN,JOHN DAVID",Willacy County,2/5/2029,POSS CS PG1 1G-4GRAMS REPEAT,12/5/2023,11/14/2022,14
6517716,1142033,"CASIAS,JESSE",Stiles,1/5/2108,AGG ROBBERY,9/20/2002,1/6/2002,99
6518225,2505839,"JESSAMY,MALCOLM REY",Goree,1/13/2033,AGG ASLT W/DWPN,5/14/2024,8/25/2020,12
6518560,1975402,"BRANCH,ELTON ANTHONY",Connally,6/7/2038,AGG ASLT W/DWPN (REPEATER),8/25/2014,6/6/2013,25
6519013,1223945,"PEREZ,FRANCISCO U",McConnell,1/1/9999,CAPITAL MURDER,2/5/2004,2/21/2003,Capital Life
6519028,2422273,"DIAZ,JOE ALFRED",Hightower,4/4/2028,FELON POSS FIREARM REPEATER,11/4/2022,4/5/2022,6
6519129,2603606,"FEARCE,JEREMY",East Texas Treatment Facility,12/24/2026,ROBBERY,,8/27/2021,8
6526990,2437777,"LAW,JAMES PHILLIP",Smith,9/10/2027,AGG ROBBERY,2/28/2023,9/10/2022,5
6527126,2142976,"DIAZ,ALEX",Hightower,10/29/2047,VIOL BOND/PRO ORDER-ASLT/STLK,6/22/2017,9/10/2016,31
6530182,2519497,"FERNANDEZ,ELIZABETH GALLARDO",Coleman Work Facility,8/1/2026,POSS CS PG1 1G-4G,9/3/2024,1/15/2020,6
6530414,2455770,"LEMON,WARDELL",Torres,6/18/2033,INDECENCY W/CHILD CON,6/22/2023,1/1/2015,10
6530812,1856781,"MORRIS,JEREMY DAVID",Wynne,9/26/2040,MURDER,5/1/2013,4/4/2008,30
6530861,2598497,"ZAVALA,RUDY ANTHONY",Lychner,9/29/2030,POSS C/S 4-200G,12/14/2006,7/15/2004,20
6533146,2538102,"MANGUM,MARCUS",Dominguez,2/25/2039,BAIL JUMP FAIL APPEAR FEL,12/12/2024,11/28/2023,15
6533149,1447395,"LEWIS,IRESSE",Bartlett,5/12/2036,AGG ROBBERY,6/25/2007,5/12/2006,30
6533684,2220201,"ANGELES,CESAR",Estelle,1/1/9999,AGG ROBBERY,8/30/2018,4/11/2017,Life
6534172,2405631,"MCADAMS,JOHN MALCOLM",Kyle,11/18/2026,THEFT 2500-30K VEH,7/22/2022,7/20/2019,15
6534552,2559112,"HUERTA,DANIEL",McConnell,10/25/2036,ASLT FAM HOU MEM PREV CONV,5/6/2025,10/25/2024,12
6536976,1153003,"MARTIN,KENNETH D",Lychner,5/18/2052,MURDER,12/19/2002,8/6/2001,50
6540082,1857093,"TORRES,DAVID LEE",Allred,2/21/2028,AGG ROBBERY-ELDERLY,4/25/2013,2/7/2013,15
6540820,1660450,"BECERRA,RICARDO",Briscoe,9/23/2042,MURDER,8/10/2010,9/5/2009,33
6541648,2611814,"MITCHELL,CARLOS ESTEBAN III",Garza West,7/28/2027,POSS CS PG1/1B 1-4G,4/2/2026,10/2/2024,2
6544771,2548021,"RODRIGUEZ,ALBERT",Clements,10/22/2048,AGG ROBBERY,2/20/2025,10/19/2023,25
6546299,2473755,"MARTINEZ,MICHAEL BENJAMIN",Lychner,2/24/2027,ASLT PUBLIC SERV-BI,10/29/2020,9/3/2019,4
6548870,2550444,"ESCOBEDO,RUSSELL FABIAN",Lopez,9/22/2026,UNL POSS FIREARM BY FELON,3/14/2025,7/22/2024,5
6549359,2609320,"DELAROSA,LEWIS ANTHONY",Garza West,10/15/2030,UNL CARRY WPN W/FELON CONV,3/13/2026,2/26/2025,5
6549446,2545155,"WERNETTE,BRANDON JAMES",Lychner,12/27/2026,ASLT FAM/HSEHLD MEM PREV CONV IA,2/13/2025,6/24/2024,4
6550806,2362918,"HOUSTON,ERVIN DAMAIL",Torres,12/2/2029,INDECENCY W/CHILD CONTACT,9/9/2021,2/24/2019,10
6550866,1769712,"FONTANEZ,JOEL",LeBlanc,12/1/2026,ROBBERY,2/15/2012,6/14/2011,30
6551034,2365446,"RAMIREZ,JUAN DANIEL",Dominguez,11/16/2027,POSS CONT SUB PG1 4-200G REP,9/20/2021,3/26/2021,6
6551160,1763624,"CASTORENO,RENE",Michael,1/1/5555,CAPITAL MURDER OTHER FELONY,8/25/2011,10/10/2008,LWOP
6552283,1213036,"AVILA,EDIBERTO JESUS",Connally,1/1/9999,CAPITAL MURDER,10/31/2003,9/4/2002,Capital Life
6553664,2601479,"BROWN,MIKAL TIMOTHY",Dominguez,11/27/2026,UUV,1/29/2026,11/28/2025,1
6554757,1345008,"VILLARREAL,MANUEL",Lynaugh,7/16/2039,MURDER,1/3/2006,7/16/2004,35
6556100,2541196,"HERRERA,CHRISTOPHER",Willacy County,1/27/2033,INDEC CHILD CONTACT,1/27/2025,1/27/2025,8
6556193,2615203,"CASTILLO,SERGIO LUIS",Garza West,12/19/2035,AGG ASLT DW   Y,4/17/2026,12/19/2025,10
6556220,2516936,"AGUILAR,RAUL RAMIREZ",Hightower,7/19/2027,UNL CARRY WPN W/FEL CON,7/31/2024,7/19/2024,3
6556221,2553329,"VIDALES,DAVID JR",Hospital Galveston,4/10/2034,ASLT INT RCK BRTH CIRC,4/14/2025,4/7/2024,10
6556270,2561527,"RUIZ,SETH JOSIAH",Garza West,3/2/2027,DWI 3RD OR MORE,5/21/2025,2/27/2024,5
6556280,2610507,"BARRAGAN,DANIEL",Connally,1/1/9999,MURDER,3/26/2026,8/15/2021,Life
6556645,2445309,"REYES,ALEJANDRO LUIS",Hughes,6/7/2029,ROBBERY,4/18/2023,2/28/2022,7
6558140,2552885,"STIENMETZ,JEFFREY LYNN",Garza West,7/7/2026,POSS CONT SUB 4-200G,3/25/2025,6/15/2023,3
6559094,1651162,"PEREZ,RUDY",Allred,3/26/2049,MURDER,4/20/2010,10/21/2007,40
6559470,2535037,"HAGGARD,JAY LESLIE",Briscoe,6/12/2026,PROH SUBS/ITM IN CORR/CIV,12/2/2024,6/12/2024,2
6559697,2356992,"WEAVER,TIMOTHY WAYNE",Lewis,7/4/2031,AGG SEX ASLT-CHILD,7/6/2021,5/1/2012,12
6559792,2478915,"SAUCEDA,JASON GONZALES",McConnell,6/8/2042,ROBBERY,11/29/2023,6/8/2022,20
6559804,1883587,"NUNEZ,ARMANDO",Vance,5/25/2032,AGG ROBBERY,9/17/2013,9/5/2011,20
6559848,2542628,"KELLEY,ERIK C",Luther,12/10/2026,AGG ASLT W/DWPN,1/24/2025,11/18/2023,2
6561143,2530283,"GOMEZ,RICHARD",Briscoe,8/27/2029,UNL CARRY WPN W/FELONY CONV,10/30/2024,1/5/2023,5
6562378,2595679,"BROCK,KENDRICK",Garza West,6/20/2028,ASLT FAM/HSE MEM PREV CONV,12/17/2025,1/12/2025,3
6562932,2368435,"MARIN,ADAM R",Stringfellow,11/1/2026,FELON POSS FIREARM REP,10/6/2021,2/24/2021,7
6563872,2227085,"GOMEZ,MARIO ANTHONY",Lynaugh,12/15/2042,AGG ROBBERY,10/11/2018,12/15/2017,25
6564043,2490132,"MORGAN,LANCE DEVON",Stevenson,1/1/2034,AGG ASLT W/DEADLY WPN REPEAT,2/7/2024,7/20/2019,10
6564104,2395075,"MARTINEZ,MARK",Wainwright,12/6/2035,AGG ASLT DW,5/25/2022,12/6/2020,15
6564500,2128998,"HAMILTON,KEITH",Garza East,6/21/2027,ASLT FAMILY CHOKING/STRANGU,4/13/2017,9/5/2016,8
6566046,2494885,"PONCE,DEMETRIO JOHN",Hightower,2/10/2027,ONLINE SOLICIT MINOR-AROU/GRATI,3/13/2024,10/10/2023,8
6566435,2575392,"CHASE,LAURA ELIZABETH",Crain,3/12/2028,ROBBERY,7/21/2025,3/13/2025,3
6567399,2421413,"HENDERSON,BYRON CHRISTOPHER",Briscoe,1/5/2027,INJ TO CHILD-BI-INT/KNW,1/30/2018,9/10/2014,5
6568029,2425598,"MONTEZ,RICHARD ANTHONY",McConnell,1/1/5555,CAPITAL MURDER MULTIPLE PERSON,12/8/2022,2/3/2018,LWOP
6568105,2563322,"KELLY,DOMINIQUE",Stevenson,6/23/2032,AGG ASLT AGAINST PUB SERVANT,5/19/2025,6/15/2024,8
6568480,2468063,"PEREZ,KEVIN L",Ney,5/14/2046,MURDER,9/19/2023,12/29/2020,25
6568981,2465028,"GONZALES,NATHAN ALEXANDER",Torres,3/1/2027,POSS CS PG1 1-4G,8/24/2023,1/3/2023,6
6569075,2552637,"RUIZ,JOHNNY JR",Stevenson,4/22/2029,COLLISION INVOLVING DEATH,3/25/2025,2/5/2024,10
6569101,2529228,"COURVIER,RAY",Lopez,7/14/2026,POSS CS PG 1/1-B 4-200G,10/18/2024,10/24/2023,5
6569545,2511997,"HERNANDEZ,VALENTINO",Bartlett,2/11/2028,POSS FIREARM REPEAT,7/1/2024,1/25/2024,4
6570151,2520024,"CAZARES,HUMBERTO",Segovia,12/14/2026,INJ CHILD W/INT BI,8/19/2024,12/15/2023,3
6571255,2608291,"ZAVALA,DEREK",Garza West,5/24/2029,INVASIVE VISUAL REC,3/12/2026,10/23/2024,4
6571353,1099016,"SALAZAR,JOHN",McConnell,4/1/2027,MURDER,2/26/2002,1/28/2001,50
6573164,2481442,"COVARRUBIAS,CHRIS",Briscoe,10/27/2026,ASLT FAMILY CHOKING/STRANGU,12/7/2023,7/15/2017,3
6573259,2570404,"SOTO,ROBERTO JAIME JR",Dominguez,8/13/2026,ASLT FAM MEM,3/29/2018,8/30/2013,3
6573506,2482078,"ALCANTAR,JESSE",McConnell,12/28/2026,DWI 3RD/M,12/19/2023,7/14/2023,4
6574996,1958866,"BAILEY,STEPHEN RICHARD",Hughes,5/23/2053,MURDER,10/2/2014,9/18/2011,40
6575171,1178840,"PLEASANT,JERAIL BERNARD",Estes,6/1/2050,MURDER,7/2/2003,5/18/2002,48
6575193,1372886,"SETTLES,STEVE GEORGE",Connally,1/1/9999,AGG SEXUAL ASLT CHILD,3/31/2006,11/15/2004,Life
6575898,1610600,"AMAYA,MARIO",Stiles,7/4/2026,AGG ROBBERY REPEATER,11/9/2009,3/9/2008,18
6575987,2515790,"AUSTIN,TIMOTHY LYNNN JR",Ferguson,1/15/2027,POSS CS PG1 1G-4G,8/20/2024,2/28/2024,5
6576009,2341557,"RAMIREZ,AUGUSTINE SEGUIN",Telford,11/25/2027,FRAUD USE/POSS ID INFO 5-9 ITE,3/22/2021,7/19/2020,7
6576267,1342361,"SALAS,ALDO LEE",Garza East,1/23/2033,AGG ROBBERY,12/16/2005,6/11/2005,20
6576304,2301061,"ARREDONDO-BRAATEN,ALLEN ANTHON",Estelle,7/15/2054,AGG SEX ASLT,12/19/2019,12/4/2017,35
6576332,2044223,"GARCIA,DAVID LEE",Wynne,12/5/2038,MURDER REPEAT,1/11/2016,12/5/2012,26
6576374,2570401,"MORFORD,RONALD",Hughes,3/30/2109,AGG SEXUAL ASLT CHILD,7/11/2025,9/30/2019,85
6576630,2572709,"HERNANDEZ,DAVID",Willacy County,9/24/2030,POSS CS PG1 1-4G,7/18/2025,2/21/2024,6
6576930,1623590,"RAMOS,RONNIE ROCKY",Hughes,11/30/2075,MURDER,2/3/2010,11/30/2007,60
6577563,2602814,"ESCAMILLA,FELIPE ADAM",Dominguez,1/9/2030,CONT VIOL AGAINST FAMILY,1/27/2026,3/8/2025,10
6577568,2007087,"ORTIZ,CASSANDRA",O'Daniel,6/13/2044,INJ TO CHILD-SBI/INT/KNO,6/26/2015,6/14/2014,30
6578328,1425781,"MONTEZ,MICHAEL",McConnell,1/1/9999,CAPITAL MURDER,3/15/2007,7/23/2005,Capital Life
6578844,2487004,"EVANS,RICKEY MICHAEL",Willacy County,6/27/2026,"THEFT $2,500-$30,000 VEHI",1/26/2024,4/2/2023,7
6579950,2554368,"ALVARADO,MOISES GONZALEZ",Glossbrenner,8/19/2026,POSS CS PG1 1-4G,4/14/2025,5/1/2023,4
6580334,2516955,"GUTIERREZ,JUAN GILBERTO",Garza East,11/23/2041,SEXUAL ASSLT,8/7/2024,11/20/2010,20
6581412,2522433,"OJEDA,MARCOS",Clemens,10/11/2052,AGG ROBBERY,9/9/2024,10/7/2022,30
6583694,2585424,"HERNANDEZ,GABRIEL JR",Dalby,7/27/2030,EVADING ARREST DET W/VEH,10/15/2025,7/27/2025,5
6587283,1319467,"MCFARLAND,TESSIE",O'Daniel,1/1/9999,CAPITAL MURDER,6/4/2003,10/12/2000,Capital Life
6588483,2485255,"BATEMAN,PAUL ANTHONY",W. Scott,8/5/2053,MURDER,1/18/2024,8/6/2018,35
6590771,2588280,"RIOJAS,RAUL II",Dominguez,12/29/2027,FAIL COMP SEX OFF DUTY REG LIFE,10/16/2017,10/4/2016,3
6591110,1961524,"GOMEZ,RUDY JR",Briscoe,11/19/2030,POSS WID CONT SUB 4-200G,10/13/2014,5/16/2014,15
6596544,2483933,"DELUNA,SAMMY",McConnell,12/5/2026,POSS CS PG1 4-200G,10/30/2023,5/10/2021,3
6598226,2377369,"FUENTES,JUAN MANUEL",Garza West,10/29/2027,FELON POSS FIREARM,1/5/2022,5/14/2020,6
6599420,1570498,"CRUZ,ROBERT BAEZ",Connally,1/1/9999,MURDER,4/21/2009,3/5/2007,Life
6599480,1851152,"MORENO,GUADALUPE ALVAREZ",Smith,6/11/2027,AGG ASSLT W/DWPN,4/9/2013,6/10/2012,15
6600229,1548667,"LIGHTEARD,RODERICK",Memorial,2/16/2052,MURDER-RPTR,1/2/2009,2/6/2007,45
6600374,2207444,"MEDELLIN,EMILIO",Garza East,1/27/2029,BURG HABIT INT COMMIT ASLT,6/27/2018,11/23/2017,10
6600446,2589559,"VALLES,GEORGE JR",Willacy County,4/15/2029,ASLT FAM HSE MEM PREV,8/19/2025,6/17/2021,8
6601241,2449617,"ZAMORA,JULIAN",Hightower,4/7/2031,FELON POSS FIREARM,5/17/2023,9/29/2022,8
6602856,2589142,"CABRERA,GABRIEL",East Texas Treatment Facility,9/17/2026,ASSAULT PUBLIC SERVANT,,9/23/2024,10
6603274,2366963,"PARKER,DAVID ERIC",Beto,12/25/2035,ROBBERY,9/24/2021,8/25/2020,15
6603282,2561686,"VILLARREAL,MELISSA CRUZ",Plane,2/5/2027,POSS CS PG1/1B 200G-400G,6/5/2025,6/29/2024,6
6603721,1079690,"EMBREE,JAMES CHARLES",McConnell,12/16/2099,MURDER,12/6/2001,12/16/2000,99
6604382,2504640,"GARCIA,PETE",Willacy County,2/8/2032,FELON POSS FIREARM,5/20/2024,3/11/2023,8
6604993,2296165,"ESTRADA,ALEXANDER",Glossbrenner,11/21/2026,AGG ASLT W/DWPN-SBI/FAM/DAT,11/21/2019,10/1/2016,10
6605147,2554387,"ROGERS,SAMUEL LEE JR",Beto,7/9/2026,POSS CS PG1/1-B L/1G,4/14/2025,11/11/2024,2
6605191,2429964,"VALADEZ,ROLANDO R",Hamilton,7/24/2026,POSS CONT SUB PG1 4-200G,1/13/2023,7/17/2021,8
6607387,1723022,"LOPEZ,JOSEPH ANTHONY",Chasefield Wilderness,10/21/2032,AGG ROBBERY,5/17/2011,8/21/2009,22
6607403,2389464,"CONTRERAS,ANDRES E",Dominguez,11/18/2027,EVADE ARST/DETN W/VEH,4/20/2022,8/3/2021,5
6607929,2454898,"GARZA,RAMON GONZALES",Stiles,6/4/2030,INDECENCY W/CHILD CON,6/14/2023,12/1/2013,7
6608324,1552744,"SAUCEDA,JESSE",Bartlett,3/1/2057,AGG ROBBERY,1/30/2009,10/31/2006,50
6608903,2541324,"ROSE,DEMAINE T",Stringfellow,6/13/2028,POSS CS PG 1/1B 4G-200G,1/16/2025,9/4/2024,4
6609212,2522588,"REYES,LEROY",Clements,2/27/2031,BURG BUILDING,9/18/2024,2/28/2024,3
6610191,2535051,"VASQUEZ,MATTHEW LEE",Willacy County,1/28/2027,AGG ASLT W/DW,11/18/2024,1/29/2024,3
6612548,2591901,"SARABIA,NICHOLAS ANTHONY",Dominguez,10/5/2028,EVADING ARREST DET W/VEH,11/19/2025,7/13/2025,7
6612916,2532175,"MARTINEZ,ARTHUR",Dalby,5/22/2031,AGG ASLT W/DWPN,11/19/2024,11/25/2020,8
6613370,2595399,"DIAZ,CELESTE MARIE",Marlin,12/1/2026,POSS CS PG1 1-4G,3/25/2022,7/30/2019,3
6613395,2572718,"SILVA,CEASAR",Lopez,12/22/2034,VIOL BND/PRO ORD 2/M W/I 12M,7/25/2025,11/2/2022,10
6613663,2227770,"REYES,GENEA",Hobby,1/24/2048,AGG SEX ASLT CHILD,10/24/2018,6/1/2015,30
6613742,2090708,"LENIUS,ZACHARY WADE",McConnell,2/3/2076,MURDER,9/9/2016,11/29/2014,60
6614108,1765421,"CARROLL,WILLIAM",Allred,11/10/2060,ATT CAPITAL MURDER POLICE OFF,1/24/2012,11/11/2010,50
6614137,2596332,"HERNANDEZ,ROY",Dominguez,8/1/2026,DWI 3RD OR MORE,4/9/2025,10/5/2024,4
6615239,1556880,"HILLS,WILLIE RAY",McConnell,12/1/2032,MURDER,2/12/2009,9/19/2007,25
6615243,2554375,"FLORES,JAIME ALBERT",Hamilton,10/1/2026,ASLT PEACE OFFICER,4/14/2025,1/28/2025,2
6616226,2436078,"GARCIA,OMAR",Willacy County,3/1/2027,DWI 3D/M,2/14/2023,6/30/2021,8
6616524,2613030,"MORENO,RUBEN C",Garza West,12/20/2027,POSS CS PG 1/-1B 4-200G,4/13/2026,6/3/2025,2
6618090,2456629,"GOMEZ,SIMON",Memorial,7/31/2026,ASLT FAMILY CHOKING/STRANGU,6/28/2023,5/25/2021,9
6618443,2403180,"GUERRA-GARCIA,CESAR",Ney,9/9/2030,AGG ASLT W/DWPN,7/19/2022,2/28/2021,9
6618895,2485261,"DE LA FUENTE,GILBERT",Dominguez,8/9/2027,POSS CS PG1 4-200G,1/10/2024,12/14/2022,4
6620595,2613786,"TIETZ,DENISE",Plane,3/15/2028,POSS CS PG1 4G-200G,4/6/2026,3/9/2021,5
6621129,2550866,"CANNON,ERIC",McConnell,9/18/2030,ROBBERY,5/2/2024,8/1/2022,8
6621368,2392193,"CEDILLO,FABIAN",Lewis,10/8/2031,AGG ROBBERY,4/18/2022,5/16/2021,10
6623207,2560258,"RAMOS,MALLORY",Marlin,7/8/2026,POSS CS PG1/1-B 1-4G,5/23/2025,11/22/2024,4
6624249,2475468,"JOHNSON,DAVID LEE",Bartlett,10/20/2031,POSS CS PG1 L/1G,10/24/2023,2/26/2019,8.6
6624438,2599525,"FAVELA,JOE ANTHONY",Cotulla,7/17/2033,MAN/DEL CS PG1 4-200G,1/20/2026,2/7/2024,8
6624439,1803314,"PELAYO,ROBERT CHRISTOPHER",Smith,9/28/2030,MURDER,8/6/2012,9/26/2010,20
6624580,2609571,"GODINA,ROBERT ANTHONY",Garza East,4/1/2027,POSS CS PG1/1-B 1-4G,3/18/2026,12/25/2025,2
6625233,2429762,"GUTIERREZ,KRISTIE LYN",Plane,7/16/2029,INJURY CHILD SBI INTENT/KNO,1/11/2023,11/8/2020,7
6625479,2605019,"GARCIA,JONATHAN AMOS JELANI",Garza West,12/1/2026,ARSON,2/9/2026,10/6/2024,5
6626634,2489056,"BARNES,CLINTON JR",Stevenson,10/7/2035,FELON POSS FIREARM,2/1/2024,10/7/2023,12
6628455,2593426,"GUERRA,AARON ANGELO",Garza West,4/1/2027,POSS CS PG1/1-B 1-4G,12/2/2025,5/1/2025,4
6628877,2586009,"GUTIERREZ,CHRISTOPHER ALEXANDE",Dominguez,6/26/2026,THEFT PROP <$2500 2/M PREV CONV,10/6/2025,10/7/2024,1
6633691,2563329,"OJEDA,JOE A",Gist,6/11/2026,EVADING ARREST DET W/VEH,5/20/2025,6/8/2023,3
6634149,2550455,"JUAREZ,MACARIO ANTONIO",Johnston,7/15/2026,POSS CS PG1 1-4G,3/12/2025,9/6/2023,4
6634193,2557407,"CLAIRE,RAYMOND GUERRA",Torres,1/28/2029,AGG ASLT W/DWPN,4/21/2025,10/14/2024,4
6634945,2535867,"FUENTES,JERRY VELA",McConnell,5/22/2032,UNL CARRY WPN FEL CONV,12/6/2024,5/22/2024,8
6634950,2394287,"SHERROD,DEREK WAYNE",McConnell,12/1/2026,AGG ROBBERY,5/16/2022,11/1/2021,6
6635765,2604544,"FUENTES,MICHELLE",Young,6/9/2030,ROBBERY,1/5/2018,9/25/2017,10
6635953,2601897,"TREVINO,JONATHAN",Ellis,1/31/2027,BURG HABIT,2/2/2026,1/10/2025,3
6638273,1914562,"PEREZ,CHRISTOPHER",Clemens,2/10/2028,DWI,2/24/2014,8/31/2013,12
6638744,2005052,"WILLIAMS,RONNELL",Lychner,4/30/2028,MURDER,6/1/2015,2/14/2013,13
6638800,2390540,"ZUNIGA,DANIEL ALEXANDER",Garza West,11/3/2037,AGG SEX ASLT CHILD,4/19/2022,5/8/2019,18
6639627,2207445,"MEYER,GEORGE D",Huntsville,10/7/2057,AGG SEXUAL ASLT-CHILD,6/29/2018,10/7/2017,40
6639672,2558550,"ROTH,GREGORY S",Cotulla,7/10/2028,POSS OF CHILD PORN,4/29/2025,6/25/2022,8
6640030,2524694,"FLORES,RUBEN ALEX",Briscoe,3/21/2028,FELON POSS FIREARM,7/10/2023,2/17/2023,5
6641044,2478901,"LITTLE,DEREK ANTOINE",Torres,4/22/2027,POSS W/I DEL CS PG1 1-4G,11/29/2023,1/15/2023,10
6641858,2363703,"CATENA,JAMES ANTHONY",Havins,10/27/2026,POSS W/I DEL PG1 200G-400G,9/7/2021,10/5/2020,10
6642054,2588286,"SHOLTS,JOSEPH RAYMOND",McConnell,5/12/2028,FAIL COMPLY SEX OFF REG PREV,10/28/2025,5/13/2025,3
6643709,2378737,"ARANDA,MARTIN",Stringfellow,6/1/2026,INDECENCY W/CHILD CONTACT,1/10/2022,6/13/2017,5
6644415,1137170,"MCCALL,KATRINA FRANCINE",Murray,1/1/9999,MURDER,10/25/2002,4/6/2001,Life
6645303,2516114,"WALKER,TRAVIS",Goree,3/1/2027,COLLISION INVOLVING INJURY,8/2/2024,9/30/2019,4
6645733,2246267,"MANN,RAYMOND WILLIAM",Briscoe,8/26/2038,AGG ASLT PUBLIC SERVANT,2/7/2019,2/26/2017,20
6648214,2028040,"RATHEY,GERALD LEE",Dalby,2/1/2027,ABANDON CHILD-RISK BI,10/5/2015,4/9/2015,25
6649995,2368432,"LEYVA,JESUS SANTOS",Estelle,10/4/2032,AGG ROBBERY,10/5/2021,10/5/2019,13
6650103,2103847,"SALAZAR,PAUL",Connally,10/13/2071,CONTINUOUS SEX ABUSE CHILD,10/18/2016,2/1/2011,35
6650282,2409463,"ZERTUCHE,JOHNNY CHARLES",Vance,1/7/2034,AGG ASLT SBI,8/16/2022,11/21/2021,12
6650289,2482961,"GARCIA,TALANO",Segovia,9/20/2027,POSS CS PG1 4-200G,12/20/2023,9/20/2023,4
6650298,1987698,"NAVARRO,EDDIE JOE",Estelle,8/19/2026,AGG ASLT AGAINST PUBLIC SERVANT,3/3/2015,8/19/2014,12
6650445,2539262,"HERNANDEZ,ROBERT MICHAEL",Torres,1/14/2027,INJ ELDERLY PERSON W/I BI,10/4/2023,3/23/2023,6
6650642,2470118,"JONES,LYNDELL LAMONT",Hamilton,6/8/2026,FELON POSS FIREARM,9/29/2023,6/16/2021,7
6651374,1580665,"ROMO,RAYMOND",Memorial,10/22/2040,MURDER,6/16/2009,4/20/2008,25
6653534,2296971,"REESE,ROYCE CLARENCE JR",Allred,11/15/2046,MURDER-HABITUAL,12/2/2019,11/8/2016,30
6655086,2309175,"WILLIAMS,ANTHONY",Connally,10/15/2036,AGG ROBBERY,1/10/2020,10/16/2018,18
6655109,1265480,"RAMOS,GILBERT RAY",Connally,1/1/9999,MURDER,9/2/2004,2/27/2003,Life
6655952,1720176,"HERNANDEZ,RICARDO L",Wainwright,1/1/5555,CAPITAL MURDER OTHER FELONY,5/19/2011,4/25/2009,LWOP
6655978,2528378,"SANDOVAL,FERNANDO M",Ellis,9/5/2027,EVADING ARREST,10/15/2024,6/16/2024,5
6656017,2394837,"DELACRUZ,RUDY ANTHONY",Wynne,11/24/2038,ENGAGE ORG CRIM ACT,5/18/2022,5/25/2019,17
6659072,2608288,"PHARR,MICHAEL ROBERT",Garza West,7/10/2040,AGG ROBBERY,3/10/2026,7/11/2025,15
6659834,2576713,"GONZALES,TOMMY LEE",Stevenson,12/1/2032,ASLT INT/RCK BRT/CIR FAM MEM PRE,8/19/2025,5/28/2024,8
6660133,2588860,"BARBER,ERIC BRANDON",East Texas Treatment Facility,9/12/2026,POSS CS PG 1/1-B >=1G<4G,,7/4/2022,5
6660145,1753781,"WILKERSON,CATLIN",Stiles,12/28/2060,AGG SEX ASLT,10/31/2011,12/11/2010,50
6660426,2545957,"GARZA,MARTIN",Gist,7/24/2026,POSS CS PG1 1G-4G,2/20/2025,12/7/2022,4
6660440,2413535,"RODRIGUEZ,RAMON",Connally,9/17/2033,FELON POSS F/ARM HAB,8/17/2022,5/18/2022,25
6663190,1858090,"LOPEZ,RICHARD M",Daniel,4/30/2030,SEX ASLT,5/3/2010,10/7/2008,20
6664523,2396586,"CONTRERAS,JOSEPH SANCHEZ",Stevenson,9/28/2045,AGG ROBBERY,5/26/2022,9/28/2020,25
6665370,2412136,"PEREZ,ADRIAN",Hutchins,6/1/2026,BURG HAB INTENT COMMIT ASLT,9/2/2022,2/28/2022,8
6665909,2591874,"CASIAS,ALEX",Segovia,2/7/2027,AGG ASLT DW,11/21/2025,1/22/2025,2
6666010,2587280,"ZEPEDA,RENE MITCH",Glossbrenner,6/5/2026,FORG COMM INST/CHECK HAB,9/11/2023,12/9/2019,8
6666284,2372466,"SALAS,JANICE",Halbert,7/3/2026,POSS CONT SUB PG1 4-200G,11/16/2021,9/2/2015,5
6667034,1644103,"TREJO,ERIK VASQUEZ",Powledge,4/30/2049,MURDER,5/7/2010,5/24/2007,39
6667387,2400581,"HUERTA,HENRY ANTHONY",Smith,2/1/2027,POSS WI DEL CONT SUB PG1 4-200G,6/29/2022,3/2/2021,8
6667598,2526461,"GATICA,RUDY",Briscoe,4/4/2049,AGG SEX ASLT CHILD,10/3/2024,4/1/2020,25
6668384,2480169,"MARTINEZ,JAVIER",Garza West,4/21/2028,FELON POSS F/ARM,12/7/2023,4/22/2023,5
6668989,2610539,"TONEY,JAMES MARVIN JR",Garza West,3/3/2028,POSS CS PG1/1B 4-200G,3/25/2025,1/2/2025,2
6670063,2071956,"ALCORTA,MINERVA",Hobby,6/7/2031,MURDER,6/13/2016,11/22/2013,15
6674117,1806019,"SANCHEZ,ALBERTO W",Stringfellow,3/13/2030,SEXUAL ASSAULT-REPEATER,8/13/2012,7/13/2011,18
6674551,2540496,"HAWKINS,FLOYD",Ney,3/1/2027,FAIL COMPLY SEX OFF DUTY REG LIF,1/14/2025,8/16/2023,4
6674572,2597473,"GARCIA,MICHAEL A",East Texas Treatment Facility,11/11/2026,POSS CS PG 1/1-B >=1G<4G,,2/16/2025,5
6675152,2196029,"GUZMAN,MARK ANTHONY",Willacy County,12/1/2026,BURG HABIT W/INT COMMIT ASLT,4/17/2018,6/17/2017,10
6677285,2474565,"RODRIGUEZ,RICHARD FALCON",McConnell,3/29/2027,POSS W/I DEL CS PG1 4G-200G,10/26/2023,5/20/2023,7
6677365,2477426,"MONTOYA,AMANDA MARIE",Crain,9/18/2028,AGG ASLT W/DWPN/SBI FAM DATING,12/4/2023,3/24/2016,5
6678460,2460789,"VIELMA,CURTIS DAVIS",McConnell,6/9/2040,SEX ASLT CHILD,7/31/2023,6/10/2022,18
6680338,2125183,"CAMPOS,RAMIRO RANGEL",Duncan,6/22/2041,MURDER,3/27/2017,12/24/2013,25
6680635,2461925,"TRISTAN,LEONARD",McConnell,3/23/2030,FELON POSS FIREARM REPEAT,8/7/2023,3/8/2023,13
6681448,2464855,"SALCEDO,RYAN ANTHONY",Connally,10/1/2027,POSS CS PG1 4GRAMS-200GRAMS,1/5/2021,4/15/2020,3.5
6681730,1800539,"LUNA,OBED",Stevenson,11/21/2027,POSS WID CONT SUBS 4-200G,7/13/2012,12/13/2011,13
6681920,1457350,"JESSAMY,VINCENT",Wynne,5/16/2041,MURDER,8/20/2007,5/7/2006,35
6683510,1590636,"MORIN,RUBEN",McConnell,6/23/2082,MURDER,7/6/2009,6/24/2007,75
6684246,2606155,"DELOSREYES,OSCAR M III",Garza West,8/1/2026,OBSTRUCTION OR RETALIATION,2/20/2026,9/18/2025,2
6684858,1661562,"SCIMECA,MICHAEL R",Polunsky,7/13/2035,AGG ROBBERY,8/10/2010,10/8/2009,25
6686486,2588253,"FLORES,JACOB",Dominguez,12/11/2026,UNL CARRY WPN W/FELONY CONV,10/27/2025,8/5/2024,5
6686513,2164981,"VILLARREAL,ALFRED RAY",Stiles,5/3/2032,FELON POSS F/ARM,10/20/2017,5/4/2017,15
6688537,2251196,"LEWIS,QUENTIN LAMAR",Michael,9/2/2048,AGG ASLT W/DW REPEAT,2/26/2019,6/8/2016,30
6689372,2178236,"WILLIAMS,ISSAC",Robertson,11/9/2066,CONTINUOUS TRAFF OF PERSONS,12/4/2017,12/22/2014,50
6692708,2574852,"GARZA,FELIX M",McConnell,2/23/2027,POSS CS PG1/1-B 1-4G,8/8/2025,11/11/2024,2
6692943,2602836,"SALINAS,JUAN CARLOS",Garza West,2/1/2027,INJ CHILD/ELD/DIS W/INT BOD INJ,2/3/2026,12/29/2025,3
6693700,1168257,"MORALES,JAMES ANTHONY",Jester III,3/31/2027,AGG ROBBERY W/DDLY WPN,4/3/2003,12/27/2000,20
6695818,2237175,"CARMONA,BOBBY",Diboll,8/28/2030,AGG ASLT W/DDLY WPN,12/3/2018,3/9/2018,12
6695860,2592831,"CARDENAS,CHRISTAL ANGEL",Hilltop,8/23/2026,POSS CS PG1 4-200G,4/5/2022,2/19/2017,2
6697157,1697887,"AHRENS,THOMAS",Boyd,2/27/2053,MURDER,1/20/2011,2/5/2008,45
6697949,2478195,"LOPEZ,RAUL",Connally,9/3/2028,POSS PROH FIREARM SHORT-BARREL,11/16/2023,7/31/2023,10
6698750,2111877,"BROWN,OLICE E",McConnell,12/31/2074,MURDER,1/11/2017,12/12/2014,60
6698860,2178695,"SANCHEZ,BRENDA",Hobby,6/12/2057,MURDER,1/30/2018,10/10/2016,40
6699417,2468012,"BARRIENTES,MANUEL",McConnell,10/8/2030,AGG ASLT W/DWPN,9/6/2023,11/4/2021,8
6699738,2478218,"VASQUEZ,RAYMOND",Torres,12/1/2026,ASSLT FAM CHOKE/STRANGLE,11/13/2023,6/12/2022,5
6699776,1696573,"JOHNSON,TORRANCE JIJUAN",Connally,3/27/2032,INJURY TO CHILD SBI INT/KNO,1/26/2011,6/3/2009,20
6701072,2593425,"GORDON,WILLIAM CLARK",Segovia,2/1/2027,BURGLARY OF BUILDING,12/2/2025,6/16/2025,3
6702645,2611809,"GUTHRIE,RESON WILLIAM",Garza West,2/1/2027,ROBBERY,4/1/2026,9/3/2025,2
6702745,2463429,"GOMEZ,PENNIE",Hobby,1/11/2035,MANSLAUGHTER,8/24/2023,1/11/2023,12
6702982,2358458,"GUENTHER,FREDERICK JASON",Coffield,9/7/2033,AGG ASLT W/DDLY WPN,7/23/2021,9/7/2020,10
6703574,2194527,"GROME,FRANCES ANTHONY",Connally,6/6/2062,MURDER,4/12/2018,6/6/2016,40
6704224,2599379,"MARTINEZ,CHRISTOPHER JOHN",Dominguez,12/19/2026,THEFT PROP <$2500 2/M PREV CONV,1/12/2026,7/17/2024,1
6704900,1720202,"LURIA,AUSENCIO JIMENEZ",Hughes,11/6/2061,AGG SEX ASLT ELDERLY/DISABLED,5/31/2011,10/17/2009,52
6706565,2600453,"PEREZ,PATRICK JOSEPH",Dominguez,6/3/2026,POSS CS PG1/1-B<1G,1/16/2026,8/30/2025,0.7
6706888,1126269,"HUERTA,HENRY",Dalhart,6/13/2029,AGG SEXUAL ASLT-CHILD,8/26/2002,3/15/1998,28
6706889,2516110,"PENA,ERNESTO TREVINO",Stringfellow,1/28/2029,ARSON,10/26/2016,2/3/2016,7
6708340,1363368,"RODRIGUEZ,ROLAND",Dominguez,2/23/2028,AGG ROBBERY,4/4/2006,4/15/2005,20
6708498,2285901,"HAWKINS,JOHN MICHAEL",Willacy County,1/1/2027,EVAD ARREST/DET W/VE,9/30/2019,2/8/2019,8
6709252,2374436,"TORRES,JON ERIK",Torres,3/27/2031,AGG SEX ASLT CHILD,12/7/2021,1/1/2012,12
6711088,1606337,"LOPEZ,LUCIANO",Clements,2/23/2032,AGG SEX ASLT CHILD,10/23/2009,9/16/2008,20
6711557,2468960,"DE LA O,RICARDO",Garza West,10/17/2032,AGG SEXUAL ASLT,9/22/2023,10/9/2022,10
6714082,2601685,"BAILEY,MICHAEL JAMES",Garza West,4/27/2028,ASLT FAM/HSE MEM IMP BRTH/CIRC,1/16/2026,3/14/2023,3
6714098,2583589,"GUTIERREZ,VICTOR",Ellis,7/1/2026,POSS CS PG1 1-4G,2/3/2022,7/26/2020,2
6714510,1894470,"WHITLEY,LATRAY M",McConnell,1/1/9999,MURDER,5/10/2013,11/8/2009,Life
6719097,2600650,"IBARRA,JOSEPH",Garza East,4/13/2028,EVAD ARR DET VEH,1/15/2026,12/23/2025,5
6719748,2529961,"ROSAS,JUNE MARIE",Plane,9/12/2029,THEFT PROP L$2500 2/MO PREV CONV,11/4/2024,10/30/2023,5
6720551,2325522,"GARCIA,ALFREDO",Hughes,5/28/2028,ASLT FAMILY 2ND OFFENSE,10/2/2020,8/12/2018,9
6720810,2415569,"CANO,ROGER JR",McConnell,9/4/2031,AGG ROBBERY-REPEAT,9/27/2022,7/27/2021,10
6723780,2495254,"MATHIS,KEVIN TODD",Connally,8/6/2029,AGG ASLT DW,3/8/2024,8/7/2023,6
6726459,2531959,"CALVA,JACOB CASTILLO",Torres,7/24/2027,TAMPER/FAB PHYS EVID W/INT IMP,11/13/2024,7/24/2024,3
6727205,2583601,"URDIALEZ,JONATHON",Torres,12/28/2028,UNL POSS F/ARM BY FELON,10/1/2025,4/19/2025,8
6729123,1771160,"ZAVALA,JOSE A",Roach,6/23/2051,AGG SEX ASLT ELDERLY/DISABLED,2/24/2012,4/2/2011,40
6731421,1230580,"ESPINOZA,YVONNE MARIA",O'Daniel,3/22/2063,INJURY TO CHILD/SBI,2/19/2004,3/14/2003,60
6731857,2609561,"CALDERON,MICHAEL",Willacy County,2/28/2029,FELON POSS FIREARM,7/5/2018,4/18/2017,14
6733719,2195999,"BARAJAZ,ANDY",Smith,12/2/2027,DEADLY CONDUCT-F/ARM,4/19/2018,4/10/2014,10
6733726,2520756,"BARAJAZ,JOE JR",Dominguez,7/17/2029,AGG ASLT W/DW,7/3/2024,12/31/2021,6
6734869,2610509,"BOTELLO,JOSEPH",Garza West,10/12/2030,UNL POSS FIREARM BY FELON,3/25/2026,10/12/2025,5
6734879,2455767,"JACKSON,DESMOND MONTRELL",Stevenson,5/26/2028,SEX ASLT,6/30/2023,1/13/2021,6
6734934,2587889,"PETERS,NEIL EUGENE",Briscoe,11/12/2032,POSS CS PG1/1B 4-200G,3/6/2025,11/11/2024,8
6734938,2123916,"FLORES,RAUL",Ferguson,9/10/2030,AGG ROBBERY,3/16/2017,9/11/2015,15
6735717,2507139,"VALDEZ,RAYMOND",Clemens,2/16/2030,ROBBERY,5/29/2024,2/17/2024,6
6735999,2347288,"HARRIS,ROBERT",Lewis,9/19/2044,AGG SEX ASLT CHILD,4/12/2021,9/1/2019,25
6736765,2535880,"SORIANO,ROBERT",Willacy County,8/15/2029,AGG ASLT DW,12/11/2024,6/10/2023,6
6736792,2593137,"PESINA,GRACIANO",East Texas Treatment Facility,10/14/2026,MAN DEL CS PG 1 >=4G<200G,,4/17/2023,5
6736919,2401685,"IBARRA,JOE RICHARD",Memorial,11/12/2039,AGG ROBBERY,6/21/2022,8/21/2019,18
6737169,2164976,"SANCHEZ,LUIS MANUEL",Michael,11/30/2058,MURDER (HABITUAL),10/23/2017,10/10/2016,38
6738148,2543499,"ENRIQUEZ,CAMILO",Ferguson,12/24/2026,POSS METAL/BODY ARMOR BY FELON,1/28/2025,12/10/2023,7
6739758,2574657,"SALAZAR,ARMANDO",Torres,7/14/2030,INDEC CHILD SEX CONT,7/23/2025,8/1/2019,5
6743481,2526456,"CRUZ,LEONARDO",Jester III,9/24/2044,AGG ASLT W/DW,9/24/2024,10/10/2017,20
6743578,2071240,"DELAGARZA,MICHAEL RAY",Torres,4/25/2030,AGG SEXUAL ASLT CHILD,5/31/2016,6/15/2014,11
6743583,2453722,"RODRIGUEZ,RONALD ROLAND",Hughes,7/1/2026,ASLT FAM 2ND OFF,3/6/2023,2/19/2022,8
6743959,1963956,"MARTINEZ,JASON",Dalhart,6/24/2038,AGG SEX ASLT CHILD,10/27/2014,4/16/2006,25
6745711,2535884,"VEGA,JESSE JR",Diboll,12/15/2027,EVADING ARREST DET W/VEH,12/9/2024,11/7/2023,8
6745815,2483950,"STEWART,ERIC JAMARR",Garza East,10/27/2033,SEXUAL ASLT CHILD,1/5/2024,7/1/2021,10
6746751,2285941,"TORRES,JULIO JECONIAH",Goree,9/11/2030,EVADING ARREST/DET W/VE,9/30/2019,9/11/2018,12
6746864,2009343,"VALADEZ,RAMON",Wainwright,6/13/2040,INJURY CHILD-SBI-INT/KNO,6/29/2015,6/14/2014,26
6746986,2371920,"FUENTES,JOHN ALAN",Smith,3/1/2027,PROMO CHILD PORN,11/4/2021,4/6/2020,12
6747259,2408317,"GARCIA,DAVID WAYNE",Connally,8/27/2045,AGG ROBBERY,8/15/2022,8/27/2020,25
6749034,2485016,"SPROUSE,BRANDON WILLIAM",Michael,6/17/2028,THEFT $30K-$150K REPEATER,1/3/2024,3/4/2023,12
6749569,2396618,"SPRINGS,DONALD RAY",Briscoe,11/19/2031,POSS/WID CONT SUBS PG2-A 1-4G,6/1/2022,9/17/2019,25
6749976,2576723,"PINA,JIMMY",Willacy County,4/21/2027,AGG ASLT W/DDLY WPN,8/15/2025,8/5/2024,2
6751228,2613284,"QUINONES,ROBERT JAMES",Garza West,4/12/2035,UNL POSS FIREARM FELON,4/8/2026,4/12/2025,10
6751454,2495249,"HENDERSON,THOREN LEE",McConnell,8/11/2026,EVAD ARR DET VE,3/12/2024,11/20/2023,5
6752778,2353661,"TRAYLOR,AARON DOMINIQUE",Stevenson,11/29/2053,AGG ROBBERY,6/22/2021,11/29/2018,35
6753341,2354526,"DAVID,EUGENE",Dominguez,8/14/2026,POSS WID CONT SUBS PG1 4-200G,6/25/2021,6/8/2020,10
6756887,2564356,"TAGLE-SMITH,LOUIE ANTHONY",Dominguez,3/11/2030,MAN DEL CS PG1 4-200G,6/2/2025,3/11/2025,5
6757025,2369043,"CUEVAS,GARRETT",Kyle,7/21/2026,ROBBERY,10/12/2021,9/25/2019,8
6757348,2614152,"GARZA,RENE DAVID",Garza West,12/13/2027,EVAD ARREST DET W/VEH,4/15/2026,12/13/2025,2
6758549,1126270,"MAYFIELD,TIMOTHY",Stiles,1/1/9999,SEX ASLT (REPEATER),8/21/2002,6/24/2000,Life
6759328,2053556,"ARCHULETA,ROGELIO Z",Luther,10/17/2047,INJUR CHILD-SBI-INTENT/KNO,3/1/2016,10/13/2012,35
6759395,1995704,"ONEAL,WALLIE LEE",Hughes,3/11/2031,AGG ROBBERY,4/21/2015,3/11/2015,12
6759937,2502445,"ADAMS,DOMINICK KC",Bell,1/9/2028,AGG ROBBERY,5/1/2024,3/3/2021,5
6761305,1188221,"ESCAJEDA,LUIS SORIA",Clemens,1/1/9999,BURG HABIT W/I COMM FEL,3/3/2003,9/17/2001,Life
6762579,2606170,"OCHOA,JOSEPH ANTHONY JR",Dominguez,6/28/2028,POSS CS PG 1/1-B 1-4G,2/23/2026,9/19/2025,6
6762685,2595694,"PETERSON,LEROY",Lopez,2/10/2035,UNL POSS FIREARM FELON,12/17/2025,2/11/2025,10
6765780,1414770,"SALINAS,NICHOLAS",Memorial,6/1/2026,MURDER,2/9/2007,11/23/2002,40
6765799,2513414,"ISAAC,VANESSA ANN",Plane,8/21/2031,AGG ROBBERY,7/31/2024,8/21/2023,8
6766318,2576046,"RAMIREZ,HECTOR M",Garza East,6/23/2028,ASLT FAM/HSE MEM PREV CONV,2/19/2025,2/16/2024,4
6766587,2375436,"GOMEZ,JOHN GUADALUPE",Ney,7/17/2026,AGG SEXUAL ASLT-CHILD,12/9/2021,10/1/2015,7
6766912,2611828,"WEILBACHER,STEVEN W",Garza West,3/30/2027,POSS WID CS 4-200G,8/10/2023,9/14/2022,5
6767319,2579965,"GUEVARA,JACOB ANTHONY",Garza West,8/22/2037,AGG SEX ASLT CHILD,8/29/2025,10/10/2014,18
6767356,1947933,"TORRES,GILBERT",Ellis,3/1/2028,BURG HABIT-FORCE-REPEAT,7/31/2014,11/22/2013,12
6768199,2447755,"TOVAR,ZARAGOSA RAY",Garza West,8/31/2026,KIDNAPPING,5/1/2023,12/21/2021,9
6768565,2597573,"HAZELWOOD,DERRICK",Dominguez,1/1/2027,POSS CS PG1/1-B 1G-4G,12/18/2025,6/1/2024,3
6768886,2503667,"GARCIA,JASON ROBERT",Garza East,3/29/2028,TAMPER W/ELECTRONIC MONITOR,5/9/2024,2/25/2024,4
6769630,2495840,"NUNEZ,ADAM ROSS",Dominguez,2/3/2027,ASLT-FAM-CHOK/STRANGU,3/20/2024,1/1/2023,7
6770046,1921742,"MONTES,JUAN ANTONIO",Gurney,4/26/2044,MURDER,3/28/2014,4/29/2006,30
6771139,2607638,"NOGUERAS,DIANDRE",Dominguez,6/1/2026,POSS CS PG1/1-B<1G,3/10/2026,11/27/2024,0.5
6773334,1413890,"TERRAZAS,ANGEL JESUS",Ferguson,2/1/2058,MURDER,1/9/2007,1/24/2006,45
6774180,2553755,"WILLIAMS,MICHAEL DONOVAN",Dominguez,5/18/2027,UNL CARRY WEAPON W/FELONY CONV,6/15/2023,12/31/2022,3
6775781,2454913,"PERRYMAN,CHRISTOPHER",Ney,8/1/2026,ASLT-FAM CHOKING/STRANG REPEATER,6/15/2023,10/9/2021,8
6775980,2356978,"HERNANDEZ,CHRISTOPHER",Polunsky,10/1/2026,BURG HABIT-FORCE,6/29/2021,12/17/2018,12
6776766,2446465,"BARRERA,ROLAND L",Smith,6/23/2032,AGG ASLT AGAINST PUB SERV,4/19/2023,6/24/2022,10
6777329,2434050,"LEVINE,ANDREW",Connally,6/9/2030,AGG ROBBERY,2/3/2023,5/30/2022,8
6777528,2558151,"CARAWAY,WHITNEY CHENNELL",Hobby,1/8/2050,MURDER,5/9/2025,5/22/2023,25
6777547,2517672,"RODRIGUEZ,IRENE",Crain,6/15/2031,MAN/DEL CS PG1 4-200G,8/23/2024,1/2/2024,7
6778398,1157895,"ESPINOZA,ROBERT",Hughes,1/1/9999,CAPITAL MURDER,2/18/2003,4/30/2002,Capital Life
6780884,2492420,"GONZALES,CRISTOBAL",Segovia,7/13/2026,DWI 3D/MO,2/29/2024,6/4/2023,3
6781514,1144257,"JOHNSON,KEVIN L",Ramsey,1/1/9999,AGG ROBBERY,11/6/2002,11/1/2001,Life
6781745,2601692,"CORTINAS,GILBERT GONZALEZ JR",Stevenson,5/19/2035,AGG ASLT W/DWPN,1/9/2026,5/19/2025,10
6782271,2613040,"RODRIGUEZ,AUSTIN RONALD",Garza West,11/6/2027,UNL POSS FIREARM FELON,4/2/2026,1/18/2025,4
6784995,1969726,"SALAZAR,NICK",Boyd,5/3/2041,AGG SEX ASLT CHILD,12/2/2014,7/8/2010,28
6785157,2544972,"YANEZ,JUAN MANUEL",Dominguez,8/31/2029,POSS CS PG1/1-B 1-4G,2/3/2025,9/23/2024,5
6786748,2572711,"LAGUNA,RUBEN",Lopez,6/29/2029,THEFT PROP 2500 2/MORE PREV,7/28/2025,1/29/2025,4
6787289,1272837,"RAMOS,GABRIEL",McConnell,2/28/2040,MURDER,10/25/2004,2/27/2003,35
6787526,1447116,"MONTEZ,JOHN HENRY",Willacy County,6/9/2028,AGG ASLT,6/25/2007,10/5/2005,20
6789323,2573510,"AGUILAR,ALEXANDER",Torres,9/6/2040,SEX ASLT CHILD,7/28/2025,9/6/2024,16
6789335,2584978,"TAMEZ,PETER",Memorial,5/12/2054,POSS CS PG1 1G-4G HABITUAL,10/3/2025,11/4/2022,75
6789378,2447220,"TREVINO,JESUS MANUEL",Ramsey,2/1/2027,POSS W/I DEL CS PG1 4-200G,5/1/2023,10/28/2021,10
6789790,2449588,"GONZALEZ,MICHAEL",Wynne,11/11/2027,CRIM SOL MINOR/AGG SEX ASLT,5/9/2023,12/2/2017,5
6790522,2198322,"VARA,JOSE",Allred,3/13/2027,BURG HABIT FORCE,5/9/2018,9/26/2016,12
6794560,2447749,"RUIZ,LEROY BELMUDEZ",Wallace,1/16/2029,POSS CS PG1 4-200G,5/8/2023,6/26/2022,6
6794612,2475470,"MARTINEZ,EIAN MARK",Dominguez,7/29/2026,FELON POSS FIREARM REPEATER,10/26/2023,3/13/2023,8
6794625,2615206,"DELGADO,JAY ANTHONY",Garza West,1/27/2028,POSS CS PG1/1-B 1-4G,4/21/2026,1/27/2026,2
6795108,2550868,"DAVIS,JUSTIN MICHAEL",Garza West,8/14/2029,AGG ASLT DATE FAM HSE W/WPN,9/17/2024,9/23/2022,5
6795908,2577693,"BENAVIDES,ALBERTO JR",Jester III,2/26/2031,ASLT PEACE OFFICER/JUDGE,7/18/2025,2/25/2025,6
6796220,2355330,"GARCIA,LAZARO MICHAEL",Dominguez,5/12/2028,INTOX ASLT,7/8/2021,5/12/2020,8
6798090,2345677,"MEDINA,DANIEL",Connally,3/1/2027,EVADING ARREST DET W/VE,4/19/2021,8/5/2020,8
6799059,2460991,"NAVA,GONZALO",Hutchins,3/2/2027,THEFT U/$2500 REP,8/3/2023,5/6/2021,4
6800844,1896007,"GARRY,DAVION",Robertson,7/21/2037,AGG ROBBERY,11/12/2013,7/10/2012,25
6801049,2449597,"MARTINEZ,ARTURO",Polunsky,3/28/2036,POSS PROH FIREARM SHORT BARRELL,5/11/2023,2/18/2022,13
6801722,2582494,"BEST,WILLIAM HENRY",Briscoe,9/16/2064,AGG ROBBERY,9/19/2025,4/13/2023,40
6803076,2569177,"GLENN,ROBERT III",Segovia,10/2/2026,UNL POSS FIREARM BY FEL,2/16/2022,11/4/2020,4
6803148,2452391,"MERCADO,EPIFANO",Garza West,8/21/2029,ASLT FAM CHOKING/STRANG,5/23/2023,6/27/2022,7
6803279,2381091,"HALL,DARRIN",Stiles,9/26/2035,SEX ASLT-CHILD,1/11/2022,12/18/2019,15
6803483,1647031,"MENDOZA,ABEL LEE",Garza East,7/15/2027,AGG ROBBERY,5/18/2010,5/13/2009,15
6803521,2302881,"RIOS,ELIZABETH",Hobby,2/11/2058,COMPEL PROSTITUTION-ORG CRIME,7/11/2019,4/1/2016,40
6804990,1256036,"ORTIZ,ELIAS GARCIA III",Garza East,10/16/2030,MURDER,8/17/2004,10/17/2003,27
6805498,2013329,"RABAGO,DAVID A",Willacy County,7/28/2026,AGG ROBBERY,7/17/2015,11/14/2014,10
6806374,1265766,"HERNANDEZ,PAUL MICHAEL",Coffield,1/1/9999,CAPITAL MURDER,10/5/2004,12/12/2001,Capital Life
6806767,1838422,"GARCIA,ERIC",Estes,10/1/2026,MURDER,1/9/2013,8/24/2008,18
6806923,2236011,"OJEDA,JOSE",Luther,3/19/2027,FELON POSS FIREARM REPEAT,10/19/2018,8/9/2018,18
6807111,2247633,"WILSON,WILLIAM EUGENE",Dalby,6/17/2028,AGG ASLT W/DW,2/8/2019,6/18/2018,10
6807455,2214933,"CRAWFORD,AVERY B",McConnell,7/12/2092,AGG ROBBERY,8/1/2018,6/2/2016,75
6807551,2411546,"ROJAS,DAVID LEE",Byrd,9/10/2028,FELON POSS WPN,8/31/2022,8/14/2021,4
6808394,2305585,"VIGIL,SANTOS",Jordan,12/21/2044,AGG SEX ASLT-CHILD,1/29/2020,3/23/2018,25
6810210,2461915,"LUGO,PEDRO M",Byrd,8/25/2026,POSS W/I DEL CS PG1 4-200G,8/10/2023,2/21/2023,7
6811373,2449586,"GARCIA,JAVIER",Dominguez,1/17/2038,BURG HABIT,5/8/2023,1/8/2022,15
6811475,2502713,"VILLARREAL,JOSE LUIS",Estelle,11/9/2029,FELON POSS FIREARM,5/2/2024,1/29/2024,10
6812679,2535041,"JUAREZ,RAUL V JR",Garza West,1/1/2027,ASLT FAM/HSEHOLD MEM PREV,12/3/2024,3/25/2024,3
6813102,2272481,"HUFFMAN,EDWARD LEWIS",Stiles,6/28/2038,AGG ROBBERY,7/2/2019,8/5/2017,20
6813875,2539253,"CRAFT,JUSTIN LEE",Jester III,6/1/2026,AGG ASLT DW,12/20/2024,8/9/2024,4
6815333,2459760,"FARIAS,FRANCISCO JAVIER",Estelle,6/16/2027,POSS CS PG1 1-4G,7/25/2023,8/24/2022,4
6818453,2566862,"BATTLE,MICHAEL",Cotulla,1/10/2030,FAIL COMP SEX OFF REG 10YRS,6/10/2025,10/3/2023,5
6818573,2571069,"MONTOYA,NESTOR S",Dominguez,6/29/2026,POCS PG1/1-B<1G,7/16/2025,4/17/2024,1.3
6818702,2541207,"PINA,JOSEPH E",Cotulla,11/17/2031,AGG ASLT DW,1/23/2025,11/12/2023,8
6821201,2566886,"TORRES,BENNY FERNANDO JR",Garza West,10/8/2026,UNL POSS FIREARM BY FELON,6/10/2025,4/17/2024,5
6821218,2594746,"SANCHEZ,JEREMY GABRIEL",Segovia,9/1/2026,POSS CS PG 1/1-B 1-4G,12/8/2025,8/4/2025,2
6821248,2442051,"MONTOYA,JOSEPH JULIAN",Hutchins,10/1/2026,POSS W/I DEL CS PG1 4G-200G,3/21/2023,9/8/2022,10
6822199,2565950,"GUERRERO,JEFFERY MUNOZ",Dominguez,8/9/2030,ARSON,6/5/2025,8/8/2024,6
6824023,2600803,"BARRERA,STEVEN ANTHONY",Gist,3/2/2027,ROBBERY,12/18/2023,10/19/2022,5
6824026,1932744,"SOLIS,RAUL ALFREDO",Hughes,8/6/2052,AGG SEX ASLT CHILD REPEATER,5/20/2014,1/26/2012,40
6824724,2554630,"KASBERG,EVA MARIE",Plane,1/29/2030,POSS CS PG1/1-B 4G-200G REPEATER,4/22/2025,1/29/2025,5
6824849,2613035,"RAMIREZ,RUBEN A",Garza West,5/16/2079,MURDER,3/31/2026,4/7/2023,55
6825201,1839617,"MENDEZ,RICHARD CHARLES",Ellis,7/6/2056,MURDER,2/5/2013,7/7/2011,45
6826063,2436337,"FAVELLA,ADAM",Briscoe,9/27/2030,INDEC W/CHILD CONTACT,2/21/2023,5/5/2016,8
6826803,2544517,"GARCIA,MICHELLE LYNN",Plane,12/1/2026,AGG ASLT W/DDLY WPN,2/24/2025,3/17/2024,4
6827819,2219111,"RAMOS,DANNY",McConnell,12/1/2027,ASLT FAM,8/27/2018,9/17/2017,8
6828288,2615213,"HERNANDEZ,JOE LUIS",Garza West,6/15/2027,DWI 3RD OR MORE,4/20/2026,11/10/2025,3
6828291,2406437,"CASTRO,ABEL",Boyd,5/1/2027,SEX ASLT CHILD,7/27/2022,7/17/2020,6
6828302,2532654,"BALDERAS,JERRY JR",Memorial,4/14/2028,ASLT FAM 2ND OFFENSE,5/29/2024,6/18/2017,4
6829460,2145350,"MOTA,GERALD ANGEL",Hughes,3/1/2027,POSS W/INT DEL CONT/SUB 4-200G,5/17/2017,7/24/2016,10
6831844,2573792,"REYNA,RUBEN JR",Lopez,12/29/2029,ASLT FAM HSE MEM PREV,8/4/2025,12/29/2024,5
6835518,2460776,"MORENO,GUSTAVO",Willacy County,8/8/2026,EVAD ARREST/DET W/VE,7/27/2023,5/27/2020,7
6835788,2507128,"HUERTA,BERNARDO C",McConnell,11/27/2030,ROBBERY,7/18/2023,5/24/2022,8
6836427,1961874,"GUILLEN,JONATHAN JOSE",McConnell,12/27/2127,MURDER(REPEATER),10/14/2014,12/13/2012,99
6837845,2571344,"RENDON,MARIANO D",Dominguez,11/1/2026,AGG ASLT CAUSES SBI,5/13/2025,8/20/2023,3
6838456,1972430,"LHERAULT,CHARLES",Pack,6/29/2040,ASLT FAM CHOKING/STRANG,12/5/2014,7/23/2013,26
6838767,2494255,"VARGAS,KRISTINA GRICEL",Plane,8/21/2031,AGG ROBBERY,3/20/2024,8/21/2023,8
6839882,2354552,"VELA,LUIS",Johnston,6/3/2026,DDLY CONDUCT-FIREARM,7/12/2021,8/16/2020,6
6840057,1389245,"ESPINOSA,DEBRA",Hobby,7/7/2044,AGG ROBBERY,8/22/2006,12/3/2003,40
6840901,2371588,"CARRIZALES,FELIPA LUZ",Marlin,6/1/2026,ROBBERY,11/4/2021,11/11/2020,10
6840922,2360402,"CEDILLO,SIDNEY TRAVIS",Luther,8/14/2048,MURDER REP,8/19/2021,8/13/2020,28
6841236,1172187,"TRUJILLO,MICHAEL",McConnell,1/1/9999,CAPITAL MURDER-MULTIPLE PERSONS,5/21/2003,12/27/2001,Capital Life
6841993,2471950,"HURON,JASON ANTHONY",Ney,6/12/2035,MURDER,10/11/2023,5/13/2021,12
6843318,2465917,"SILVA,RICHARD L",Connally,9/1/2026,FELON POSS FIREARM,8/31/2023,4/5/2023,6
6843426,2510946,"SMITH,CHRISTOPHER PAUL",Dominguez,6/12/2026,FELON POSS F/ARM,6/25/2024,11/20/2023,6
6844023,2402545,"AGUILAR,REYNALDO",Briscoe,3/1/2027,SEX ASLT CHILD,5/31/2022,7/28/2020,8
6845229,2613358,"BARRERA,FRANCISCO JAVIER",Estelle,11/13/2026,ASLT FAM CHOKING/STRANGU,7/16/2024,7/31/2014,4
6845250,2577983,"TREJO,ABEL",Stevenson,8/13/2035,SEX ASLT CHILD,8/26/2025,7/24/2023,10
6845328,2101147,"ESCOBEDO,JONATHAN ANDREW",Telford,11/13/2029,AGG ASLT SBI,11/8/2016,11/14/2014,15
6846356,2585204,"RIOS,ARREN LEE JUSTIN",Dominguez,1/28/2031,ASLT FAM/HSEHOLD MEM PREV CONV,10/14/2025,7/28/2024,6.5
6846395,2351181,"BOSQUEZ,GUADALUPE",Clements,6/10/2030,ROBBERY,12/22/2020,4/15/2020,10
6846418,1884445,"JOHNSON,TAWANA",Murray,12/29/2047,AGG ROBBERY,9/25/2013,12/13/2012,35
6847561,2574887,"VILLARREAL,JEREMIE",Garza West,3/11/2031,AGG ASLT CAUSE SER BOD INJ,8/11/2025,1/5/2020,6
6847732,1697899,"CONSTANCIO,SANTOS",Jordan,1/30/2027,INTOX MANSLAUGHTER,2/8/2011,11/23/2008,16
6850679,2137876,"CASANOVA,JOE",Connally,7/18/2046,MURDER,6/1/2017,7/4/2016,30
6852608,2543834,"TIERRABLANCA,ARTURO",Robertson,1/5/2042,AGG ROBBERY,1/30/2025,1/6/2024,18
6853675,2072569,"ARMSTRONG,GARRY DARNELL",Wainwright,11/5/2052,MURDER,6/10/2016,11/4/2012,40
6853929,2567924,"DOMINGUEZ,JOSHOA MARC",Torres,8/28/2027,BURGLARY OF HABITATION,3/28/2025,5/26/2014,3
6855823,2494688,"MCRAE,SHANNON LEE",Dominguez,11/11/2027,ROBBERY,3/4/2024,11/11/2023,4
6857372,2545607,"ESCOBEDO,JENNIFER DELATORRE",Plane,7/31/2026,POSS WID CS PG1 4-200G,2/19/2025,4/8/2018,5
6857981,2564627,"GARCIA,LEONARD",Ellis,10/3/2028,AGG ASLT,6/6/2025,12/30/2022,4
6858445,2228221,"ORTIZ,JUAN",Stiles,8/22/2078,AGG SEX ASLT CHILD,10/9/2018,12/1/2014,60
6858461,2584953,"FLORES,DANIEL",Ney,4/9/2045,PROH SEX COND W/ANCESTOR/DECEND,10/9/2025,4/7/2025,20
6858868,2531701,"JORDAN,JAMES",Willacy County,3/6/2039,AGG ROBBERY,11/6/2024,7/15/2021,15
6859725,1683454,"TONEY,JUSTIN",Torres,12/16/2048,MURDER,5/3/2010,7/19/2008,40
6860086,2613038,"RIVERA,FERNANDO FELIX",Garza West,9/1/2026,EVADING ARREST DET W/VEH,5/9/2022,4/6/2021,2
6861451,2600639,"DAVIS,ZACHARY DASHUN",Dominguez,9/9/2030,MAN DEL CS PG1 4-200G,1/15/2026,3/2/2024,5
6861540,2330369,"GARZA,JESSE",Gist,6/1/2026,ARSON HAB/PLACE OF AS,11/5/2020,6/27/2020,8
6861922,2305564,"BARRIENTOS,JESUS",Duncan,1/20/2028,INDECENCY W-CHILD-CONTACT,1/22/2020,10/5/2017,8
6861934,1251713,"CARROLL,CLIFTON WAYNE",Jordan,12/8/2038,AGG SEX ASLT,7/6/2004,5/4/2003,35
6862928,1890562,"VALADEZ,LOUIS",Torres,9/21/2031,AGG SEX ASLT CHILD,10/14/2013,1/1/2009,18
6863102,2483942,"LIRA,ELIAS AURELIO",Willacy County,11/1/2026,INDEC-CHILD EXPOSURE REPEATER,1/3/2024,3/27/2023,4
6863813,2612773,"SANCHEZ,JEFFREY BRANDON",Dominguez,7/27/2026,POSS CS PG1/1-B <1G,3/19/2026,2/7/2026,0.5
6864314,1559596,"FLORES,EDGAR",Lewis,9/26/2032,MURDER,2/23/2009,7/2/2007,25
6865552,2595441,"RAMIREZ,MANUEL MOSES",Hutchins,11/22/2026,POSS CS PG1/1-B<1G,12/15/2025,5/25/2025,1
6865974,2613783,"DRUMMOND,AMANDA MAY",Plane,2/1/2028,POSS CS PG1 1G-4G,4/14/2026,9/12/2023,3
6867816,2556154,"NICHOLS,HUNT EDWARD",Gist,7/10/2026,POSS CS PG1/1-B 1-4G,3/25/2025,11/27/2024,3
6868451,2594067,"RISO,SANDRA",Plane,11/1/2029,ROBBERY,12/10/2025,6/21/2022,6
6868656,2041754,"ALSTON,DOMINIQUE MYCHAL",Lopez,7/28/2030,POSS WID CONT SUBS PG1 4-200G,12/21/2015,11/10/2015,20
6868819,1562181,"MIERA,JEREMY",Connally,1/1/5555,CAPITAL MURDER OTHER FELONY REP,2/3/2009,5/7/2006,LWOP
6868830,2567042,"ANDRESEN,SEAN PAUL",Garza East,4/10/2029,INJ DIS PRSN W/INT BI,5/11/2023,3/29/2022,6
6872451,2605049,"GONZALES,PEDRO JR",Dominguez,7/26/2026,POCS PG1/1-B<1G,2/13/2026,8/18/2025,1
6873092,2171840,"SANCHEZ,REY LEWIS",Willacy County,6/3/2061,MURDER,12/8/2017,5/26/2016,45
6874441,1229198,"BOYCE,AMED JASAAD",Ramsey,1/1/9999,MURDER,3/23/2004,7/14/2003,Life
6876504,2558769,"CASTILLO,JOE ANTHONY",McConnell,12/4/2027,THEFT FROM PERSON ENH IAT,5/5/2025,12/4/2024,3
6876695,2280664,"FLORES,JOHN MICHAEL",Connally,8/24/2043,AGG SEXUAL ASLT CHILD,8/28/2019,8/1/2017,25
6876696,1822949,"JUAREZ,MICHAEL",Lewis,3/24/2035,MANSLAUGHTER,11/15/2012,3/24/2010,25
6878017,2410714,"BROOKS,JOE PHILLIP",Connally,9/2/2028,AGG ROBBERY,8/22/2022,9/5/2019,8
6878856,1916240,"HERRERA,RICHARD",Dalhart,8/2/2033,AGG SEX ASLT,2/28/2014,7/22/2013,20
6879442,2605377,"SERNA,ROLAND RENE",Glossbrenner,10/1/2026,POSS WID CONT SUB PG1 4-200G,9/27/2022,9/15/2021,6
6879580,2558150,"ALVAREZ,LAURIE",Crain,11/6/2026,POSS CS PG1/1-B 4-200G,5/19/2025,1/18/2024,2
6881272,2583581,"BRIONES,CHRISTOPHER R",Segovia,2/27/2027,ASLT FAM/HSE MEM IMP BRTH/CIRC,9/26/2025,2/27/2025,2
6881284,1720170,"DAVILA,JONATHAN",Montford,7/25/2059,INJURY TO CHILD SBI INT KNO,5/27/2011,7/19/2009,45
6881539,2401676,"DEATON,JACKIE LYNN",Goodman,7/31/2026,POSS WID CONT SUBS 4-200G,6/21/2022,12/14/2020,6
6883111,2579490,"VINA,JORENE MARIE",Plane,5/2/2030,AGG ASLT W/DWPN,9/25/2025,8/29/2024,5
6883202,2449585,"GARCIA,ABEL",McConnell,2/1/2080,MURDER,5/12/2023,1/31/2020,60
6884010,2607643,"SOTO,WILLIAM ALEXANDER",Dominguez,3/9/2027,POSS CS PG1/1-B<1G,3/10/2026,3/5/2025,1
6884731,2531699,"JONES,KEITH DARNELL",Connally,5/9/2033,UNL POSS FIREARM BY FELON,10/31/2024,5/9/2024,9
6885569,2473765,"VIESCA,MANUEL",Connally,12/8/2042,AGG ROBBERY,10/16/2023,11/11/2022,20
6885950,2605430,"RODRIGUEZ,RAUL",Glossbrenner,10/2/2026,ROBBERY,,8/4/2023,3
6886969,2560784,"RAYOS,GILBERT",Dominguez,12/17/2026,VIOL BOND/PROT ORD ASLT/STALK,5/12/2025,4/18/2024,6
6887142,2494692,"NINO,NICOLAS PORFIRIO",Dominguez,3/23/2027,UNL CARRY WPN W/FEL CONV,3/5/2024,3/23/2023,4
6887438,2502760,"ESTRADA,STEVEN ANTHONY",Coffield,9/28/2043,AGG ROBBERY,2/7/2024,1/27/2021,20
6888276,2389488,"LANIEAR,REGINALD",Gist,8/20/2026,POSS CONT SUB PG1 4-200G,3/31/2022,8/5/2021,6
6889597,2410741,"MILLER,PIERRE ASHTON",Luther,9/18/2027,AGG ROBBERY,8/24/2022,12/18/2019,6
6889631,1177510,"PEREZ,ANDRES A",McConnell,1/1/9999,MURDER,6/13/2003,5/4/2002,Life
6889947,2490144,"TAVAKOLIAN,MOSHEN",Havins,9/29/2026,EVADING ARREST DET W/VEH,2/9/2024,8/22/2023,10
6890057,2537056,"VILLARREAL,CHRISTOPHER ANDRE",Luther,10/8/2033,ASLT PEACE OFF JUDGE,12/11/2024,10/9/2023,10
6890154,1644094,"PEREZ,JUAN C",Robertson,10/7/2039,AGG ROBB-RPT,5/7/2010,7/15/2009,30
6891657,2613036,"REEH,JEREMIAH BENJAMIN",Garza West,6/7/2027,FRAUD USE/POSS ID IN#ITM 5-10,7/31/2024,5/24/2023,3
6891833,2394029,"SALAS,JAMES EDWARD",Michael,6/1/2026,INDECENCY CHILD EXPOSURE,4/29/2022,6/27/2019,6
6893971,2575829,"VAZQUEZ,ERIC JAMES",Clemens,7/27/2027,POSS CS PG 1/1-B 4-200G,8/11/2025,1/2/2025,6
6894004,2606167,"MORA,JOE J",Garza West,2/22/2028,ASLT FAM/HSEHLD MEM PREV,2/23/2026,3/9/2024,2
6894812,2561512,"HELLUMS,KEVIN WAYNE",Ney,3/31/2028,DWI 3RD OR MORE,5/20/2025,8/6/2024,3
6895464,1575227,"IBANEZ,MICHAEL",Montford,3/10/2048,MURDER,5/13/2009,5/20/2007,40
6895746,2531739,"VALDIVIA,IRISH SEAN",Jester III,6/1/2026,OBSTRUCTION/RETALIATION,11/5/2024,6/8/2024,2
6901249,2585187,"JIMENEZ,REYNALDO SAUCEDO",Stevenson,8/4/2053,AGG SEX ASLT CHILD,10/7/2025,2/20/2020,28
6905436,2424004,"TAMEZ,ANDREW SEBASTIAN",Jester III,3/22/2028,POSS CONT SUB PG1/1-B 4-200G,11/28/2022,5/6/2022,4
6906736,1800543,"PARKER,NICKOLAS BRIAN",Lewis,11/12/2030,BURG HABIT-FORCE REPEATER,7/16/2012,4/12/2012,20
6908470,2445170,"CARRANZA,RICHARD",Garza West,12/22/2026,REP VIOL CT ORD/BND COND,8/9/2021,4/9/2021,4
6909034,2601717,"URIBE,ANTONIO",Dominguez,6/17/2028,MAN DEL CS PG1 4-200G,1/27/2026,9/8/2025,6
6909617,2303218,"DAVILA,CARLOS",Connally,1/1/2027,CONTINUOUS VIOL AGAINST FA,1/13/2020,7/6/2018,8
6909736,2596667,"HODGES,GERALD",Glossbrenner,8/6/2026,POSS W/I DEL CONT SUBS 4-200G,8/22/2016,1/22/2015,15
6910733,2362933,"VILLARREAL,PHILLIP JEREMY",Memorial,8/9/2028,POSS CONT SUB PG1 4-200G,9/8/2021,10/3/2020,7
6910764,2602268,"GARZA,JESUS MANUEL JR",Dominguez,6/23/2026,POSS CS PG 1/1-B<1G,1/29/2026,12/29/2024,0.5
6910778,2574654,"LEAL,FERNANDO",Willacy County,7/24/2026,POSS CS PG1/1-B 4-200G,7/22/2025,8/2/2024,4
6912373,2292959,"MELTON,RICHARD CARROLL",Goree,1/1/2027,POSS WID CONT SUB PG2A 4-400G,11/4/2019,1/1/2019,8
6913218,2564640,"WILLIAMS,BRIC ALEXANDER",Lopez,8/2/2026,THEFT PROP L/2500 2/MORE PRE CON,6/9/2025,2/20/2025,2
6913221,2145320,"BANDA,LUIS",Cotulla,9/21/2032,POSS W/I DEL CONT/SUB 1-4G,7/5/2017,10/26/2015,13
6916214,2423983,"DAVIS,ADARA CHRISTOPHER",Stringfellow,3/6/2034,BURG HAB INT COMM FEL,11/29/2022,9/28/2020,12
6916217,2326476,"TAYLOR,DARRELL RAY",Torres,1/20/2027,BURG HABIT,7/10/2020,4/10/2019,8
6916237,2503101,"VASQUEZ,GINA LEE",Plane,3/10/2028,AGG ROBBERY,5/23/2024,7/17/2019,5
6916306,2520429,"ESCALANTE,NICHOLAS",Dominguez,6/29/2026,ATT BURG HAB W/INT COMM THEFT,9/24/2018,4/25/2017,2
6916372,2432170,"BAKER,SCOTT ALEXANDER",Dominguez,4/24/2034,BURG HAB-INT COMMIT ASLT,1/26/2023,5/8/2022,12
6916472,2600665,"VALLEY,DANIEL",Garza West,9/1/2026,BURG HABIT,7/27/2017,6/3/2016,2
6917052,1889210,"MUNOZ,BRIJIDO ANDRES",Garza East,5/13/2047,AGG ROBBERY,10/29/2013,10/10/2008,35
6917828,2544958,"MUNOZ,MICHAEL",Clemens,3/2/2027,DWI 3RD OR MORE,2/7/2025,5/5/2023,6
6919571,2451691,"BARLOW,CHRISTOPHER JOSEPH",McConnell,3/5/2033,AGG ROBBERY,5/22/2023,3/6/2023,10
6919662,2521014,"PEREZ,JOHN",Powledge,1/13/2027,DEADLY WEAPON PENAL INSTITUTION,8/27/2024,1/14/2024,3
6919735,1927371,"SANDOVAL,LOUIE ANGEL",Pack,3/12/2034,AGG SEX ASLT CHILD,4/24/2014,1/18/2013,20
6919872,2604022,"MESQUITI,JESUS L",Ney,6/18/2033,AGG ASLT CAUSES SERIOUS BI,2/6/2026,6/15/2025,8
6921870,2613045,"TAYLOR,SHIRONN DAMARCUS",Garza West,9/28/2029,POSS CS PG 1/1-B 4-200G,4/2/2026,9/28/2025,4
6923357,2442056,"RIOS,THOMAS CHRISTOPHER",Smith,12/1/2026,RETALIATION,3/20/2023,4/15/2021,4
6923887,2429322,"VARA,RAUL AMBRICO",Dominguez,6/1/2026,UNL CARRY WPN FELON CONV,11/4/2022,10/19/2022,6
6925270,2574859,"HESTER,MICHAEL SCOTT",Dominguez,2/17/2029,REPEAT FRAUD USE/POSS ID INFO L/,8/5/2025,5/27/2023,10
6926034,2510928,"NAVARRO,THOMAS ROJAS",Bartlett,4/25/2034,POSS CS PG1 4-200G,6/11/2024,10/17/2022,10
6926096,2538093,"CHURBE,JOSHUA GUTIERREZ",Dominguez,7/15/2028,BURG HABIT,12/17/2024,5/13/2024,10
6926295,2575811,"LABAN,HADE",Willacy County,4/28/2033,POSS CS PG1/1-B 4-200G,8/13/2025,4/28/2025,8
6926297,1430915,"RODRIGUEZ,JEFFREY",Garza East,10/13/2043,MURDER,4/5/2007,9/28/2003,40
6926303,1907323,"ROBINSON,MARCUS ANTHONY",Hodge,1/1/9999,MURDER,1/10/2014,11/10/2010,Life
6926839,2076575,"TRAVIESO,PEDRO",Gist,4/17/2034,AGG ROBBERY,6/27/2016,7/28/2015,18
6926843,1631756,"LOPEZ,VALERIE",Hobby,1/1/5555,CAPITAL MURDER CHILD U/6,2/19/2010,12/24/2006,LWOP
6928184,2510895,"ESTRADA,JESUS ANGEL",Bell,4/16/2043,AGG ASLT W/DW,6/18/2024,4/16/2023,20
6930852,2613948,"DUHART,DASHAWN OMAR",Dominguez,4/6/2027,CREDIT CARD/DEBIT CARD ABUSE,4/9/2026,5/7/2024,1
6931169,2600651,"LACKEY,RAYMOND WILLIS",Garza West,11/16/2026,MAN DEL CS 1-4G,1/21/2026,9/5/2024,3
6932493,2430581,"GOODE,NICOLAS GEORGE",Connally,1/1/2027,POSS CS PG1 200G-400G,1/17/2023,4/13/2021,10
6932519,2400592,"RAMOS,MIKE",Willacy County,10/15/2039,AGG ASLT W/DWPN RPT,4/14/2022,5/4/2019,20
6932899,2253741,"CHAVARRIA,LORENZO",Garza East,5/24/2028,EVADING ARREST/DETN W/VE,3/15/2019,8/23/2018,8
6932946,2526016,"BATTIEST,PRISCILLA K",Marlin,6/14/2026,BURG OF HABIT,10/16/2024,8/15/2023,6
6934226,2556417,"MARROQUIN,JESSE JR",Garza West,7/3/2026,BURG BLDG,4/11/2025,8/28/2024,4
6934697,2561514,"LEE,LADIE GENE II",Garza East,4/3/2052,MURDER REPEATER,5/20/2025,2/21/2022,30
6934976,2613282,"KRISTOF,MICHAEL ANTHONY",Garza West,9/15/2027,THEFT PROP $30K-$150K,4/13/2026,9/15/2024,3
6935075,2610126,"GARZA,KIMBERLY ANN",Plane,1/26/2027,POSS CONT SUB 4-200G,4/11/2023,10/25/2022,3
6936645,2371946,"WALKER,JAMES E",Briscoe,10/20/2032,MANSLAUGHTER,11/10/2021,7/31/2020,12
6938164,2610132,"BOLES-GALE,LAUREN MARIE",Plane,9/1/2026,POSS CS PG1/1-B L/1G,3/6/2026,4/29/2025,0.5
6939143,2574864,"LOTT,FRANKIE",LeBlanc,8/3/2027,ONLINE SOLICIT OF MINOR,8/11/2025,1/5/2024,2
6939558,2582826,"CANO,RUBEN",C. Moore,6/18/2028,POSS CS PG1/1B 1-4G,9/17/2025,5/7/2024,3
6939917,1200238,"HERNANDEZ,JASON SCOTT",Smith,8/10/2042,MURDER,8/27/2003,8/9/2002,40
6940221,2599518,"AMBERT,ROBERT JR",Dominguez,5/5/2027,UNL POSS FIREARM BY FELON,1/12/2026,5/5/2025,2
6940704,2471080,"SUMLIN,NINI SHANTE",Skyview,9/25/2027,AGG ASLT AGAINST PUB SERV,10/17/2023,6/22/2021,6
6942717,2257417,"GONZALEZ,JOSE TRINIDAD",Polunsky,1/1/9999,AGG SEX ASLT CHILD,3/29/2019,8/18/2017,Life
6943756,2610127,"REYES,MILLIE PEREZ",Plane,9/26/2027,POSS CS PG1/1B 4-200G,3/17/2026,9/13/2023,2
6943823,2495845,"SANCHEZ,JONATHAN MICHAEL",Memorial,2/2/2030,AGG ASLT W/DWPN,3/19/2024,1/24/2024,6
6943827,2508741,"BELMARES,FRANK",Daniel,2/26/2029,FELON POSS F/ARM,6/11/2024,2/27/2024,5
6945062,2503675,"ORTIZ,DENNIS A",Lynaugh,1/14/2032,CONT VIOL AGNST FA,5/3/2024,8/10/2023,8
6945077,1791026,"SCALES,ANDRE",Briscoe,8/14/2051,POSS WID CONT SUB PG1 4-200G-REP,5/4/2012,7/29/2011,40
6945081,1795061,"CAMPOS,FELIX EZEKIEL",Connally,12/2/2085,ROBBERY,6/22/2012,12/3/2010,75
6945461,2099870,"RODRIGUEZ,PABLO",Torres,9/12/2028,ROBBERY,11/7/2016,1/17/2016,10
6946836,2574860,"JOHNSON,CHRISTOPHER LARON",Segovia,6/13/2028,MAN/DEL CS PG1 1-4G,8/1/2025,4/19/2023,4
6948089,2516107,"GOMEZ,NICK",Wainwright,7/30/2028,UNL POSS F/ARM BY FEL,6/27/2024,11/30/2023,10
6948572,2484096,"RAMIREZ,JONATHAN PAUL",Briscoe,6/11/2026,UNL CARRY WPN W/FELONY CON,12/1/2023,9/25/2023,6
6949291,2289620,"LOPEZ,CHRISTOPHER",Garza East,8/27/2026,BURG HABIT WIC-ASLT,10/15/2019,6/27/2017,8
6949309,2296970,"PUENTE,MICHAEL",Ramsey,1/31/2034,AGG ASLT W/DWPN,12/5/2019,6/15/2018,15
6950093,2119670,"CUNNINGHAM,RONALD JOSEPH",Lewis,6/8/2040,MURDER,2/16/2017,5/25/2015,25
6950566,2585186,"GOMEZ,JOE ANTHONY",Briscoe,8/4/2027,FAIL COMP SEX OFF DUTY REG LIFE,10/7/2025,2/5/2024,2
6950634,2522425,"LEWIS,RANDALL JOSEPH",Garza West,3/27/2034,UNL CARRY WPN W/FELONY CONV,9/11/2024,11/18/2023,25
6952783,1173554,"CARDENAS,JOHN JACOB",Stringfellow,4/2/2036,MURDER,5/12/2003,8/16/2001,30
6954075,2577692,"ARELLANO,MACARIO",Luther,1/1/2027,UNL POSS FIREARM FELON,8/28/2025,4/10/2024,5
6954105,2415563,"ARREDONDO,JOSE ALEXIS",Ney,2/5/2030,AGG ASLT DW,9/26/2022,3/2/2020,8
6954132,2577721,"VILLARREAL,MARIO ANTHONY",Glossbrenner,7/14/2026,POSS CS PG1/1-B 4-200G,8/26/2025,3/6/2025,4
6955679,1597166,"CRISP,JERRY CHRISTOPHER",Jester III,6/29/2067,MURDER,9/2/2009,4/25/2005,60
6956006,2142990,"GUTIERREZ,JEREMY",Allred,8/4/2029,MURDER,5/31/2017,5/5/2015,12
6956232,2611359,"DEROO,AMANDA RAQUEL",Plane,7/23/2026,POSS CS PG1/1-B L/1G,3/26/2026,5/5/2025,0.5
6957158,2425610,"ROJAS,ANTHONY",McConnell,2/1/2027,AGG ASLT W/DWPN,12/5/2022,6/24/2022,5
6958194,2518964,"OROSCO,ANDREW JR",Garza East,3/2/2027,AGG ASLT W/DW,8/12/2024,11/30/2023,5
6958322,2341542,"ERAZO,FRANK",Cotulla,12/12/2027,POSS WID CONT SUBS PG1 4-200G,3/12/2021,1/7/2020,7
6958664,2200741,"ALDANA,JIMMY",Smith,5/6/2062,BURG HABIT-FORCE,5/17/2018,2/14/2017,45
6960057,2047985,"SERESEROZ,EMILIO",Stevenson,1/25/2035,AGG SEX ASLT-CHILD,2/3/2016,9/5/2011,20
6960584,2558766,"ALLEN,TRAEYVON DAMON",Briscoe,10/3/2027,POSS CS PG1/1-B 4G-200G,5/5/2025,12/24/2024,6
6961832,2599100,"ESPINO,MELISSA LYNN",Plane,8/8/2030,AGG ASLT W/DWPN,1/13/2026,8/8/2025,5
6962758,2052216,"GOMEZ,JOEL",Garza East,9/2/2031,FAIL/STOP RENDER AID-MOVG,2/5/2016,5/25/2015,15
6963330,2560789,"SILVA,JOE ANTHONY",Garza West,1/19/2029,MAN DEL CS PG1 4-200G,1/28/2025,7/17/2022,15
6963335,2049321,"RODRIGUEZ,RICHARD",Hughes,12/28/2064,AGG ROBBERY,2/4/2016,12/29/2011,50
6965297,2584973,"RENDON,RUBIN JR",Dominguez,1/16/2030,ROBBERY,2/3/2025,8/26/2024,5
6966042,2398174,"ARRELLANO,RIGOBERTO",Luther,9/28/2036,IND W/CHILD CONTACT,6/14/2022,10/13/2014,15
6966062,2550876,"HERNANDEZ,MICHAEL CHRISTOPHER",Beto,1/1/2027,AGG ASLT W/DDLY WPN,3/19/2025,5/18/2023,4
6967119,2544959,"NIESS,FRANK EDWIN",Daniel,1/2/2030,POSS CS PG1/1B 4-200G,2/3/2025,5/17/2023,5
6968512,2197085,"HENRY,DERRICK WAYNE",McConnell,6/1/2026,POSS WID CONT SUB 4-200G,5/7/2018,2/18/2017,7
6968513,2583602,"WASHINGTON,CHRISTOPHER DAVID",McConnell,5/26/2030,AGG ASLT W/DWPN,10/2/2025,5/26/2025,5
6968812,2521000,"FLOTA,CORY G",Dominguez,5/4/2030,ROBBERY,9/3/2024,2/15/2024,6
6968814,2524898,"FLOTA,ARMANDO",Cotulla,3/11/2030,ASLT PEACE OFFICER/JUDGE,9/25/2024,3/11/2024,6
6969521,2557489,"OVIEDO,JOSE ADOLFO",Connally,9/12/2026,AGG ASLT DW,2/18/2025,9/12/2024,2
6971016,2591890,"MENDEZ,CHRISTOPHER",Dominguez,3/7/2028,UNL POSS FIREARM FELON,11/18/2025,9/21/2025,5
6971754,2606787,"JOSEPH,DANNERICK LOUIS",Garza West,6/30/2028,ROBBERY,3/5/2026,7/1/2025,3
6972073,2484609,"SMITH,AMANDA KAY",Hobby,2/26/2031,AGG ASLT W/DWPN,1/9/2024,11/20/2020,10
6972268,2508746,"GARZA,DAMIEN MICHAEL",Torres,1/29/2027,FELON POSS F/ARM,6/12/2024,1/30/2024,3
6972308,2544961,"RICE,DAVID",Garza East,6/21/2029,ASLT PEACE OFFICER JUDGE,2/6/2025,10/4/2023,5
6972646,2423275,"DE LA GARZA,THOMAS",Robertson,2/12/2030,MURDER,11/16/2022,6/21/2019,8
6972696,1885173,"REYES,JOHNNY",Telford,7/17/2063,AGG ROBBERY,9/24/2013,1/18/2013,50
6972905,1203718,"VALEDESPINO,ELOISA",Hospital Galveston,9/6/2033,MURDER,10/28/2003,12/22/2001,30
6974084,2465922,"TELLEZ,GENARO",Stevenson,8/4/2033,AGG SEXUAL ASLT-CHILD,8/29/2023,4/15/2007,10
6974086,2557610,"MARTINEZ,MIGUEL ANGEL",McConnell,6/23/2026,POSS CS 1-4G,4/4/2025,1/6/2021,2
6974816,2528360,"JONES,KENNETH",Lopez,11/1/2026,BURG OF HABIT,10/14/2024,2/11/2024,4
6976263,2554371,"CORDOVA,ROBERTO",Garza West,3/11/2031,BURG HABIT INTEND OTH FELONY,3/25/2025,3/10/2024,7
6976398,2594747,"SANTIBANEZ,GEORGE",Garza East,2/13/2028,ENG ORG CRIM ACT,12/1/2025,2/27/2024,5
6976441,2267120,"ESTRADA,ALFRED ANTHONY",Lynaugh,2/8/2033,SEX ASLT CHILD,5/28/2019,10/4/2016,15
6976443,2444971,"CULTON,JASMINE VICTORIA",Hobby,8/14/2027,ARSON HABIT PLACE OF AS,4/17/2023,8/14/2022,5
6976878,2457697,"LEAL,GERARDO GABRIEL",Dominguez,6/1/2026,FOR COMM INST/CHECK REPEAT,7/11/2023,2/25/2022,3
6977488,2585888,"VALDEZ,CASSANDRA LOUISA",Coleman,9/29/2026,POSS CS PG 1 1-4G,3/7/2023,1/9/2022,5
6978057,2495826,"CERTENO,MAURICIO RODRIGUEZ",Lynaugh,8/5/2026,DWI,3/19/2024,8/20/2023,7
6978937,2518751,"COTTON,FRANKLIN MORRIS",Luther,5/27/2030,MAN/DEL CS PG 1 4G-200G,8/13/2024,3/26/2024,6
6979052,2585179,"BLANCO,ROGER LUIS",McConnell,1/20/2029,EVADING ARREST DET W/VEH,10/9/2025,6/29/2024,6
6979904,2358452,"CADENA,JOSEPH BUCHHOLZ",Ramsey,2/13/2029,ROBBERY,7/29/2021,12/5/2018,10
6980066,2600664,"TORREZ,RUBEN V",Dominguez,9/21/2032,POSS CS PG1/1B 4-200G,1/20/2026,9/22/2025,7
6982275,2535031,"FLORES,ANDREW J",Garza East,11/29/2034,AGG ASLT W/DW,12/2/2024,9/4/2022,10
6982283,2257592,"DABNEY,JAMEL DEANDRAE",Dominguez,2/1/2027,DWI 3RD/MORE,8/17/2018,4/24/2018,15
6982350,2453723,"VILLANUEVA,VALERIANO JR",Garza West,6/30/2026,ASLT PEACE OFFICER/JUDGE,1/19/2023,2/19/2022,4
6982509,2243782,"RODRIGUEZ,IGNACIO",Coffield,6/4/2067,INJURY TO CHILD,1/25/2019,6/4/2017,50
6982512,2552641,"VIDALES,ARTURO",Lopez,12/19/2030,ROBBERY,3/26/2025,12/19/2024,6
6982514,2584969,"MONTOYA,ADRIAN",Briscoe,5/18/2050,UNL POSS F/ARM BY FELON,10/8/2025,9/18/2024,25
6982522,2602815,"ESQUIVEL,VICTOR",Garza West,7/10/2029,FAIL CMPLY SEX OFF DTY REG/ANN,2/6/2026,6/12/2025,4
6983299,2585425,"HERNANDEZ,ROLAND",Ney,10/18/2028,POSS CS PG1/1-B 4-200G,10/13/2025,4/1/2024,10
6983447,2396584,"CANTU,SAMMY",Robertson,12/7/2035,ROBBERY,5/18/2022,6/22/2020,15
6984347,2002200,"LOSOYA,MARK ANTHONY",Lewis,5/12/2035,INDEC W/CHILD CONTACT,5/18/2015,12/27/2011,20
6986816,1268965,"NICHOLSON,LESLIE B",Wynne,3/26/2087,AGG ROBBERY,8/27/2004,3/26/2003,59
6987052,2518755,"GARCIA,FRANCISCO JAVIER",Dominguez,1/1/2027,ASLT-PEACE OFFICER/JUDGE,8/13/2024,1/1/2024,4
6987396,2211224,"TELLEZ,RICHARD ABEL",Memorial,3/22/2042,AGG ASLT W/DEADLY WPN,6/22/2018,2/6/2017,25
6987474,1641360,"SALAS,ALFREDO",Allred,3/2/2027,MURDER,4/26/2010,8/2/2008,20
6987475,2133530,"ROMERO,GENE PHILLIP",Lewis,7/8/2041,AGG ROBBERY,5/10/2017,7/8/2016,25
6987504,1943899,"TRINIDAD,ANTHONY BRYAN",Ellis,3/28/2027,AGG ASLT DW,7/15/2014,3/28/2013,14
6988249,1184156,"GRAVES,SHOMARI UNU",Wainwright,11/12/2057,MURDER,7/18/2003,11/7/2002,55
6990319,1203767,"WILLIAMS,JASON ALLEN",Jester III,11/16/2032,AGG SEX ASLT-CHILD,10/20/2003,12/31/1999,30
6990950,2092103,"WRIGHT,CLARENCE",Estelle,1/1/9999,MURDER,4/14/2016,10/19/2013,Life
6991048,2435056,"DUNN,GREGORY JAMES",Coffield,6/15/2030,BURG HABIT - INT COMMIT FELONY,2/10/2023,6/15/2022,8
6991868,2565740,"MIRANDA,JUAN FRANCISCO JR",Michael,6/9/2032,AGG ASLT W/DWPN,6/13/2025,6/9/2024,8
6992250,2392194,"CLAYTON,GARICK",Coffield,2/18/2052,AGG ROBBERY,4/21/2022,1/29/2017,35
6993030,2455777,"SANCHEZ,LEROY",Willacy County,7/18/2048,MURDER,6/21/2023,4/12/2014,25
6993147,2600645,"GOMEZ,HUMBERTO",Garza East,7/15/2029,AGG ASLT W/DWPN,1/16/2026,12/22/2023,4
6993487,2389519,"VILLA,SAMMY",Lewis,8/17/2036,AGG ASLT DW,4/4/2022,8/25/2019,15
6995187,2579960,"CONTRERAS,ANTONIO JR",Beto,6/8/2032,AGG ASLT W/DWPN,9/11/2025,6/8/2024,8
6995476,2509506,"HERNANDEZ,CARMEN",Plane,2/19/2027,TAMP W/ELEC MON DEV INTENSE,6/27/2024,12/11/2023,3
6995486,2020162,"FIELDS,DEVIN DONELL",Connally,1/1/5555,CAPITAL MURDER/MULTIPLE PERSON,9/8/2015,7/4/2013,LWOP
6995594,2532164,"CASTRO,RUDOLPHO D III",McConnell,6/17/2029,EVADING ARREST DET W/VEH,11/25/2024,6/7/2024,6
6997339,2333207,"ROQUE,RENE",Garza East,8/30/2027,BURG HABIT FORCE,12/10/2020,9/10/2019,5
6998231,2565729,"BALDERAS,REYMUNDO FLORES",McConnell,3/21/2030,ROBBERY,1/30/2025,3/21/2024,6
6998327,2554393,"WILLIAMS,DANNY RAY",Glossbrenner,8/13/2026,UNL POSS FIREARM FELON,3/21/2025,12/4/2023,5
6998334,2482087,"JACOBS,OBADIAH",Ney,8/1/2026,UNL CARRY WPN FEL CONV,11/7/2023,7/18/2023,5
6998427,2153199,"RIVAS,CARLOS",Boyd,8/17/2054,AGG ROBBERY,6/19/2017,8/14/2016,38
6998574,2199587,"HERNANDEZ,RICHARD ADAM",Connally,7/25/2037,MURDER,5/18/2018,1/31/2017,20
6998840,2116884,"STACY,JAMES HARLEY",Memorial,4/12/2060,AGG KIDNAPPING,10/12/2016,4/10/2015,45
6999236,2588274,"OROZCO,ARMANDO JR",Connally,4/18/2031,UNL POSS FIREARM BY FEL,10/23/2025,7/30/2025,6
6999247,2407446,"GARCIA,ANTONIO",Lychner,7/8/2028,FAIL STOP RENDER AID SBI,8/8/2022,7/8/2020,8
6999632,2569023,"TAYLOR,DECOLBY DEMOND",Hamilton,7/16/2026,ROBBERY,7/1/2025,2/27/2025,2
7000108,1789669,"CASEY,DARRELL GLENN JR",Bell,1/17/2030,AGG ROBBERY,3/21/2006,12/29/2005,20
7000128,2257453,"TREVINO,LUIS ANGEL",Clements,3/20/2032,MANSLAUGHTER,4/8/2019,3/12/2017,15
7002378,2424924,"DIAZ,VALERIE",Coleman,2/1/2027,ENDANGERING/ABANDONING CHILD BI,12/7/2022,12/21/2021,10
7002972,2481448,"SKERO,GREGORY ANTHONY",Dominguez,7/9/2026,POSS CS PG1 1-4G,3/30/2023,11/3/2022,3
7003482,2446464,"AL-SHAHARANI,NATHAN FAISAL",Willacy County,10/13/2026,DWI,11/16/2022,2/18/2022,4
7003962,2429303,"DIXON,JUSTIN EVERETT",Stiles,12/24/2026,EVAD ARREST DET W/VE,1/4/2023,6/9/2022,10
7003963,2464852,"PERRILL,AUGUSTIN MILGRO",Segovia,4/5/2027,POSS CS PG1/1-B 1-4G,8/22/2023,10/5/2022,3
7003969,2529362,"ALLEN,WESLEY JAMAL",Kyle,8/4/2026,UNL CARRY WPN W/FELONY CONV,10/21/2024,8/11/2022,8
7004025,2476096,"MONTELONGO-MARTINEZ,XAVIER",Lopez,1/9/2029,ASSLT PUBLIC SERVANT,11/8/2023,6/22/2023,10
7004330,2539271,"SPICER,STEVEN JOHN",Dominguez,7/3/2027,AGG ASLT W/DWPN,12/19/2024,2/22/2023,3
7004519,2612772,"DELOSSANTOS,DAVID M",Dominguez,7/17/2026,POSS CS PG1 L/1G,4/6/2026,1/14/2022,0.5
7004614,2477699,"CELIS-MORENO,IVAN DE JESUS",Ney,2/15/2028,POSS CS PG1 4-200G,8/4/2025,12/19/2020,3
7005123,2478896,"HOUSTON,PATRICK",Hightower,6/19/2029,ASLT FAM,11/14/2023,12/1/2022,15
7005475,2314415,"MENDOZA,RICHARD CECIL",Michael,1/22/2027,POSS WID CONT SUBS PG1 4-200G,3/19/2020,1/22/2019,8
7006448,2544962,"RIOJAS,MANUEL JIMENEZ JR",Torres,9/10/2026,EVADING ARR/DET W/VEH,9/28/2021,7/3/2021,7
7006615,1488664,"EVANS,TIMOTHY K",Allred,1/9/2068,AGG SEXUAL ASLT CHILD,1/25/2008,1/23/2005,60
7008475,2550881,"LIONS,ESHAWN",Ney,2/17/2027,FAIL COMPLY SEX OFF REG W/PREV,3/18/2025,1/18/2024,2
7008758,2584974,"RODRIGUEZ,BERNARDO III",Stevenson,8/28/2028,UNL POSS METAL/BODY ARMOR BY FEL,10/7/2025,1/10/2025,3
7008819,2566865,"ESTRADA,JULIO",Willacy County,11/26/2027,POSS CS PG1/1-B 1-4G,2/4/2026,11/26/2025,2
7011181,2429952,"MCLAUGHLIN,JAMES ALBERT",Lopez,12/5/2026,ASLT FAM CHOK/STRANG,1/11/2023,4/1/2019,3
7013150,2396610,"MARTIN,MICHAEL ANTHONY",Hughes,11/10/2029,FELON POSS FIREARM,6/21/2022,12/30/2021,10
7013907,2450037,"FARIAS,MARIO",Dominguez,3/17/2027,ASLT PEACE OFFICER/JUDGE,5/18/2023,3/2/2023,5
7014516,2394292,"VILLARREAL,JONATHAN",Coffield,3/30/2028,ASLT FAM 2ND OFFENSE,5/2/2022,3/31/2021,7
7014527,2502471,"RODRIGUEZ,JOSHUA",Connally,5/25/2046,INJURY TO CHILD SBI,5/1/2024,1/4/2020,25
7016374,1765180,"SOTELLO,JACOB DANIEL",Hughes,4/13/2038,MURDER,1/25/2012,4/2/2008,30
7016829,2278474,"ROSALES,GREG ORALANDO",Wainwright,5/30/2030,ARSON-HABITATION/PLACE OF AS,8/12/2019,5/30/2018,12
7016831,2482089,"MEDELLIN,MARTIN JR",McConnell,11/15/2027,AGG ASLT DDLY WPN,12/18/2023,11/15/2022,5
7016938,2577978,"MARTINEZ,ARTURO JR",Segovia,8/1/2026,EVADING ARREST DET W/VEH,5/23/2024,1/24/2024,3
7019740,2601890,"JOHNSON,NATHAN MICHAEL",Dominguez,7/11/2028,UNL CARRY WEAPON W/FELONY CONV,1/28/2026,8/15/2025,6
7020826,2403184,"RAMOS,RAUL",Dominguez,5/31/2026,ASLT FAM 2ND,8/16/2021,7/16/2020,8
7021814,2605021,"GONZALES,MICHAEL JOSEPH",Gist,7/31/2027,POSS CS PG 1/1-B 1-4G,2/2/2026,2/9/2025,2
7021839,1218516,"MCFARLAND,RICHARD MARVIN",Wynne,1/16/2043,MURDER,2/5/2004,11/25/2002,40
7022339,1207786,"GARZA,MICHAEL ANTHONY",Garza East,7/16/2033,AGG SEX ASLT,11/7/2003,5/2/2001,25
7022786,2449611,"SCOTT,WALTER",Polunsky,4/8/2059,MURDER,5/16/2023,2/17/2019,40
7023280,2517609,"CASAS,JOAB",Lychner,1/12/2031,HARASSMT PUB SERVANT,8/14/2024,1/13/2024,7
7023335,2576042,"MORALES,JOE ANTHONY JR",Lopez,2/8/2028,ASLT FAM/HSE MEM PREV CONV,8/18/2025,2/8/2025,3
7025927,2569182,"PERES,CHRISTOPHER RYAN",Segovia,9/17/2026,VIOL BON/PRO ORD 2TIM W/I 12 MOS,7/8/2025,11/3/2024,4
7026073,1226523,"RAMIREZ,ANTHONY",Stiles,1/20/2053,MURDER,3/5/2004,12/14/2002,50
7029266,2608872,"NARANJO,GABRIEL RAY",Dominguez,3/14/2028,TAMP W/ELEC MONIT DEVC,3/16/2026,11/26/2025,2
7031700,2189295,"PEREIDA,SAMUEL PAUL",Lynaugh,9/3/2049,MURDER,3/19/2018,9/3/2016,33
7031750,2585459,"ROMERO,CHRISTOPHER",Garza West,1/3/2028,ASLT INT RCK BRTH/CIRC FAM PREV,10/16/2025,9/6/2024,3
7032890,2556158,"SALAIZ,JOHNATHAN SAMUEL",LeBlanc,8/10/2028,ASLT PEACE OFFICER,4/9/2025,8/10/2024,4
7034119,1305789,"EVANS,DONALD LEVELLE",Beto,6/1/2026,MURDER (REPEATER),12/9/2010,1/26/2003,25
7034148,1528540,"WELLS,DARRYL B",Wainwright,12/4/2071,MURDER,8/28/2008,1/26/2003,65
7036994,2514742,"GOMEZ,MARK A",Gist,5/20/2034,AGG ROBBERY,7/23/2024,5/20/2021,13
7037254,2518767,"RODRIGUEZ,RICHARD",McConnell,3/9/2034,ROBBERY,8/7/2024,3/9/2024,10
7037587,2580228,"PEDROTTI,ANTHONY DAVID",Segovia,6/1/2026,BURG BUILDING INT THEFT,8/7/2020,6/7/2019,5
7038506,2571546,"VARELA,JASON LEONARD",Stevenson,10/25/2026,THEFT PROP 30K-150K,7/21/2025,12/19/2024,4
7041502,2492423,"JUAREZ,RICHARD",Gist,6/11/2026,FELON POSS FIREARM,8/22/2023,6/30/2020,8
7041511,2126465,"BAILEY,DOMINIQUE",McConnell,9/25/2045,MURDER,3/30/2017,9/26/2015,30
7042095,2506011,"ACOSTA,CHRISTOPHER",Connally,2/1/2027,DWI 3D/M,5/28/2024,1/23/2023,8
7042114,2383913,"PARHAM,BRYAN MARTIN",Stevenson,11/11/2031,AGG ROBBERY,3/1/2022,10/22/2020,11
7042227,2565948,"GARZA,EUGENE",Gist,6/22/2026,ASLT PEACE OFFICER/JUDGE,6/12/2025,10/13/2024,2
7042310,2574868,"MEJIA,HUMBERTO EZEQUIEL",Segovia,5/12/2027,DWI 3RD MORE,7/31/2025,3/24/2025,5
7042599,2021606,"CARMICHEAL,TERRENCE",Ellis,1/1/5555,CONT SEX ABUSE CHILD,9/8/2015,6/15/2011,LWOP
7043066,1735372,"HERNANDEZ,JACOB MATHEW",Garza West,2/14/2028,ROBBERY,8/15/2011,5/4/2010,15
7043268,2465915,"SHARP,CHRISTOPHER SHAD",Torres,10/4/2031,FAIL STOP/RENDER AID DEATH,8/29/2023,5/7/2022,22
7044478,2199581,"FOSTER,KEVIN DESHON",Michael,6/6/2052,AGG ROBBERY,5/16/2018,4/21/2016,35
7045772,1739881,"FERNANDEZ,BOBBY",Michael,1/1/9999,MURDER,9/2/2011,8/24/2010,Life
7046057,2611813,"MARTINEZ,CHRISTOPHER JAMES",Garza West,11/4/2035,POSS CS PG1/1-B 4-200G,3/27/2026,7/6/2025,10
7046729,2330102,"TRISTAN,STEPHEN RENE",Lynaugh,10/8/2039,AGG SEX ASLT CHILD,11/16/2020,1/1/2015,20
7047011,1837055,"GUEVARA,JUAN HECTOR",Garza West,4/17/2042,AGG ROBBERY,1/25/2013,8/8/2010,30
7047575,2456833,"AGUILAR,JESUS MIGUEL",Ferguson,8/1/2026,EVADING ARREST/DETN W/VE,5/31/2019,1/25/2018,10
7047922,2309125,"CAMPBELL,JOSHUA ALLEN",Ferguson,3/26/2064,MURDER,2/18/2020,3/27/2019,45
7049031,2510941,"RODRIGUEZ,JUAN FRANCISCO",Garza East,1/1/2027,DWI 3D/3M,6/27/2024,12/24/2023,5
7049291,2615000,"ALFARO,CHARLES LANCE",Dominguez,7/5/2026,THEFT PROP $2500 2/M PREV CONV,4/16/2026,1/7/2026,0.5
7049711,1586421,"ROSALES,CHRISTOPHER",Clemens,10/17/2064,MURDER,7/13/2009,6/21/2007,57
7051427,2176666,"RIVAS,JOE DANIEL",Gist,7/10/2026,POSS CONT SUB WID M/400G,1/8/2018,5/4/2017,15
7052027,2455769,"KOTARA,ROBERT THOMAS",Wynne,6/6/2034,SEXUAL ASLT-CHILD,6/22/2023,6/30/2018,12
7052451,2362061,"SCOTT,JAMES CORNELIOUS",Cotulla,5/21/2045,POSS WID CONT SUB PG1 4-200G HAB,8/26/2021,5/21/2020,25
7053041,2276306,"CHAVEZ,PAULO GONZALEZ",Wainwright,12/13/2052,MURDER,7/23/2019,12/11/2017,35
7053234,2404291,"FLORES,JOSE BALDOMERO",Wynne,1/1/9999,MURDER,7/25/2022,2/21/2005,Life
7054078,2251185,"GRAVES,GERALD DWIGHT",Clements,7/15/2035,AGG ROBBERY,2/22/2019,7/15/2017,18
7055274,2609329,"MCINTYRE,NATHAN ALAN",Garza West,1/7/2029,POSS CS PG 1/1B 1G-4G,3/17/2026,1/8/2026,3
7056344,2529239,"MUNOZ,ERNEST DANIEL",Willacy County,12/9/2033,ROBBERY,10/11/2024,12/10/2023,10
7056460,2547036,"BAGGS,MATTHEW CHARLES",Lopez,4/25/2027,VIOL BOND/PRO ORDER 2X W/12M,2/20/2025,12/2/2023,6
7058712,2582773,"LOPEZ,ANDREW VITO JR",Garza West,4/15/2027,POSS CS PG1/1-B 1-4G,9/22/2025,4/15/2025,2
7058810,1603864,"GALLEGOS,NICHOLAS",Stevenson,8/19/2048,AGG SEX ASLT,9/28/2009,8/8/2008,40
7060051,2528367,"MARTINEZ,JASON",Memorial,1/17/2028,EVADE ARR DET VEH,10/16/2024,10/3/2024,8
7060733,2407456,"RENDON,MICHAEAL",Cotulla,12/1/2026,AGG ASLT DW,7/28/2022,8/13/2021,6
7060858,2591906,"TURIANO,LINDSEY RAY",Dominguez,12/1/2026,VIOL BOND PROT ORD ASLT STALK,11/18/2025,2/4/2025,5
7060920,2609567,"FERNANDEZ,ROBERTO CRUZ",Garza West,5/2/2027,AGG ASLT W/DEADLY WPN,3/16/2026,6/29/2025,6
7063925,2161636,"ESPINOZA,MATEO MARCO",Wynne,10/17/2031,INTOX ASLT,10/9/2017,10/17/2016,15
7064109,2457890,"CERVANTES,JOHN HENRY",Dominguez,3/4/2029,AGG ROBBERY,7/14/2023,2/19/2023,6
7064136,2306804,"SANCHEZ,BRYAN",Garza West,8/28/2026,SEXUAL ASLT,9/5/2019,2/17/2019,7
7065559,2614170,"ORTEGA,ALVIN RENE II",Garza West,4/23/2027,ASLT FAM/HH MEM PREV CONV,7/23/2021,8/13/2020,3
7067507,2529230,"ESQUIVEL,JUAN LUIS",Estes,10/1/2026,UNL POSS FIREARM BY FELON,10/18/2024,2/10/2023,6
7068543,2554374,"DIAZ,STEVEN M",Briscoe,4/4/2030,AGG ASLT W/DWPN,4/9/2025,9/11/2023,5
7069507,2595439,"CARPENTER,PAUL",Lychner,6/1/2026,POSS CS PG1/1-B<1G,10/28/2025,11/23/2024,1.2
7071192,2014669,"QUINONES,RUBEN",Stevenson,4/30/2029,INTOX MANSLAUGHTER,7/29/2015,5/1/2014,15
7071624,2434660,"VASQUEZ,YOLANDA IRIS",Murray,8/23/2027,ROBBERY,2/13/2023,8/5/2022,5
7072092,2411536,"LACOMBE,ERIC BENJAMIN",Wainwright,8/13/2045,AGG SEX ASLT CHILD,9/2/2022,12/12/2019,23
7072544,2400129,"MORENO,JACOB ANTHONY D",Hospital Galveston,7/30/2031,AGG ROBBERY,6/13/2022,7/30/2021,10
7072593,2488674,"RAMOS,YOLANDA CORTINAS",Woodman,7/29/2027,POSS WID CS PG1 4-200G,8/19/2024,2/1/2023,10
7072953,2395077,"MCCOY,CESAR ALEJANDRO",Briscoe,3/16/2032,AGG ASLT W/DWPN,5/25/2022,3/17/2022,10
7073546,2614172,"PENA,JUAN DELEON",Garza West,10/24/2027,POSS CS PG 1/1-B 1-4G,7/7/2025,3/3/2025,2
7073549,2492414,"CHAVEZ,FRANK",Polunsky,9/16/2029,ROBBERY,2/20/2024,8/30/2023,6
7074435,2387512,"MEDINA,EDDIE",Bartlett,3/10/2037,AGG SEX ASLT-CHILD,3/15/2022,1/20/2017,15
7075257,2574180,"ARZOLA,ELEANOR",Plane,10/9/2026,BURG HAB,8/22/2017,9/30/2015,4
7075507,2350772,"LOPEZ,HENRY L",Polunsky,8/21/2028,AGG ASLT W/DW,5/28/2021,8/21/2020,8
7075563,2577717,"SALAZAR,MARK ANDREW",Glossbrenner,10/27/2026,POSS CS PG1/1B 1-4G,8/21/2025,7/13/2024,6
7075981,2485266,"LIRA,JEFFREY",Beto,12/24/2026,THEFT UNDER $2500 ENH HABITUAL,1/17/2024,1/26/2023,6
7076931,2425557,"BELA,ALFRED",Willacy County,3/2/2027,AGG KIDNAPPING,12/7/2022,1/7/2022,6
7077782,2179338,"ZAVALA,MATTHEW",Cotulla,5/1/2051,MURDER,1/29/2018,5/1/2016,35
7078502,1736770,"GUERRA,MICHAEL V",Connally,4/5/2054,AGG ROBBERY,8/16/2011,4/5/2009,45
7078573,2555356,"GALLAGHER,AUSTIN",Coffield,9/22/2031,BURG OF HABIT,1/14/2025,12/23/2021,7
7079479,2556153,"MARTINEZ,LUIS",C.T. Terrell,1/17/2039,AGG SEX ASLT CHILD,4/14/2025,1/8/2018,15
7080774,2592832,"GARCIA,NAOMI",Plane,9/19/2030,AGG ROBBERY,12/9/2025,9/19/2024,6
7081102,2583600,"TREVINO,SAMUEL ANTHONY JR",Dominguez,5/19/2031,BURG HAB,9/26/2025,3/18/2024,6
7081668,2476649,"VELASQUEZ,BENJAMIN JUAN",McConnell,2/8/2038,AGG SEX ASLT-CHILD,11/3/2023,1/1/2011,15
7081892,2609579,"MEDRANO,EDWARD RENE",Garza West,5/24/2036,AGG KIDNAPPING REPEATER,3/18/2026,4/23/2021,15
7082140,2557592,"RESENDIZ,ANTHONY IVAN",Briscoe,4/15/2027,ROBBERY,4/21/2025,4/15/2024,3
7082496,2577714,"PEARSON,DEMARIO DERMEKO",Willacy County,1/31/2030,ASLT FAM HSE MEM IMP BRTH CIRC,8/6/2025,1/31/2025,5
7085671,2606180,"VITELA,RYAN LEE",Garza West,3/2/2027,VIOL BND/PRO ORD ASLT/STLK,2/26/2026,10/18/2024,4
7085765,2465878,"CERVANTES,SAMUEL",Willacy County,3/15/2040,AGG SEXUAL ASLT CHILD,8/30/2023,12/12/2011,18
7086165,2573537,"ZACARIAS,TONY ANTHONY",Segovia,9/30/2026,EVADING ARRST DET W/PREV CONV,7/28/2025,12/25/2024,4
7086534,2548008,"JOHNSON,REGINALD LOUIS",Wainwright,8/30/2027,ASLT PUBLIC SERVANT,2/25/2025,8/30/2024,3
7086616,1822689,"HAYWARD-SMALLWOOD,BENNY (RAY)",Briscoe,1/18/2040,AGG ROBBERY,6/6/2005,3/10/2005,25
7087555,2339073,"FONSECA,BRYAN",W. Scott,10/19/2028,SEX ASLT CHILD,2/26/2021,9/1/2018,8
7088455,2513794,"MATA,ERIK",Ney,8/2/2029,REP VIOL CT ORD/BOND COND,7/26/2024,3/31/2023,6
7089229,2566874,"MEDINA,JOE ANTHONY",Torres,5/13/2027,UNL CARRY WPN FEL CONV,6/16/2025,11/1/2023,5
7089634,2214937,"FERNANDEZ,MICHAEL ANTHONY",Polunsky,8/30/2034,AGG ASLT AGAINST PUB SERVANT,8/6/2018,8/30/2017,17
7090869,2464847,"GONZALEZ,GEORGE",Segovia,9/1/2026,TERROR THREAT PUB FEAR SB,8/23/2023,10/15/2022,7
7091227,2419320,"MORENO,BALDOMERO MATTHEW",Ellis,12/10/2026,ASLT PEACE OFFICER/JUDGE-B,10/14/2022,8/15/2022,10
7091233,1537460,"WYMAN,CLARENCE ELLISON FRANCIS",Lynaugh,8/16/2044,AGG SEX ASLT,11/17/2008,8/16/2004,40
7091330,2598565,"SPENCER,ROBERT JOEVON",East Texas Treatment Facility,6/11/2026,EVADING ARREST DET W/VEH,,5/21/2022,10
7092582,1688742,"LOZANO,ERICK",Michael,12/19/2059,AGG ROBBERY,12/9/2010,12/18/2009,50
7092649,2582517,"RESENDEZ,JESUS JR",Lopez,10/21/2026,AGG ASLT CAUSES SBI,9/23/2025,6/17/2018,2
7093450,2606782,"CASTILLO,MICHAEL ANTHONY",Cotulla,1/1/2028,AGG ASLT W/DWPN,3/5/2026,4/9/2021,5
7093477,2548523,"CAVAZOS,BRIAN",Dominguez,7/11/2029,AGG ASLT W/DWPN,2/24/2025,7/11/2024,5
7093581,2186829,"GARCIA,MOSES ANGEL",Hughes,3/19/2037,AGG ROBBERY-REPEAT,3/7/2018,3/5/2017,20
7094115,2389470,"FARIAS,JOSHUA JERAMIA",C. Moore,8/19/2028,ARSON,3/28/2022,6/26/2021,7
7094985,1857079,"CHAVIRA,ANTHONY LEE",Dalby,8/16/2041,AGG KIDNAPPING,5/3/2013,8/17/2011,30
7095101,2522576,"JACOBS,TITO LEE ANTHONY",Garza West,2/2/2029,POSS CS PG1 4-200G,9/18/2024,2/3/2024,5
7095259,2037089,"SIERRA,JOHN PAUL",Pack,12/3/2032,TRAFF PERSON ENGAGE COND/SEX,11/16/2015,11/7/2014,18
7097107,2419764,"CAVAZOS,JOHN HENRY",Dominguez,5/19/2038,BURGLARY HABITATION FORCE,10/18/2022,12/19/2021,15
7097681,2392190,"AVALOS,EDWARD",Estelle,10/23/2026,BURG BLDG INT THEFT,4/22/2022,10/23/2021,5
7098132,1819352,"MANCILLAS,RICARDO SANCHEZ",Glossbrenner,7/7/2026,ROBBERY-RPT,10/17/2012,9/29/2011,17
7098640,2552882,"MESA,MICHAEL ANTHONY",Willacy County,2/16/2028,ROBBERY,3/28/2025,2/16/2024,4
7098708,2589131,"VALERO,MICHAEL GUADALUPE",East Texas Treatment Facility,9/17/2026,BURGLARY HABITATION INTEND OTHER,,12/8/2024,10
7100268,2575407,"MACIEL,JONATHAN JOSEPH",East Texas Treatment Facility,6/23/2026,CONTINUOUS VIOLENCE AGAINST THE,,11/1/2020,6
7101178,2472645,"FLORES,JOEL",McConnell,6/28/2026,RETALIATION,10/17/2023,9/16/2023,5
7102828,2437737,"OPPELT,LORETTA",Murray,1/8/2030,AGG ASLT W/DWPN,3/6/2023,1/9/2023,7
7103084,2594750,"VELEZ,RICARDO JR",Segovia,4/1/2027,POSS CS PG1/1-B 1-4G,12/4/2025,2/2/2025,2
7103768,2465909,"PENA,PAUL ANDREW",Stevenson,11/9/2030,POSS CHILD PORN,9/6/2023,7/28/2022,8
7103769,2526665,"DECKARD,DESMOND DEWEY",Byrd,1/4/2034,AGG ASLT W/DWPN,9/26/2024,9/21/2022,10
7103974,2402132,"ARROYO,JOHN ANTHONY",Michael,9/21/2028,EVADING ARREST/DET W/VE,7/11/2022,9/22/2021,7
7106629,2574661,"THATCHER,RICKY",McConnell,10/8/2028,FELON POSS FIREARM,7/21/2025,3/17/2020,8
7107106,2570164,"BELASQUEZ,STEVEN A",Dominguez,8/7/2026,POSS CONT SUB 1-4G,7/1/2025,8/11/2024,2
7107525,2437780,"LLORCA,CARLOS LOUIS",Stiles,12/10/2029,SEX ASLT CHILD,2/23/2023,8/22/2021,8
7107880,2595150,"GALLEGOS,ROLANDO",Stevenson,9/19/2028,UNL POSS FIREARM BY FELON,12/16/2025,9/22/2024,7
7108129,2610514,"COLEMAN,LESLIE CARL III",Garza West,2/11/2030,POSS WID CONT SUB 4-200G,2/20/2018,3/6/2017,15
7108869,1361160,"ALEXANDER,KIMBERLY MICHELLE",Hilltop,1/1/9999,CAPITAL MURDER,12/13/2005,6/5/2004,Capital Life
7110003,2602273,"RODRIGUEZ,PAUL D",Dominguez,7/2/2026,POSS CS PG1/1-B<1G,9/15/2025,6/17/2025,0.9
7112184,2321340,"SANCHEZ,FRANCISCO",McConnell,8/27/2034,AGG ASLT W/DWPN,6/24/2020,9/23/2014,16
7112193,2606161,"HILL,MELVIN C III",Garza West,4/9/2026,UNL POSS FIREARM BY FELON,4/9/2024,4/30/2026,2
7113017,2226496,"CARNEY,DEANNA LYNN",Coleman,10/12/2026,DWI,10/16/2018,2/19/2017,8
7113588,2448693,"SANCHEZ,JOSE",Lopez,7/9/2027,EVADING ARREST DET,5/11/2023,7/9/2022,5
7114306,2599938,"GARZA,CHARLES JONATHAN DAV",Lychner,1/19/2027,UUV,10/28/2025,1/11/2025,1.5
7115735,2204863,"MORENO,CARLOS",Wallace,5/7/2057,AGG ROBBERY,6/15/2018,5/2/2017,40
7115874,2607995,"DEHOYOS,MICHAEL J",Dominguez,5/25/2027,POSS CS PG1/1-B 4-200G,3/10/2026,12/31/2024,3
7116416,2137900,"TENIENTE,ALEJANDRO ANGEL",Beto,5/21/2037,POSS W/I DEL CONT SUB O/400G,5/22/2017,10/17/2016,20
7116429,2579961,"DOMINGUEZ,RUDOLFO T",Lopez,5/4/2030,AGG ROBBERY,9/3/2025,1/20/2024,5
7119736,2598483,"JOHNSON,WESLEY BLAKE",Willacy County,7/31/2030,AGG ROBBERY,1/7/2026,7/31/2025,5
7119873,1891216,"AGUILERA,OSCAR",Torres,2/27/2037,AGG ROBBERY,10/21/2013,2/16/2012,25
7120459,2614149,"ESPINOSA,JOHN MANUEL",Garza West,1/14/2028,POSS CS PG 1/1-B L/1G,4/13/2026,1/14/2026,2
7120884,2573532,"SANCHEZ,RAMIRO G JR",Lopez,10/6/2027,UNL POSS FIREARM BY FELON,7/25/2025,3/26/2025,6
7121236,2598969,"MARTINEZ,ANTHONY",Ney,12/6/2036,INDEC W/CHILD SEX CONT,1/9/2026,5/22/2020,12
7124160,1500900,"REYES,JONATHAN",Luther,4/12/2053,AGG SEXUAL ASLT -CHILD,4/17/2008,1/20/2007,45
7124908,1656400,"GAITHER,KIRK ANTHONY",Estelle,7/14/2033,AGG KIDNAPPING,7/9/2010,7/14/2008,25
7125065,2585451,"PEREZ,RUDY ALLEN",Torres,8/7/2028,POSS CS PG 1/1-B 1-4G,10/15/2025,9/9/2024,8
7125438,1249340,"TENNEY,JAMES",Coffield,7/4/2043,ATT CAPITAL MURDER,6/30/2004,7/4/2003,40
7125817,2404140,"SOLANO,PASCUAL TOMAS",C.T. Terrell,7/18/2031,AGG SEX ASLT CHILD,7/20/2022,1/1/2013,9
7125892,2604015,"GONZALES,JOSE LUIS",Garza East,8/12/2030,AGG ASLT W/DEADLY WPN,2/10/2026,8/11/2025,5
7126369,2613792,"WALKER,CANDIDA",Skyview,6/1/2026,CRIM MISCH $2500<30K,4/20/2026,3/19/2025,1
7128408,2613017,"ESCOBEDO,JOSE ANGEL",Garza West,4/19/2028,POSS CS PG 1 1-4G,8/18/2021,1/7/2020,3
7130284,2589549,"MENDEZ,VIDAL CRUZ JR",McConnell,5/21/2029,ASLT FAM HOU MEM PREV CONV,10/30/2025,5/21/2025,4
7130296,2540216,"SORIANO,JOHN FRANCISCO",Ferguson,4/17/2027,UNL POSS FIREARM BY FELON,1/9/2025,4/17/2024,3
7131247,2607991,"CASTORENO,EUGENE T",Dominguez,3/10/2027,POSS CS PG1/1B 1-4G,3/9/2026,10/19/2025,3
7132115,2606282,"RUIZ,MARIA ANITA",Plane,10/14/2028,HARASSMENT PUB SERV,3/12/2026,10/15/2025,3
7134454,2572377,"SANCHEZ,ALCARIO JESUS",Dalby,10/1/2026,POSS CS PG1/1-B 1-4G,7/23/2025,2/28/2025,2
7134907,2429934,"CELEDONIO,JOSE LUIS",Goree,6/1/2026,CONT VIOL AGAINST FAM,1/12/2023,10/1/2022,6
7135602,2589316,"JOHNSON,HOWARD LEE",Hodge,10/16/2033,ASLT FAM/HSEHLD MEM PREV,11/6/2025,10/16/2025,8
7136802,1458321,"GARCIA,JOHN ERIC",McConnell,1/1/9999,MURDER,5/8/2007,1/20/2006,Life
7138476,2422282,"HUIZAR,ADRIAN",Briscoe,11/7/2036,TRAFF CHILD-ENGAGE CONDUCT SEX,11/4/2022,7/10/2021,15
7139587,2564113,"BARBOSA,JOE ANTHONY",Dominguez,2/8/2027,THEFT <1500 2/M PREV CONV(<2500),5/27/2025,10/28/2023,2
7140982,2572717,"SAUCEDO,JOHN PAUL",Lopez,11/6/2038,OBSTRUCTION OR RETALIATION,7/25/2025,4/26/2023,15
7140992,2539273,"ZAPATA,ARMANDO",Torres,5/13/2029,ASLT FAM HHLD MEM PREV CONV,12/12/2024,11/29/2023,5
7140998,2603733,"MORALES,ERIC CHARLES",Dominguez,2/12/2027,THEFT PROP $2500 2/M PREV CONV,2/13/2026,11/29/2024,1
7141272,1488665,"FONZIE,EMANUEL LEE",Beto,1/1/9999,CAPITAL MURDER/REMUNERATION,1/11/2008,11/20/2000,Capital Life
7141351,1893184,"ZAPATA,ISRAEL",C.T. Terrell,6/22/2042,AGG ROBBERY,10/28/2013,6/22/2012,30
7142677,2419331,"RUEDA,LEONARDO",Ellis,3/22/2036,AGG ASLT DW,10/24/2022,3/23/2021,15
7142699,2550443,"ESCOBEDO,JACOB",Polunsky,4/11/2033,ASLT FAM HSE MEM IMP BRTH CIRC,3/13/2025,3/14/2024,9
7144759,2422285,"MONTEZ,DANNY",Wynne,3/5/2032,AGG ASLT W/DW,11/7/2022,2/5/2022,10
7145866,2565947,"CONSTANCIO,ROBIN",Dominguez,9/2/2033,ASLT FAM/HSE MEM IMP BRTH/CIRC,6/16/2025,9/2/2024,9
7146270,2608282,"CAVAZOS,JOEY C",Lopez,4/24/2027,AGG ASLT DW,3/12/2026,1/29/2022,4
7146419,2589889,"FLORES,JEFFERY OZZIE",Dominguez,3/16/2027,THEFT PROP <$2500 2/M PREV CONV,2/20/2025,12/5/2023,1.5
7146480,2602808,"BENAVIDES,JESUS ANTONIO",Dominguez,12/1/2026,ASLT FAM/HSE MEM PREV CONV,2/3/2023,11/25/2021,4
7147473,2598477,"GARCIA,MARCOS LIONEL JR",Ney,5/2/2037,MAN/DEL CS PG1 4-200G,1/7/2026,12/6/2024,12
7147644,2521021,"VILLEGAS,THOMAS CHRISTOPHER",Kyle,11/18/2026,POSS CS PG 1/1-B 4-200G,9/4/2024,1/16/2022,4
7147709,2490330,"ORNELAS,ROLANDO",Ney,10/27/2027,AGG ASLT W/DWPN,2/14/2024,5/10/2023,4
7150061,1995695,"CRUZ,ARMANDO",East Texas Treatment Facility,9/18/2026,INTOX MANSLAUGHTER,4/17/2015,2/2/2014,15
7151064,1801903,"MATA,MARTIN",Estelle,10/5/2035,AGG ASLT W/DW,7/23/2012,9/26/2010,25
7152991,2476853,"GONZALEZ,ANZELMO RAMIREZ",Dominguez,8/14/2026,DWI 3RD/M,5/29/2018,10/9/2017,3
7153097,2084325,"CERNA,CHRISTOPHER JOHN",Stevenson,5/5/2032,MURDER,8/16/2016,11/13/2011,16
7153223,2306790,"MEDINA,OMAR",Michael,11/21/2028,AGG ASLT AGAINST PUB SERV,1/15/2020,11/22/2019,9
7153235,2476855,"MCNUTT,LUIS ALBERTO",Garza East,12/5/2030,INDECENCY W/CHILD - CONTACT,11/2/2023,12/5/2022,8
7153384,2561520,"REYES,OSCAR JR",Hamilton,7/24/2026,ASLT FAM/HSE MEM IMP BREATH/CIR,5/20/2025,3/21/2024,5
7153698,2589136,"GONZALEZ,JESUS",East Texas Treatment Facility,9/17/2026,AGG ASSAULT W/DEADLY WEAPON,,2/26/2021,5
7153770,2397205,"MORENO,CHRISTOFOLETTI",Travis County,8/14/2026,AGG ROBBERY,5/31/2022,8/14/2021,5
7155007,1674730,"SANTOS,ENRIQUE",Hughes,11/13/2039,MURDER,10/12/2010,11/12/2009,30
7155983,2221506,"MARMOLEJO,DANIEL",Ramsey,9/10/2038,DWI,9/13/2018,11/2/2017,20
7160976,2479846,"NEAL,LEROY",Garza West,4/1/2027,FAIL-STOP RENDER AID-SBI,12/5/2023,11/3/2022,6
7160982,2594703,"PERALTA,JOE",Dominguez,1/12/2027,THEFT PROP <2500 2/M PREV CONV,8/25/2025,8/31/2024,1.5
7161457,1244436,"FLORES,JOSE E",Coffield,12/9/2033,MURDER,6/3/2004,7/5/2002,30
7161460,2468059,"NEWTON,LARRY D",Ellis,8/17/2028,DWI 3D/M,9/1/2023,4/16/2022,6
7163376,2510944,"SANCHEZ,MOSES",Stevenson,8/30/2028,POSS CS PG1 4-200G,6/25/2024,8/31/2023,5
7167057,2462922,"SAUCEDO,HENRY",Gist,6/11/2026,POSS WID CS PG1 4-200G,8/14/2023,5/15/2023,8
7167369,2602813,"DILWORTH,MARTIN DAVID",Dominguez,7/22/2033,EVADING ARR DET W/VEH,1/30/2026,7/22/2025,8
7167438,2598488,"MULLINAX,CHARLES LEWIS",Willacy County,9/20/2027,UNL POSS FIREARM FELON,1/6/2026,9/20/2025,2
7167553,2121156,"CALDERON,MARCOS",Travis County,12/8/2033,AGG ROBBERY,2/28/2017,11/1/2016,17
7168187,1471695,"HERNANDEZ,DAVID M",Memorial,11/6/2041,MURDER,10/30/2007,10/7/2006,35
7168724,2491615,"PIMENTEL,RUDY",Hightower,10/20/2043,AGG SEX ASLT-CHILD,12/12/2023,2/1/2021,20
7170342,1800532,"GRAVLIN,MATTHEW SCOTT",Allred,6/22/2027,AGG ASLT W/DWPN,7/20/2012,6/21/2007,20
7170671,1849726,"MATA,NICHOLAS",Memorial,1/1/9999,INDECENCY W/CHILD CONTACT REPEAT,3/7/2013,7/15/2011,Life
7171682,1578291,"SOLIS,CHRISTOPHER MICHAEL",Garza East,4/14/2029,AGG ASLT W/DDLY WPN,6/2/2009,8/13/2007,20
7172803,2539864,"GARCIA,AMIE NICOLE",Plane,10/10/2029,AGG ROBBERY,1/27/2025,3/24/2023,5
7173045,1277519,"MENDOZA,JOSE LUIS JR",Memorial,6/28/2026,MURDER,12/6/2004,2/27/2003,35
7173292,2535052,"VILLA,SIMON JOSHUA",Segovia,7/12/2027,UNL POSS FIREARM BY FELON,12/4/2024,2/17/2023,3
7173300,2541712,"LOPEZ,SAMUEL J",Dominguez,8/1/2026,UNL POSS FIREARM BY FELON,1/10/2025,11/24/2024,4
7173316,1879482,"KIRK,QUENTIN LAMAR",Cotulla,12/14/2031,AGG ROBBERY,8/26/2013,4/7/2012,14
7175594,2460790,"VILLA,JOE ANGEL",Briscoe,9/28/2032,ASLT PUBLI SERV BI,8/1/2023,9/29/2022,10
7175996,2465879,"CHAVERA,ROMALDO",Allred,8/10/2026,POSS INT DEL CS PG1 4-200G,8/31/2023,2/24/2023,8
7176451,1536804,"CASAREZ,OSCAR",Dalhart,11/10/2032,MURDER,10/21/2008,10/21/2007,25
7178692,2439914,"MARTINEZ-GARCIA,ULISES",Memorial,4/26/2035,AGG ASLT PUB SERV,3/15/2023,4/26/2022,13
7179430,2125192,"GARZA,JACOB",Travis County,11/26/2031,AGG ROBBERY,4/4/2017,11/26/2016,15
7181800,2608283,"ENRIQUEZ,CARLOS RODRIGUEZ",Segovia,3/18/2027,UNL POSS FIREARM FELON,3/11/2026,5/12/2025,4
7181838,2473753,"LOPEZ,ROLANDO",Willacy County,11/18/2027,POSS CS PG1 4-200G,10/18/2023,5/17/2023,10
7182219,2612770,"CRUMP-PEPPAR,JAQUES ROSCOE",Dominguez,6/18/2026,UNAUTH USE OF VEHICLE,3/30/2026,9/27/2025,0.7
7182239,2535885,"ZAIMON,JEROME LEROY",Michael,12/9/2026,ASLT FAM/HSEHLD MEM PREV CONV,11/15/2024,12/7/2023,3
7182242,2474726,"ROSAS,ALBERT PAUL",Garza East,10/26/2029,INDEC W/CHILD EXPOSE,10/30/2023,2/10/2021,6
7182256,2096341,"GONZALEZ,JOSE F",Stevenson,6/10/2034,BURG HABIT WIC MANSLAUGHTER,10/14/2016,5/7/2014,20
7182879,2551077,"HERNANDEZ,GUADALUPE",Plane,3/21/2028,DWI 3RD MORE,4/7/2025,11/3/2024,3
7183019,2581283,"HERNANDEZ,HUGO",Garza West,6/23/2026,POSS CS PG2 4-400G,3/6/2020,5/8/2019,5
7183160,2537029,"DELGADO,RENE",Wainwright,2/20/2032,EVADING ARREST DET W/VEH,12/16/2024,6/1/2023,8
7183487,2526466,"LAREDO,PATRICK ARON",Ramsey,10/20/2030,UNL CARRY WPN W/FEL CONV,9/30/2024,11/21/2023,16
7184183,2611502,"MCMORRIS,DUANE LEE",Dominguez,11/27/2026,THEFT PROP 2500 2/M PREV CONV,3/27/2026,8/19/2025,0.8
7184415,2340900,"GATES,NOLAND LYDELL JR",Segovia,7/24/2028,POSS CONT SUBS PG1 1-4G,3/15/2021,1/11/2020,10
7184666,1263264,"MOORE,CARL BRANDON",Connally,1/1/9999,CAPITAL MURDER,9/17/2004,7/10/2003,Capital Life
7185298,1739893,"WASHINGTON,STEVIE",Allred,2/27/2040,MURDER,9/6/2011,2/26/2010,30
7185926,2265774,"PORTILLO,JOHN PAUL",Smith,8/21/2053,AGG ROBBERY,3/1/2019,8/1/2018,35
7186492,2591887,"LAWSON,AARON WADE",Willacy County,1/18/2029,AGG ASLT DW,8/8/2025,5/29/2019,4
7187481,1701941,"DELEON,JAVIER",Lewis,5/13/2059,MURDER,2/11/2011,5/8/2009,50
7187962,2599526,"FRANKLIN,TODD T",Garza East,4/5/2028,POSS MARIJ 4OZ-5LBS,1/9/2026,3/22/2023,5
7189047,2531970,"GUERRERO,JOAL",Jester III,11/18/2027,DEL MARIJ 5-50LBS,11/12/2024,1/14/2021,8
7189059,2552631,"MCDONALD,CHRISTOPHER KEITH",Ney,3/23/2031,AGG ASLT W/DWPN,3/21/2025,3/23/2024,7
7189084,2376592,"SAUCEDO,MARIO ALBERTO",McConnell,6/1/2026,POSS WID CONT SUB PG1 4-200G,12/16/2021,9/22/2021,7
7189302,2480351,"MARES,ANGEL",Lopez,6/19/2027,ASLT FAM-2ND OFFENSE,7/5/2023,2/13/2023,4
7189713,2121191,"JUAREZ,JOSEPH MILES",Stringfellow,3/14/2031,AGG ROBBERY,2/24/2017,11/19/2015,15
7190536,2295022,"ROBERTS,CODY NEAL",Briscoe,10/9/2033,EVADING ARREST/DETN W/VE,11/20/2019,5/27/2019,14
7191476,1994324,"ALTAMIRANO,ELISEO ROSENDO",Ferguson,1/1/2064,MURDER,4/16/2015,1/1/2014,50
7191877,2264447,"SANTIAGO,VICTOR",Stevenson,8/23/2042,AGG SEX ASLT CHILD,5/13/2019,1/20/2004,25
7193344,2508759,"MUJICA,ROGELIO",McConnell,1/1/9999,MURDER,5/31/2024,3/2/2019,Life
7195198,2510889,"CORTINAS,DANIEL",Stevenson,12/12/2026,POSS CS PG1 4G-200G,6/17/2024,5/12/2022,8
7195418,2588285,"SATTEWHITE,XAVIER TYRELL",McConnell,3/11/2035,ASLT FAM/HSE MEM PREV CONV,10/29/2025,10/18/2024,10
7197243,2550877,"HERNANDEZ,PHILLIP T",Memorial,10/9/2026,AGG ASLT W/DWPN,3/12/2025,12/20/2021,3
7198748,2471075,"JOHNSON,JESSICA LEE",Halbert,6/30/2026,POSS CS PG1 4G-200G,10/26/2023,1/24/2021,10
7199610,1304764,"GLOVER,JOE LOUIE",Allred,1/1/9999,CAPITAL MURDER,11/29/2004,10/9/2003,Capital Life
7200471,2196032,"HERNANDEZ,JUAN",Hughes,1/1/9999,MURDER,3/22/2018,3/25/2016,Life
7201054,2598495,"THOMAS,JAMES ROBERT",Connally,7/25/2030,POSS CS PG1 4-200G,1/12/2026,3/23/2023,10
7201128,2312171,"INSALL,EDWARD",McConnell,2/5/2035,AGG ASLT W/DW,2/28/2020,11/22/2018,11
7201226,2554634,"RODRIGUEZ,ALYSSA LUGO",Plane,1/13/2031,ROBBERY,5/8/2023,4/20/2019,6
7201264,2093342,"BOCANEGRA,JULIAN",Stevenson,9/28/2031,AGG SEXUAL ASLT CHILD,10/3/2016,7/11/2014,15
7202071,2394272,"GUTIERREZ,RENE P",Luther,9/5/2030,SEXUAL ASLT,5/10/2022,12/23/2018,9
7202078,2562113,"WILLIAMS,ALEXANDER LENARD",Ramsey,8/25/2034,AGG ASLT DW,5/22/2025,8/25/2024,10
7203052,1495333,"GONZALES-CHAVIRA,MARK ANTHONY",Ellis,6/3/2042,MURDER,3/11/2008,6/4/2007,35
7203161,2503665,"FELAN,HAMMER JOHN",Stevenson,12/1/2041,RACING ON HIGHWAY SBI DEATH,5/8/2024,12/28/2022,18
7203778,2614912,"ALFARO,MARCOS",Byrd,11/27/2026,,,1/22/2020,
7205188,2494888,"ZAMARANO,JOSUE M",Garza East,5/9/2027,POSS W/I DEL CS PG1 4G-200G,1/23/2024,8/10/2022,8
7206314,2555406,"MORALES,JOSE DANIEL",Hamilton,7/29/2026,DWI 3RD,9/23/2025,4/6/2024,4
7206958,2542094,"RODRIGUEZ,XANDRIA ROSE",Plane,10/4/2026,UNL POSS FIREARM BY FELON,2/4/2025,6/10/2024,5
7208199,2597572,"HARTFIELD,BRANDON TROY",Stevenson,2/18/2040,SEX ASLT CHILD,7/25/2025,4/18/2024,15
7208765,2530281,"GARCIA-ZUNIGA,JUAN CARLOS",Segovia,5/12/2027,DWI 3RD OR MORE,10/29/2024,5/12/2024,3
7211058,2425618,"URBANO,LOUIS ANTHONY",Bartlett,4/27/2028,AGG ASLT AGAINST PUB SERV,12/5/2022,4/28/2022,6
7211466,2560782,"PILKILTON,SEAN ALLEN",Chasefield Wilderness,1/26/2028,FRAUD USE POSS ID INFO L/5 ELD,5/8/2025,8/16/2024,8
7212382,2580224,"MONSIBAIS,RICARDO",Briscoe,3/26/2028,AGG ASLT W/DW,9/9/2025,7/30/2020,3
7212919,2577715,"RAMOS,SERGIO",Segovia,6/27/2028,PROH SUBS ITEM CORR CIV COM FAC,8/20/2025,4/21/2025,4
7213696,2414484,"SANCHEZ,THOMAS MARK",Allred,8/4/2029,POSS WID CONT SUB PG1 4-200G,9/16/2022,10/8/2020,7
7213738,2607993,"CHAVEZ,RUBEN YBARRA",Willacy County,11/28/2027,POSS CS PG1/1B 1-4G,3/11/2026,11/28/2025,2
7213997,2183123,"COLEMAN,BRANDON EDWARD",Torres,4/4/2034,POSS WID CONT SUB 4-200G,2/7/2018,3/24/2017,35
7214881,2030927,"ESCOBAR,TIM",Jordan,11/10/2037,AGG SEX ASSLT CHILD,5/15/2018,7/1/2012,20
7216182,2609581,"PANIAGUA,JONATHAN LUIS",Garza West,2/22/2029,POSS CS PG 1/1-B 1-4G,3/19/2026,11/30/2025,3
7219623,2390738,"BECKETT,STEVEN DOUGLAS",Segovia,10/18/2027,POSS CONT SUB PG1 4-200G,4/21/2022,12/15/2021,4
7221065,2509877,"MENCHACA,ALBERTO LUZ ORNELAS",Stevenson,6/8/2029,INDEC W/CHILD SEX CONTACT,6/3/2024,6/1/2022,6
7221822,2614168,"MORALES,MATTHEW ANTHONY",Garza West,11/30/2029,ROBBERY,3/23/2026,11/30/2025,4
7222756,2556157,"ROSAS,ISMAEL JR",Ferguson,12/18/2026,DRIVE WHILE INTOX 3RD OR MORE,4/15/2025,3/30/2024,4
7223069,2425599,"MORRIS,RICHARD J",Cotulla,2/1/2027,ROBBERY,12/5/2022,6/24/2022,7
7223293,1311939,"HEATH,PAUL",Michael,12/18/2053,MURDER,6/7/2005,12/19/2003,50
7223399,2390537,"VERACRUZ,EDWARD",Michael,10/24/2026,SEX ASLT CHILD,4/13/2022,7/14/2019,6
7223799,2090720,"SILVA,CHRISTOPHER MICHAEL",Powledge,6/10/2026,AGG SEXUAL ASLT CHILD,9/15/2016,8/29/2015,10
7227350,1553982,"CARRANZA,ALICIA GINA",Hobby,1/1/5555,CAPITAL MURDER CHILD U/SIX,1/27/2009,5/9/2008,LWOP
7227761,2121183,"HARDWICK,RYAN",Smith,6/8/2045,MURDER,3/2/2017,10/22/2014,30
7228528,2439906,"HERNANDEZ,RICKY",McConnell,6/20/2040,AGG ASLT AGAINST PUB SERV,2/27/2023,6/21/2022,18
7230106,1715670,"SAUCEDA,AUGUSTINE",Ferguson,3/26/2039,MURDER,4/27/2011,3/14/2009,30
7230499,2427420,"GARCIA,FRANK ANTHONY",Memorial,8/4/2026,FELON POSS FIREARM,12/16/2022,10/24/2021,9
7230794,2600666,"JURASIN,JOHN ERIC",Glossbrenner,9/5/2026,INJ CHILD/ELDERLY/DISABLED RECKL,,9/2/2021,5
7231407,2545946,"BAZAN,ROLAND",Garza West,8/26/2027,ASLT PREGNANT PERSON,2/19/2025,8/23/2024,3
7232257,2142969,"CABALLERO,DERREK ROLAND",Coffield,4/26/2031,AGG ROBBERY,6/20/2017,1/9/2016,15
7232603,2418345,"VILLARREAL,RUBEN",Wainwright,7/2/2026,BURG HABIT-FORCE,10/17/2022,9/25/2021,7
7232844,2602810,"CANCINO,RUBEN JR",Dominguez,4/1/2027,ASLT FAM/HOU MEM PREV CONV,1/27/2026,8/17/2025,3
7233540,2423267,"ADAMS,MARCUS DESEAN",Torres,4/20/2027,ASLT FAM CHOKING/STRANGULATION,11/10/2022,7/9/2021,12
7235482,2213753,"VALDEZ,MATTHEW",Michael,9/11/2047,AGG ROBBERY,8/3/2018,3/21/2017,30
7235487,1763655,"VALDEZ,JEFFREY",Coffield,4/16/2036,AGG ROBBERY,1/9/2012,1/14/2011,25
7235518,2464862,"YOUNG,DAVID ALAN",Ramsey,12/28/2027,AGG ASLT W/DWPN,9/1/2023,12/28/2022,5
7235678,2443415,"SENDEJAR,JOE DANIEL",Connally,1/1/2027,EVADE ARREST/DETEN W/VEH,4/6/2023,5/13/2022,6
7235777,2585184,"DURAN,ROBERT II",Boyd,4/10/2032,AGG ASLT W/DWPN,10/14/2025,4/3/2025,7
7235983,2489064,"RODRIGUEZ,PURDENCIO MAC",Garza West,6/28/2026,POSS FIREARM,1/30/2024,7/12/2023,7
7237415,1657737,"WILLIAMS,LATRON D",Huntsville,2/4/2054,MURDER,7/7/2010,2/4/2009,45
7237517,2496474,"JIMENEZ,PAUL ANTHONY",Torres,8/26/2029,AGG ROBBERY,3/25/2024,8/3/2023,6
7237535,2084335,"GUERRERO,RENE",W. Scott,9/8/2040,AGG KIDNAPPING,8/8/2016,8/18/2015,25
7237594,2558772,"GARCIA,JASON EDWARD",McConnell,5/13/2028,UNL CARRY WPN W/FEL CONV,4/22/2025,10/13/2024,5
7239868,1661891,"MEDRANO,ESTHER",O'Daniel,8/28/2026,INTOX ASLT,7/23/2010,6/17/2009,10
7240845,2614165,"MARIN,SIMON SOTO",Garza West,3/9/2028,DWI 3RD/MORE,4/8/2026,6/18/2025,5
7243833,2127805,"WHITE,ROBERT LEN",Allred,7/22/2038,AGG SEXUAL ASLT CHILD,4/6/2017,5/20/2015,23
7243971,2034463,"MARTINEZ,STEVEN EDWARD",McConnell,2/23/2035,AGG ROBBERY,11/3/2015,2/22/2015,20
7243996,1493969,"MENDOZA,EDDI ANTUAN",Robertson,4/1/2032,MURDER,3/6/2008,1/3/2007,25
7245405,2606785,"GUTIERREZ,ISAAC ROBERT",Lopez,9/17/2041,AGG ASLT AGNST PUB SERV,2/26/2026,2/3/2024,16
7245408,1778641,"GALLARDO,RICHARD N",Wainwright,10/27/2046,MURDER,3/29/2012,12/24/2008,35
7245837,2382288,"VELA,RAMIRO",Briscoe,3/19/2037,AGG SEX ASLT CHILD,1/27/2022,6/1/2008,16
7248240,2440907,"HUGHES,SHIRON WALTER",Garza East,8/31/2047,SEX ASLT-CHILD HAB,3/22/2023,7/15/2021,25
7248706,2328531,"DAUGHTRY,KEENAN",Ney,4/1/2027,ATT SEX ASLT-CHILD,3/6/2020,5/20/2019,10
7249860,2560775,"JIMENEZ,FERNANDO",Ney,11/6/2030,ASLT FAM HSEHLD MEM PREV CONV,5/15/2025,11/6/2024,6
7250037,1739891,"ROBINSON,CHRISTOPHER PIERRE",Coffield,5/24/2046,AGG ROBBERY,8/29/2011,5/18/2010,30
7250748,2429306,"FLORES,NICHOLAS ALEXANDER",Dominguez,12/26/2027,FRD USE/POSS ID INFO 5-9 IT,1/3/2023,11/12/2021,5
7250778,2005046,"SALDANA,VALENTIN DANIEL",Polunsky,10/2/2040,BURG HABIT-FORCE/REPEATER,6/1/2015,9/19/2014,25
7251957,2527609,"MENDOZA,JOE ANTHONY",Ney,3/2/2027,ASLT FAM HHLD MEM PREV CONV,10/10/2024,12/27/2020,6
7252358,2138014,"GRAYSON,TIMOTHY",Lewis,6/13/2029,AGG ROBBERY,6/1/2017,3/8/2016,12
7253110,2298820,"FLORES,FORTINO ALONZO",Wynne,11/17/2029,BURG HABIT FORCE,12/12/2019,7/5/2019,14
7253571,2582492,"ARREOLA-RAMOS,DANIEL AMADO",Briscoe,1/19/2028,VIOL BOND/PROT ORD ASLT/STALK,9/23/2025,12/21/2024,6
7254393,2564344,"HERNANDEZ,ERNEST RINCON",LeBlanc,6/3/2031,ARSON INT DAMAGE HAB/PLA OF WOR,6/4/2025,4/30/2023,8
7254686,1273117,"DELGADO,JIMMIE",Hightower,5/1/2027,AGG SEX ASLT-CHILD,10/29/2004,10/31/2000,30
7255939,2303243,"MORALES,NATHAN",Beto,3/14/2044,AGG SEXUAL ASLT CHILD,1/13/2020,7/30/2017,25
7256013,2166075,"CARDENAS,ANDRES",McConnell,5/14/2028,POSS W/INT DEL CONT/SUB 4-200G,10/30/2017,11/29/2016,10
7257556,2560774,"HUERTA,RICHARD",Stevenson,11/4/2041,POSS CS PG1 400G,5/12/2025,4/5/2023,18
7257616,2540190,"BARNES,JOHNATHAN LEE",Connally,1/1/2027,AGG ASLT W/DWPN,12/19/2024,1/31/2018,4
7258457,2584936,"IBARRA,VINCE",Estelle,6/1/2026,POSS CS PG 1/1B 1-4G,6/17/2024,11/4/2023,4
7258841,2116855,"BRADSHAW,JOHN",Wallace,3/1/2035,MURDER,2/14/2017,3/1/2015,20
7259581,1337383,"HOBDAY,ROBERT ELVIS",Robertson,1/1/9999,MURDER,11/1/2005,1/26/2004,Life
7259749,2543511,"RANGEL,RICHARD HENRY",Briscoe,12/14/2034,UNL CARRY FEL CONV,2/3/2025,12/14/2024,10
7260691,2220246,"RAMIREZ,FRANK LARRY",Sayle,8/26/2026,AGG ASLT W/DWPN,8/30/2018,11/6/2016,10
7260817,2323737,"SANCHEZ,CARLOS F",Torres,10/18/2029,POSS WID CONT SUBS PG1 4-200G,9/9/2020,9/18/2019,8
7260820,2543493,"CASANOVA,SIMON",Cotulla,3/18/2039,AGG ASLT W/DEADLY WPN,1/30/2025,3/18/2024,15
7261986,2190634,"GONZALEZ,FRANK",Clements,10/18/2041,MURDER,3/23/2018,8/27/2016,25
7262240,2468078,"TOVAR,CHRISTOPHER FERNANDO",Garza West,9/25/2026,FELON POSS FIREARM,6/12/2023,10/23/2021,3
7262966,2287164,"MORENO,JESSE",Allred,3/5/2034,AGG ROBBERY,10/4/2019,3/6/2019,15
7265439,2283279,"SMITH,LEON RAVON",Segovia,11/16/2027,POSS CONT SUB PG1 4-200G,9/9/2019,12/12/2018,8
7265442,2547041,"LOPEZ,TIMOTHY RICK FLORES",Garza West,11/12/2027,UNL POSS F/ARM,2/20/2025,2/1/2025,6
7265508,2554365,"ACOSTA,RICARDO",Hamilton,7/14/2026,POSS CS PG1/1-B 4-200G,2/28/2025,7/4/2024,5
7266105,2489066,"SIERRA,VICTOR A",Willacy County,10/26/2033,INDEC CHILD CONTACT,1/29/2024,7/1/2019,10
7266170,2449615,"WEST,JOHNNY FELIX",Hamilton,8/13/2026,ROBBERY,5/10/2023,1/17/2023,4
7266508,2044504,"SALDANA,NICHOLAS PAUL",Huntsville,1/17/2033,AGG ASLT W/DWPN,1/15/2016,12/5/2012,20
7267369,2499400,"ALVARADO,MICHAEL",Dominguez,2/1/2027,HARASS PUB SERVANT,4/10/2024,2/24/2024,5
7267797,2548756,"CRUZ,MAXINE ANGELA",Halbert,9/27/2026,POSS CONT SUB 4-200G,3/20/2025,6/15/2024,10
7268044,1660500,"SUAREZ,EMMANUEL",McConnell,1/1/9999,MURDER,7/9/2010,6/28/2009,Life
7268066,2604035,"SMITH,VICTOR LEROY",Connally,6/26/2043,INDECENCY W/CHLD SEXUAL CONT,2/11/2026,6/8/2025,18
7268086,2538109,"SERNA,CHARLES JOSEPH",Segovia,6/1/2026,AGG ASLT DW,12/12/2024,7/28/2022,4
7268146,2454909,"MIRANDA,FRANCISCO SAUL",Coffield,3/17/2036,DWPN PENAL INSTITU-REPEATER,6/16/2023,5/20/2021,15
7268158,2610216,"SANCHEZ,JACOB",Dominguez,4/21/2027,THEFT PROP <2500 2/M PREV CONV,3/23/2026,10/7/2025,1.1
7268493,2605022,"GUTTIEREZ,ERIC KEITH",Gist,12/1/2030,THEFT PROP 30-150K,2/13/2026,12/1/2025,5
7269942,2388409,"FABELA,JOE LOUIS",Byrd,,POSS WID CONT SUB PG1 4-200G,3/22/2022,2/17/2020,6
7271219,2003877,"JOHNSON,TOMARIS",McConnell,5/29/2060,ROBBERY/REPEATER,5/26/2015,5/29/2014,40
7273294,2545952,"CONTRERAS,KEVIN CASEY",Dominguez,12/20/2026,POSS CONT SUB 4-200G,2/14/2025,11/6/2024,5
7273897,2597567,"DELOSSANTOS,ADOLF III",Torres,2/1/2027,INJ ELDERLY BI,6/28/2024,1/16/2024,3
7274888,2492641,"TELLEZ,JOSHUA DARIUS",Memorial,1/30/2034,UNL CARRY WPN W/FEL CON,3/4/2024,1/31/2024,10
7275079,2520992,"BARRON,MANUEL",Segovia,7/1/2026,VIOL BOND/PROT ORDER 2 PRIORS,8/30/2024,10/29/2022,2
7275590,1371430,"SPENCER,JERRY",Stiles,8/31/2045,AGG SEXUAL ASLT CHILD,5/12/2006,12/31/2003,40
7275728,1496047,"HERNANDEZ,ROBERT",Polunsky,9/29/2056,MURDER,3/26/2008,1/11/2005,50
7276371,2476083,"ESPITIA,GREGORY",Lewis,7/24/2026,VIOL SEX OFF REG-ANNUAL,11/1/2023,9/6/2022,3
7277432,2589319,"MEJIA,ALEJANDRO SALAZAR",Stevenson,10/31/2037,AGG ASLT W/DWPN,11/3/2025,6/21/2024,12
7277748,2514734,"AMIR,AYARI",Briscoe,5/24/2027,FELON POSS FIREARM REPEATER,7/24/2024,1/16/2024,8
7278682,2570175,"GORE,JACOB MICHAEL",Segovia,1/20/2027,POSS CS PG1/1B 4-200G,7/14/2025,1/20/2025,2
7278843,2076545,"GARZA,DANIEL",Clements,7/26/2045,MURDER,2/4/2016,5/17/2014,31
7279677,2159089,"TEJEDA,RAY CADENA",Ferguson,3/9/2030,AGG ROBBERY,9/8/2017,3/9/2017,13
7279810,1744960,"TRIPLETT,KENZA",Ferguson,9/1/2074,MURDER,9/23/2011,8/3/2009,60
7280061,2548521,"BATY,ALEXANDER",Segovia,11/8/2027,UNAUTH USE OF VEH (HAB),1/7/2025,2/12/2023,3
7281969,2141091,"LOZANO,NOELIA VASQUEZ",Murray,6/17/2042,MURDER,6/22/2017,12/9/2015,25
7281997,1827180,"VILLA,STEVE RAY",Ellis,12/5/2035,MURDER,11/26/2012,12/5/2010,25
7283548,2588024,"DOLD,ALBERT",Lewis,4/8/2041,ASLT PUB SERV,8/26/2025,2/10/2025,35
7284329,2550450,"GOMEZ,ENRIQUE BREEN",Memorial,7/31/2029,UNL CARRY WPN W/FELONY COV,3/13/2025,2/22/2022,10
7284395,2595403,"POOLE,TIFFANY MARIE",Plane,1/2/2028,POSS CS PG1/1-B 200G-400G,12/18/2025,9/12/2025,5
7284759,2349136,"ESPADA,NOAH",Telford,1/1/9999,CAPITAL MURDER- OTHER FELONY,6/4/2021,3/18/2004,Capital Life
7284836,2416755,"URIEGAS,ARTHUR TEJEDA",Lewis,9/28/2032,INDEC W/CHILD CONTACT,10/7/2022,9/28/2019,10
7286867,1856771,"LAMAR,CHRISTOHER HUGHES",Huntsville,3/22/2042,MURDER,4/22/2013,3/22/2012,30
7286985,2575803,"GARCIA,ADRIAN",Dominguez,10/14/2028,FAIL COMP SEX OFF DUTY REG LIFE/,8/13/2025,6/3/2024,4
7287559,2566872,"MARTINEZ,DANNY",Segovia,6/30/2026,ASLT FAM,6/10/2025,8/20/2022,4
7288780,2574850,"DIAZ,JAMES TREVINO",Memorial,4/1/2027,PROH WEAPONS,7/24/2025,12/23/2024,6
7289887,2207434,"JIMENEZ,OSCAR",Segovia,1/22/2028,POSS WID CONT SUB 4-200G,6/26/2018,6/27/2016,10
7290594,2514764,"WALTON,MARK JR",Clemens,1/31/2031,INTOXICATION ASSAULT,7/22/2024,1/31/2023,8
7291584,2571531,"CHAMBERLAIN,XAVIER",Lopez,10/9/2029,ASLT FAM HSE MEM PREV,7/15/2025,2/17/2024,5
7291998,2443416,"SMITH,MANUEL ALONZO",Jester III,6/1/2026,FELON POSS FIREARM,4/3/2023,12/20/2021,5
7292854,1792296,"MALDONADO,JOSEPH",Clements,6/14/2026,SEX ASLT,6/7/2012,5/7/2004,14
7292986,2604781,"SCHOLTE,VANESSA MARIE",Plane,12/3/2027,PROH SUB/ITM CORR/CIV COM FACIL,2/24/2026,12/3/2025,2
7293398,2603029,"LOPEZ,MICHAEL ANTHONY",Dominguez,5/26/2027,POSS CS PG1/1-B 1-4G,2/4/2026,7/20/2025,4
7293520,2566868,"GARZA,HILLARD",Segovia,1/31/2027,THEFT PROP L/2500 2MORE PRE CON,6/23/2025,1/31/2025,2
7294326,2408327,"MARTINEZ,MATTHEW ADAM",Dominguez,10/4/2028,AGG ROBBERY,8/18/2022,10/5/2021,7
7294732,2471007,"TAYLOR,ROLAND LUTHER",McConnell,11/5/2032,FRAUD USE/POSS ID INFO 50 IT,10/5/2023,12/6/2021,10
7294853,2277429,"ROBINSON,HERMAN KENNETH",Lopez,1/24/2033,AGG ASLT AGAINST PUB SERV,7/31/2019,1/25/2018,15
7294884,2566884,"SLINGERLAND,XAVIER VALENTINE",McConnell,1/23/2032,UNL CARRY FEL CONV,6/17/2025,1/23/2025,7
7296640,2609550,"TORRES,JOSE LUIS",Glossbrenner,10/23/2026,UNL CARRY WEAPON W/FELONY CON,7/8/2024,12/20/2023,4
7297345,2606153,"CUELLAR,GILBERT",Garza West,2/14/2028,POSS W/I DEL CONT SUB PG1 4-200G,11/18/2020,3/8/2019,8
7297504,1793847,"RODRIGUEZ,JOE ANTHONY",Estelle,12/20/2040,AGG ROBBERY,6/19/2012,11/14/2010,30
7297711,2006376,"JARAMILLO,LOUIS",Hughes,11/19/2026,INJURY TO CHILD SBI OMISS,3/31/2015,10/15/2012,14
7298051,2570189,"SADA,ARTURO",Dominguez,3/3/2029,DEADLY CONDUCT DISCH FIREARM,7/1/2025,3/3/2024,5
7298270,2417631,"CASTRO,IVAN RAFAEL",Briscoe,5/24/2053,MURDER,10/7/2022,5/24/2018,35
7299148,2550889,"VALDEZ,ROLAND III",Cotulla,11/1/2026,ASLT FAM 2ND OFFENSE,1/11/2023,6/10/2022,5
7300606,2408339,"WASHINGTON,PHILLIP T",Connally,4/23/2044,AGG ROBBERY,8/15/2022,12/30/2021,22
7301253,2496478,"LOPEZ,ISRAEL LEE",Willacy County,8/30/2029,FAIL-STOP & RENDER AID-DEATH,3/25/2024,4/2/2020,12
7301477,2601714,"SMITH,PATRICK JAMES JR",Segovia,6/9/2027,UNL POSS FIREARM FEL,1/23/2026,8/9/2024,3
7301888,2614174,"RAMIREZ,JOSE ANTONIO",Garza West,12/11/2027,POSS CS PG 1/1-B L/1G,3/23/2026,12/11/2025,2
7302052,2531974,"IVORY,CHRISTOPHER CARL",Torres,8/31/2032,AGG SEXUAL ASLT CHILD,11/13/2024,3/12/2023,8
7302197,1806011,"GONZALEZ,JEREMY DANIEL",Clements,9/1/2038,MURDER,8/10/2012,8/29/2010,20
7304189,2560764,"COLEMAN,MARCUS LAMAR",LeBlanc,6/1/2026,INDECENCY CHILD EXPOSURE,5/16/2025,3/16/2023,3
7305917,2462920,"RUCKER,OMAR M",Stevenson,3/20/2032,INDECENCY W/CHILD CONTACT,8/8/2023,4/19/2021,9
7306060,2605023,"HULLABY,KASSIUS JOVAN",Willacy County,6/27/2030,POSS CS PG1/1-B 4-200G,2/11/2026,11/15/2025,10
7306148,1491295,"DARDEN,DARREN WAYNE",Memorial,4/10/2046,MURDER,2/26/2008,4/9/2007,35
7306170,2401137,"KASPRZAK,DAMON ALAN",Torres,4/25/2027,BURG VEHICLE W/2+ CONV,6/22/2022,6/1/2022,10
7306197,2253782,"RANGEL,JOSHUA MARTIN",Connally,2/18/2036,AGG ROBBERY,3/19/2019,1/30/2018,18
7306624,2190625,"BRIGHAM,ANDREW DOUGLAS",Coffield,3/27/2057,AGG SEXUAL ASLT,3/26/2018,12/12/2015,40
7306801,2526669,"GONZALEZ,MANUEL JR",Luther,1/30/2030,FRAUD USE/POSS ID INFO #ITM 5-10,10/9/2024,1/31/2024,6
7307063,2605038,"SALAZAR,RAYMOND III",Gist,8/21/2028,ROBBERY,2/17/2026,8/21/2024,4
7308524,1992901,"LONGORIA,ANGEL H",Lopez,4/14/2034,AGG ROBBERY,4/1/2015,3/29/2014,20
7309458,2207463,"VILLARREAL,DAVID ASA",Connally,12/23/2077,MURDER,6/25/2018,10/16/2015,60
7309679,2615008,"SUSTAITA,MARTIN S JR",Dominguez,4/20/2027,THEFT MAIL=10<30 ADDRESS,4/21/2026,1/21/2026,1.2
7310000,2280653,"ARCE,BOBBY S",Torres,3/15/2034,SEXUAL ASLT,8/30/2019,9/9/2017,15
7310907,2169490,"COOK,JOHNITON RAY",C.T. Terrell,6/25/2030,FELON POSS FIREARM,10/10/2017,9/6/2017,12
7310983,2453693,"ANDERSON,DARRIUS LARON",Coffield,2/28/2052,AGG ASLT DW WPN,6/14/2023,8/29/2020,30
7311014,1611487,"FARR,JEREMY ISAAC",Coffield,1/24/2034,MURDER,11/13/2009,11/20/2000,30
7311586,1722715,"DELEON,EDWARD ANTHONY",Clements,6/21/2043,MURDER,6/10/2011,6/7/2010,33
7313923,2543504,"HERNANDEZ,FRANK",Dominguez,12/25/2026,ASLT FAM HSE MEM,1/31/2025,12/5/2022,5
7313933,2572366,"GARCIA,ALEJANDRO FERNANDO",Havins,9/25/2026,MAN/DEL CS PG1 4-200G,7/23/2025,9/11/2013,5
7314421,2566439,"GARZA-PYLE,CYNTHIA ANN",Plane,4/18/2027,FORGERY FINANCIAL INSTRUMENT,6/17/2025,3/15/2019,2
7315511,2169493,"GARCIA,ALBERTO JR",Goree,9/15/2026,ONLINE SOL MINOR MEET W/INT SEX,11/28/2017,11/10/2016,28
7315953,1832598,"GUTIERREZ,SAMUEL",Dalby,12/18/2032,AGG ASLT DWPN,1/7/2013,9/6/2010,20
7317456,2585414,"FRANCIS,JAMES L JR",Dominguez,11/1/2026,POSS CS PG1/1-B 1G,10/14/2025,2/22/2025,3
7317540,2543487,"ALMANZA,HUGO ALONSO",Connally,6/28/2034,AGG ASLT W/DEADLY WPN,2/4/2025,6/28/2024,10
7317614,2227103,"PENUELAZ,CHRISTOPHER",Clements,5/19/2047,AGG ROBBERY,10/8/2018,5/10/2017,30
7318318,1338705,"ALEMAN,ARMANDO",Allred,1/1/9999,MURDER,11/16/2005,5/26/2004,Life
7318802,2610530,"MENDEZ,EBERTO AGUSTIN",Lewis,6/9/2083,INJ ELDERLY SBI,3/18/2026,6/9/2023,60
7319927,2532162,"CALDWELL,MASON DAVID",Luther,9/18/2039,SEX ASLT CHILD,11/22/2024,2/16/2021,15
7320050,2614156,"GUZMAN,MANUEL ANTHONY",Garza West,8/24/2035,AGG ASLT W/DEADLY WPN,4/17/2026,8/24/2025,10
7320458,2324860,"ESQUIVEL,JOE",Michael,6/1/2026,INDECENCY W/CHILD CONTACT,9/29/2020,9/1/2016,10
7321106,2526672,"HUIZAR,CHRISTOPHER",Torres,5/14/2027,VIOL BOND PROT ORD 2X W/I 12MO,10/8/2024,2/11/2024,7
7321500,2600649,"HOLDEN,HUNTER TATE",Segovia,1/8/2027,UNL POSS FIREARM BY FELON,5/28/2024,9/29/2022,3
7323570,2362566,"URIBE,JUANITA MARIE",Hobby,6/27/2026,RETALIATION,8/11/2021,4/5/2021,5
7324327,2503687,"VILLAGOMEZ,JOSHUA J",Luther,3/20/2028,POSS CS PG1 4-200G,5/7/2024,2/7/2024,10
7325107,2610515,"COLLINS,BRIAN KEITH",Garza West,5/15/2033,ONLINE SOLICIT MINOR U/14,3/25/2026,12/19/2025,8
7325247,2139887,"LOPEZ,DIANA MARILEEN",Crain,8/1/2026,FAIL STOP/RENDER AID-DEATH,6/23/2017,12/31/2015,12
7325334,1838418,"DAUGHERTY,DILLON",Stiles,8/29/2026,AGG ASLT W/DWPN,1/31/2013,8/27/2012,14
7325668,1544076,"FABELA,OSCAR GABRIEL",Wainwright,8/14/2031,SEX ASLT-CHILD,11/10/2008,6/30/2006,20
7326385,2604784,"IZAGUIRRE,KAREN",Henley,12/31/2026,POSS CS PG 1/1-B<1G,,7/30/2025,8
7326801,2599542,"MARTINEZ,JOSE CARLOS",Bradshaw,7/10/2027,UNL CRRY WPN FELONY CONV,6/2/2025,2/8/2024,5
7327197,2575391,"ARREDONDO,CRISTINA LEAH",Young,10/5/2028,ROBBERY,8/22/2025,10/27/2022,4
7328507,2543498,"DAVIS,ANTHONY L",Lopez,12/8/2027,EVADING ARREST/DETN W/VE,6/28/2022,12/4/2021,4
7329098,1709161,"VILLARREAL,RODOLFO",Montford,6/17/2030,AGG ASSLT AGAINST PUB SERVANT,4/5/2011,6/17/2010,20
7329108,2199571,"BARRERA,GREGORIO",Wainwright,9/21/2066,MURDER,5/14/2018,9/5/2016,50
7330034,2426692,"COLUNGA,OMAR",Estes,7/22/2029,AGG ASLT W/DWPN,12/13/2022,8/20/2020,8
7331800,2550435,"ALVARADO,CHARLES EDWARD",Garza West,3/9/2055,AGG SEXUAL ASLT CHILD,3/11/2025,6/18/2022,30
7331808,2490126,"JOHNSON,ROOSEVELT JAMES",Stevenson,3/11/2028,FELON POSS FIREARM,2/9/2024,10/20/2021,15
7332817,2522581,"MORIN,DAVID",Chasefield Wilderness,4/21/2036,AGG ASLT CAUSES SBI,9/16/2024,7/24/2023,12
7337239,2321313,"CAVAZOS,MICHAEL",Clemens,10/26/2031,ROBBERY,6/26/2020,10/26/2019,12
7339506,2458714,"OLIVARES,JUAN",Wainwright,2/10/2028,AGG ROBBERY,7/19/2023,1/19/2023,5
7340387,2612639,"FONSECA,AMBER NICOLE",Henley,2/12/2027,BURGLARY OF HABITATION,,3/29/2025,5
7341365,2128985,"CASTRO,JESSE H",Memorial,2/12/2028,AGG ROBBERY,4/17/2017,11/5/2012,10
7344108,1466464,"BROWN,ALFRED JOHN",Hughes,7/4/2056,MURDER,10/5/2007,7/5/2006,50
7345227,2536720,"APOSTOLOVIC,HANNAH SIOBHAN",Plane,4/30/2038,ROBBERY,12/17/2024,5/1/2023,15
7349331,2532658,"CORTEZ,RICHARD ANTHONY JR",Torres,6/16/2027,REPEAT VIOL ORD/BOND FAM VIO,9/10/2024,1/28/2024,3
7349561,2531710,"MENDOZA,ALBERTO C JR",Torres,4/19/2028,FRAUD USE/POSS ID INFO L/5 ELD,11/6/2024,3/15/2023,5
7349736,2550181,"LUNA,LEROY AL JR",Segovia,9/30/2026,UNL POSS FIREARM BY FELON,2/26/2025,1/15/2025,4
7350112,2122416,"LOZANO,MICHAEL",Roach,9/12/2033,AGG ROBBERY,3/13/2017,9/12/2013,20
7350739,2526664,"CUNNINGHAM,EAST",Memorial,3/27/2028,ROBBERY,9/25/2024,8/13/2021,4
7351028,1995088,"LEAL,CHARLOTTE ANN",O'Daniel,7/27/2028,INTOX MANSLAUGHTER,5/4/2015,8/2/2012,15
7351130,1485422,"GAONA,BALDOMERO",Smith,4/11/2030,MURDER,1/8/2008,6/24/2004,25
7351657,2510901,"GUERRERO,DESMOND FRANKLIN",Wynne,6/9/2026,ASLT FAM/HSEHLD MEM PREV CONV,6/27/2024,4/1/2023,6
7351682,2219743,"SANCHEZ,SARINA",Crain,12/3/2033,INTOX MANSLAUGHTER,9/10/2018,6/17/2013,20
7352535,2580634,"ALVARADO,JASON ANDREW",Gist,11/9/2026,UUV,9/22/2025,3/7/2024,1.2
7352692,2415588,"GONZALEZ,JOE A",Connally,10/18/2046,AGG SEX ASLT CHILD,9/30/2022,1/26/2017,25
7353004,2529220,"ALVAREZ,ALFRED",Garza East,10/3/2035,POSS CS PG 1/1-B G/400G,10/18/2024,10/3/2023,12
7353093,2604014,"GOMEZ,CARLOS JESUS LUCERO",Torres,8/12/2030,ONLINE SOLICIT OF MINOR,2/9/2026,11/22/2023,10
7353587,2006370,"GARRETT,RODNEY JOE",Garza West,2/11/2048,AGG ASLT AGAINST PUBLIC SERV,5/7/2015,2/11/2014,34
7353800,2593700,"MORAN,WALTER A",Dominguez,5/2/2027,ASLT FAM/HSE MEM IMP BRTH/CIRC,12/1/2025,6/6/2021,2
7354356,2051122,"GONZALES,FELIX JUSTIN",Garza West,6/15/2032,INJ TO CHILD-SBI/INT/KNO,8/26/2015,6/29/2014,15
7354418,2577716,"RODRIGUEZ,EDELMIRO RAM",Clemens,8/21/2027,INJ CHILD/ELD/DIS W/INT BI,8/21/2025,1/1/2018,10
7354500,2531967,"FONSECA,JOEL LEE",Hamilton,12/9/2026,DWI 3RD OR MORE,11/13/2024,7/9/2023,5
7354868,2524715,"VARGAS,GERARDO",Willacy County,2/19/2031,INDECENCY W/A CHILD SEX CONTACT,9/20/2024,6/6/2020,7
7355263,2450059,"WASHINGTON,ESTEVAN COREY",Beto,7/12/2026,VIOL BND/PROT ORD ASLT,5/30/2023,10/20/2022,5
7355639,2237170,"ALVARADO,CRESENCIO",Stevenson,4/27/2032,SEX ASLT,10/31/2018,1/17/2016,13.5
7355805,2478902,"LUCIO,CHRISTOPHER ALAN",Willacy County,4/2/2033,UNL CARRY WPN W/FEL CONV,11/29/2023,4/3/2023,10
7356656,2572706,"FLORES,JULIAN III",Willacy County,12/1/2026,ASLT FAM/HSE MEM PREV CONV,7/28/2025,3/28/2025,3
7356734,1871425,"HERNANDEZ,BERNARDO",Lewis,7/6/2027,AGG SEX ASLT CHILD,7/16/2013,1/1/2012,15
7356950,2429300,"COY,JEREMY DANIEL",McConnell,4/15/2030,POSS CONT SUB PG1 1-4G,11/16/2022,3/28/2021,8
7357114,2537036,"HUBENAK,KYLE A",Stevenson,12/31/2027,POSS WI PROMOTE CHILD PORN,12/11/2024,11/17/2020,10
7357306,2341563,"TREVINO,ADRIAN SERVANDO JOSEP",Gist,3/31/2028,FELON POSS FIREARM,3/18/2021,3/9/2020,7
7358267,2597571,"GUNDRED,RUDY WILLIAM",Willacy County,3/2/2027,ROBBERY,12/15/2025,5/1/2025,3
7363357,2196001,"BROZ,BRONSON",Bartlett,6/28/2036,AGG ROBBERY,4/30/2018,1/30/2017,19
7363609,1326746,"HERNANDEZ,MARIA DELCARMEN",Murray,1/1/9999,CAPITAL MURDER,9/2/2005,7/25/2004,Capital Life
7364220,2551397,"SOTO,JESSE JOE",Stevenson,11/10/2034,MAN DEL CS PG 1 4G-200G,3/20/2025,9/16/2024,10
7368926,1706164,"ROWAN,SHANN ALARIC",McConnell,7/8/2108,MURDER,3/4/2011,7/7/2009,99
7370234,1914570,"RODRIGUEZ,ALEJANDRO",Mechler,4/10/2043,AGG SEX ASLT-CHILD,1/16/2014,5/27/2009,30
7370612,2585419,"GOMEZ,ABEL C JR",Wynne,7/7/2030,INJ CHILD/ELD/DIS W/INT BI,10/20/2025,7/7/2025,5
7371061,2094793,"PACHECO,MOSES",Lychner,11/16/2027,ASLT FAMILY,10/10/2016,1/27/2013,10
7371166,2516940,"BYRON,BRETT",Garza East,3/12/2028,POSS CHILD PORN,7/10/2024,10/12/2023,10
7371401,2396606,"LOZANO,HENRY",Wainwright,5/1/2045,MURDER,6/7/2022,10/17/2018,25
7371404,2410740,"MERCADO,MARTIN",Wynne,1/1/9999,ATT CAPITAL MURDER POLICE OFFI,8/24/2022,6/9/2019,Life
7371490,1376421,"MOSELEY,DARRYL",Coffield,1/1/9999,MURDER,4/27/2006,3/12/2005,Life
7371983,2573795,"SALDANA,GEORGE MICHAEL",Garza East,3/7/2029,ASLT FAM/HSE MEM PREV CONV,7/24/2025,7/16/2024,4
7372684,2611797,"CONTRERAS,ROLAND",Garza West,5/2/2073,MURDER REPEATER,3/27/2026,4/6/2023,50
7374874,2527598,"CRUZ,MICHAEL PATRICK",Garza East,1/20/2032,AGG ROBBERY,10/10/2024,1/20/2024,8
7375065,2584946,"BARRON,ROYREE DEMETRIOUS JR",Garza West,5/29/2029,SEXUAL ASLT,10/7/2025,8/7/2022,4
7375185,2552881,"MENDOZA,ANDREW ANTHONY",Torres,4/27/2034,POSS CONT SUB 4-200G,3/26/2025,12/30/2023,10
7375363,2323887,"PENA,CARLOS ISCO",Lewis,3/15/2027,AGG ROBBERY,8/14/2020,2/23/2020,7
7375795,2252506,"AVALOS,JOHNNY JOE",Robertson,1/1/5555,CAPITAL MURDER-MULTIPLE PERSON,2/19/2019,4/15/2015,LWOP
7376149,2326469,"SANCHEZ,ALEX",Hodge,8/26/2028,ASLT PEACE OFFICER/JUDGE,10/14/2020,9/25/2020,8
7378759,2570196,"TURNER,CHRISTOPHER RON",Segovia,6/1/2026,FAIL COMP SEX DUTY REG LIFE/ANN,7/1/2025,9/13/2024,2
7379621,2604021,"MENDEZ,MARTIN",Gist,11/5/2026,DWI 3RD OR MORE,1/12/2021,9/28/2019,3
7381858,1362240,"RODRIGUEZ,SOLOMAN",Coffield,9/19/2029,MURDER,4/3/2006,9/18/2004,25
7382418,2050182,"JEITANI,ANNAMARIE SALINAS",Crain,1/13/2041,MURDER,2/11/2016,12/4/2013,25
7382780,2465880,"COLEMAN,PAUL ELLIS",Beto,7/16/2026,FELON POSS FIREARM,8/31/2023,8/11/2021,7
7383113,1430922,"STREATER,THEODORE",Hughes,1/1/9999,AGG SEX ASLT CHLD,3/19/2007,3/23/2005,Life
7383236,2334748,"CASTILLO,CHRISTOPHER GABRIEL",Memorial,8/8/2026,POSS WID CONT SUBS PG1 1-4G,1/6/2021,5/21/2020,6
7383793,2340187,"MARTINEZ,JEREMY",Estelle,1/6/2029,AGG ROBBERY,3/11/2021,4/16/2019,8
7386119,2556935,"MORENO,CRYSTAL MARIE",Woodman,12/29/2033,MAN DEL CS PG1 4-200G,5/6/2025,12/29/2024,9
7386220,2409436,"GABRIEL,CHRISTOPHER",Gist,6/1/2026,BURG HABIT INTENT COMMIT ASLT,8/19/2022,12/31/2021,10
7386734,2077888,"GOMEZ,STEVEN JOSE",Vance,6/8/2027,POSS WID CONT SUB 4-200G,6/1/2016,2/23/2016,15
7387535,2483837,"NUNCIO,GINO",Dominguez,6/1/2026,DWI 3RD MORE,1/12/2024,9/8/2022,5
7388455,2584114,"LOPEZ,BOBBIE LEE",Travis County,12/1/2026,POSS CS PG 1/1B 4-200G,9/26/2025,5/29/2025,4
7388487,2303253,"RINCON,JOSHUA",Havins,9/16/2026,AGG ROBBERY,1/9/2020,6/5/2018,10
7391209,2228217,"MARCHAN,MARSHALL DAVID",Montford,3/21/2032,SEX ASLT,10/15/2018,3/22/2017,15
7391732,2517951,"ARREDONDO,CAESAR A",Lewis,6/28/2029,OBSTRUCTION OR RETALIATION,8/8/2024,6/28/2024,5
7391939,2162819,"PEREZ,CRISTOBAL",Hightower,4/23/2028,POSS CONT SUB PG2 4-400G,10/11/2017,4/25/2017,25
7392499,2471947,"GOMEZ,JAKE REGAN",Gist,12/1/2026,PWID CS PG2 4-400G,11/16/2022,5/29/2022,3
7393734,2537034,"GONZALES,RUDY",Hightower,12/29/2031,BURG HABIT,12/16/2024,12/12/2023,8
7395222,2220245,"PEREZ,JUAN CARLOS",Robertson,11/30/2037,AGG ROBBERY,9/7/2018,11/13/2017,20
7395682,2583981,"ORTIZ,PAUL JOSEPH",Garza West,8/28/2030,EVADING ARREST DET W/VEH,10/2/2025,6/27/2025,5
7395816,2508765,"TREVINO,JESSE RENE",Connally,12/15/2030,ASLT FAM CHOKING/STRANG,8/29/2017,8/16/2015,7
7396393,1686464,"MOORE,JOSEPH WESLEY",Hughes,8/4/2053,AGG SEX ASLT,3/21/2005,9/27/2004,40
7400261,2410735,"HINOJOSA,MICHAEL ANTHONY",Allred,12/20/2051,MURDER,8/29/2022,11/11/2021,30
7401372,2157601,"SANCHEZ,RICHARD",Skyview,1/9/2047,INTOXICATION MANSLAUGHTER,8/7/2017,1/7/2017,20
7402082,1795441,"ELLISON,ROBERT",Coffield,8/9/2045,MURDER,6/25/2012,7/18/2010,35
7402565,1950793,"LEWIS,SHAWN MICHAEL",Ellis,4/6/2044,MURDER,6/25/2012,12/31/2008,35
7403173,2556143,"CHAPMAN,JAMAR RASHAUD",Gist,9/20/2028,UNL POSS FIREARM FELON,4/16/2025,9/20/2024,4
7404527,2573779,"CHAVEZ,FREDERICO JR",Torres,7/30/2035,MANSLAUGHTER,8/1/2025,9/5/2022,10
7406018,2478897,"JOHNSON,WILLIAM MALCHUM",Coffield,12/2/2026,FELON POSS FIREARM,11/29/2023,8/8/2023,8
7409007,2461928,"WHITE,LAMAR CALVIN",Stiles,1/30/2056,AGG ASLT WDW SBI FAM/DATING,8/11/2023,1/30/2021,35
7410419,2435066,"MARTINEZ,MICHAEL JAMES",Garza West,12/17/2026,AGG ASLT DW,2/10/2023,12/17/2021,5
7410495,2456627,"DISHONG,ERIC DANIEL",Lopez,8/2/2026,POSS WI/DELV CS PG1 4G-200G,7/6/2023,12/9/2022,10
7411873,2558774,"GOMEZ,JACOB",Huntsville,1/13/2028,FAIL COMP SEX OFF DUTY REG LIFE,4/29/2025,12/19/2024,3
7412571,2057361,"JIMENEZ,JORGE LUIS",Dominguez,6/1/2026,AGG ROBBERY,3/23/2016,12/17/2014,10
7412573,2583595,"PEREZ,GABRIEL SEBASTIAN",Stevenson,11/21/2028,POSS CS PG 1/1-B 1-4G,9/24/2025,9/28/2024,4
7412588,2606162,"LEWIS,JOHN CHRISTOPHER",Garza East,6/13/2029,UNL POSS FIREARM BY FELON REPEAT,2/25/2026,6/13/2025,4
7412602,1910605,"ALVAREZ,AARON",Connally,6/3/2086,AGG SEX ASLT,9/24/2013,11/13/2009,75
7413307,2550194,"ZARATE,AGUSTIN",Stevenson,8/12/2044,AGG SEXUAL ASLT CHILD,3/7/2025,1/1/2015,20
7414714,2577719,"TUCKER,ALVO LAFAYETTE",Ferguson,1/1/2027,BURG OF HABIT,7/2/2024,2/16/2023,5
7414734,1602818,"ALEXANDER,FRANK",Torres,9/9/2051,MURDER,8/11/2009,9/5/2007,44
7414822,2577980,"MECKEL,DILLON LEIGH",Coffield,1/1/9999,MURDER,8/27/2025,6/20/2021,Life
7415269,2607989,"BALLARD,JVON JEREMIAH",Dominguez,2/1/2027,POSS CS PG1/1B 1-4G,9/29/2025,1/13/2024,3
7415280,2520027,"LOPEZ,FIDEL G",Stevenson,6/1/2026,UNL CARRY WPN W/FEL CONV,8/7/2024,7/6/2022,5
7415573,2452901,"DUDLEY,MELVIN THEODORE",Kyle,7/21/2026,POSS WI/DELV CS PG1 4G-200G,6/2/2023,7/2/2020,15
7416249,2553743,"LEMUS,MARTIN JR",Garza East,6/20/2028,AGG ROBBERY,7/19/2016,11/2/2014,12
7416269,2154539,"MONCADA,ANDREW ALLEN",Powledge,6/7/2035,BURG HABIT-FORCE,8/28/2017,6/24/2017,18
7418431,2583973,"MANN,SAMUEL LUCUO",Havins,10/26/2026,ROBBERY,9/24/2025,6/10/2025,4
7419430,2577968,"CORNELIUS,ALBERT LEE JR",Connally,11/12/2026,POSS CS PG 1/1-B 4-200G,8/27/2025,2/8/2025,4
7419627,2478212,"SANCHEZ,EVERARDO",Torres,3/4/2027,POSS CS PG1 1-4G,10/31/2023,11/5/2022,5
7420406,2565455,"DE BERRY,NORA LICETT EUCEDA",Hilltop,1/25/2027,DWI 3RD OR MORE,6/24/2025,5/17/2025,4
7421096,1366172,"JACQUEZ,RUBY",Crain,11/23/2056,INJURY CHILD SBI-INTENT/KNOW,4/10/2006,11/23/2004,52
7421517,2461914,"LAWSON,BENJAMIN BERKLEY",Garza West,6/1/2027,INDECENCY-CHILD EXPOSURE,8/7/2023,12/21/2021,5
7421707,2465031,"HERRERA,AARON MITCHELL",Garza West,4/18/2028,POSS CS PG1 4-200G,8/25/2023,9/13/2020,5
7423368,2605024,"MENCHACA,JASON ANTHONY",Gist,3/18/2027,BURG OF HABIT,2/13/2026,2/9/2021,5
7423925,2601907,"PARKER,LUCIAN PATRICK",Dominguez,11/1/2026,CONT VIOLENCE AGAINST FAMILY,7/29/2025,3/25/2019,2
7424559,2529222,"BUTLER,FRED",Stevenson,10/2/2037,MURDER,7/12/2024,10/2/2022,15
7425261,2600640,"DOMINGUEZ,JESSE MARTIN",Garza East,8/1/2026,POSS CS PG1/1-B 1G-4G,1/21/2026,9/9/2025,2
7426122,2526676,"TOVAR,ELOY REYNALDO",Stevenson,2/23/2031,AGG ROBBERY,10/4/2024,10/23/2022,8
7426862,1834128,"ALANIZ,AARON PATRICK",McConnell,1/1/9999,MURDER,1/10/2013,8/24/2007,Life
7426911,2473764,"VENTURA,FRANCISCO JAVIER GARCI",Ney,9/19/2061,MURDER,10/25/2023,9/17/2021,40
7427762,2453704,"FONSECA,JOEL LEE",Jordan,7/12/2041,AGG SEXUAL ASLT-CHILD,6/15/2023,7/12/2021,20
7427828,1528512,"GARSES,ERNESTO",Stevenson,10/6/2035,MURDER,9/9/2008,10/6/2005,30
7428725,2476098,"RAMIREZ,MICHAEL JAMES",McConnell,5/8/2030,ROBBERY,11/9/2023,2/19/2022,8
7429002,2568520,"FERNANDEZ,STEPHANIE MARIE",Plane,11/4/2027,BURG HABIT REPEATER,7/15/2025,5/4/2025,6
7430323,2583578,"BAZAR,JOSHUA THOMAS",Garza East,12/29/2028,ONLINE SOLICIT MINOR SEX CONDUCT,9/29/2025,8/8/2024,8
7431522,2338580,"LEDDY,PATRYCK JON",Dalby,4/24/2028,ASLT FAMILY 2ND OFFENSE,2/4/2021,10/6/2020,6
7433612,2444162,"SAUCEDO,JACOB",Robertson,2/16/2030,AGG ROBBERY,4/6/2023,2/3/2020,10
7434394,1763630,"DUCKWORTH,TYRON RAMON",Holliday,3/18/2031,SEXUAL ASLT CHILD,1/19/2012,4/26/2010,20
7436815,2065115,"FLUITT,ALLEN JONTA",Ellis,12/13/2026,POSS WID CONT SUB PG1 4-200G,4/28/2016,3/5/2014,30
7437333,2397466,"RODRIGUEZ,RICHARD MIGUEL",W. Scott,7/29/2026,POSS CONT SUB PG1 1-4G,6/3/2022,7/18/2020,5
7437642,2612627,"MORENO,ELENA",Plane,1/8/2029,THEFT PROP $300-$150K,4/6/2026,5/13/2022,6
7439340,2607508,"PRIETO,SAMANTHA JO",Plane,5/6/2028,POSS CS 1-4G,3/16/2026,9/12/2021,3
7439412,2506032,"GUERRA,DAVID",Briscoe,9/21/2026,VIOL SEX OFFEND REG ANNUAL,9/23/2020,8/25/2018,4
7439553,2507388,"JOHNSON,MONISHA MONIQUE",Crain,1/31/2027,DWI 3D/M,6/6/2024,2/1/2024,3
7439895,2487205,"RESENDEZ,EDUARDO",McConnell,3/2/2027,ROBBERY,1/29/2024,9/14/2023,4
7440780,2487207,"VASQUEZ,JOE ANTHONY",Polunsky,12/24/2026,ASSAULT FAMILY 2ND OFFENSE,1/22/2024,6/26/2023,6
7441377,2381768,"LARA,RODOLFO V",Smith,2/27/2027,POSS CONT SUB PG1 4-200G,2/2/2022,5/6/2021,5
7442032,2306811,"VALLEJO,ERNESTO",Huntsville,1/16/2030,INDECENCY W-CHILD-CONTACT,1/29/2020,12/21/2018,10
7442406,2498125,"BARRERA,MATTHEW",Garza West,10/11/2026,CON PROH SUB CORR/CIV FAC (HAB),3/28/2024,5/18/2023,8
7443486,2558783,"YBARRA,THOMAS ALEXANDER",Willacy County,11/21/2029,AGG ROBBERY,4/30/2025,11/19/2024,5
7445046,2611794,"BAKER,SHANE RAY",Garza West,11/14/2034,AGG ASLT DW,4/1/2026,11/13/2025,9
7447164,2576366,"HENDRICKS,AUNDRENIQUE SCHALAE",Crain,10/10/2026,POSS CS PG4 200-400G,8/29/2025,11/30/2017,5
7447273,2464375,"VILLANUEVA,AISHA MARIE",Murray,10/27/2027,FELON POSS F/A,12/7/2022,4/21/2022,5
7447354,2589364,"SMITH,KEVIN",Byrd,4/11/2028,BURG HABIT INT OTHER FELONY,12/1/2025,4/12/2023,5
7448717,2445510,"BRISENO,JOSHUA A",Stringfellow,9/9/2032,AGG ROBBERY,4/17/2023,6/9/2021,10
7449318,2516976,"SALAZAR,MIGUEL ANGEL",Clemens,11/5/2028,ROBBERY,7/30/2024,9/22/2021,5
7451136,1828731,"SALAZAR,ROBERTO",Connally,3/20/2029,AGG ROBBERY,12/17/2012,10/7/2011,15
7452899,2398673,"WASHINGTON,GEORGE JOSHUA",Torres,4/12/2027,AGG PROMO PROSTITUTION,6/17/2022,1/4/2021,15
7453292,1428622,"COONS,RYAN ANDREW",Stringfellow,5/24/2041,AGG ROBBERY,4/2/2007,3/2/2006,35
7453375,2586942,"GARZA,JOANN FLORES",Halbert,6/4/2026,UNAUTH USE OF VEHICLE,,12/5/2021,4
7453391,2589133,"THORNTON,MICHAEL",East Texas Treatment Facility,9/17/2026,VIOL BOND/PROTECTIVE ORDER,,8/6/2021,3
7454642,2449278,"BARRON,STEPHANIE ANN PRISCILLA",Hilltop,1/30/2028,UNAUTH USE VEH -  REPEAT,5/16/2023,9/1/2022,4
7455298,2549200,"MARTINEZ,GILBERT L JR",Dominguez,9/25/2030,AGG ASLT DW,3/5/2025,8/7/2024,6
7456603,1938140,"FRANKS,DARYL RAY LEE",Ferguson,1/20/2029,ROBBERY(REPEATER),6/9/2014,1/4/2014,15
7456933,2468040,"HERNANDEZ,STEVEN",Glossbrenner,8/4/2026,POSS WID CS PG1 4-200G,9/14/2023,12/6/2022,10
7459865,2478172,"CAZARES,VITO",Estelle,5/10/2027,POSS CS PG1 4-200G,11/9/2023,5/17/2022,6
7460712,2287132,"ALVARADO,JOSEPH",Hughes,3/15/2083,MURDER,10/1/2019,3/6/2018,65
7461456,2482084,"GOMEZ,JUSTIN JULIAN",Briscoe,1/27/2027,DWI 3RD/M,12/13/2023,11/27/2020,8
7461583,1352944,"GONZALEZ,JOSE L",Lewis,2/14/2035,AGG SEX ASSAULT CHILD,2/6/2006,2/14/2005,30
7461994,2085500,"SPEARS,ROBERT",Robertson,8/20/2044,MURDER,8/11/2016,7/13/2014,30
7463269,2605401,"MARTINEZ,ANTHONY CASTRO",Powledge,6/17/2064,AGG SEXUAL ASSLT CHILD,2/23/2026,1/1/2013,40
7463611,2585178,"ALLRED,EVERETT EUGENE",McConnell,6/30/2030,ASLT PEACE OFFICER/JUDGE,10/13/2025,5/20/2025,5
7463928,2450562,"SANTOYA,JESSE JOE",Ferguson,11/24/2031,POSS WID CS PG1 4-200G,5/1/2023,8/16/2022,9
7463946,2416745,"MOLINA,DENNIS",Smith,8/21/2026,POSS WID CONT SUBS 4-200G,9/30/2022,11/10/2021,9
7464745,2585430,"KELLEY,JOSEPH IV",Briscoe,9/18/2032,UNL POSS F/ARM BY FELON,10/14/2025,8/31/2025,7
7465461,2193230,"HERRON,RODERICK L",Lynaugh,2/17/2031,MURDER,4/9/2018,9/4/2013,15
7465770,2388408,"ENRIQUEZ,HENRY",Clements,6/16/2034,AGG SEX ASLT,3/14/2022,6/3/2019,14
7465971,2584955,"FLORES,JOSE ANGEL JR",Baten,8/14/2026,POSS CS PG1 1-4G,1/9/2024,3/26/2022,2
7467143,2595400,"EDWARDS,CRYSTAL YVONNE",Plane,12/1/2026,POSS CS PG1 4G-200G,6/24/2022,10/22/2020,3
7467257,2422277,"GILLILAND,JON ERIC",Michael,10/7/2159,POSS CHILD PORN,10/28/2022,8/15/2019,20
7467757,2046709,"GILES,MARSHALL LEE",Stevenson,11/21/2040,MURDER,1/25/2016,11/21/2012,28
7468952,2564630,"HAWKINS,GEORGE LUVERN III",Dominguez,9/15/2028,ASLT PEACE OFFICER,6/2/2025,3/3/2024,4
7469485,2133986,"MOEHLE,JONATHAN CHRISTOPHER",Vance,8/5/2034,ROBBERY,3/16/2017,9/22/2015,18
7469528,2487974,"GARZA,JAMES STEPHEN",Briscoe,10/3/2033,UNAUTH USE VEH,2/2/2024,10/4/2023,10
7469805,2589558,"TAVERA,ERNESTO MANUEL",Garza West,4/1/2027,MAN DEL 4-200G,10/31/2025,6/16/2025,5
7470265,2552620,"BARRON,JOSE ALEJANDRO",Torres,2/9/2034,AGG ROBBERY,3/26/2025,2/4/2024,10
7471625,2447486,"GONZALES,JOE",Wainwright,10/17/2030,INDEC W/CHILD CONTACT,5/4/2023,8/23/2020,8
7473276,2097538,"NARVAIZ,OSCAR Z",Havins,10/27/2026,ROBBERY,10/18/2016,10/12/2015,16
7476655,2478914,"SANCHEZ,ROGELIO",Wynne,7/26/2045,MURDER,11/30/2023,7/5/2020,25
7477293,2596286,"ZAPATA,RAQUEL",Plane,2/18/2030,DDLY COND DSH FIREARM,1/6/2026,2/16/2025,5
7477373,2518759,"NORIEGA,ALBERT LUIS",Garza West,1/12/2032,AGG SEX ASLT CHILD,7/30/2024,11/18/2019,8
7477925,1542894,"GARCIA,TONY",McConnell,4/25/2030,AGG SEX ASLT,2/22/2005,10/19/2003,18
7478399,2600658,"QUATTLEBAUM,XAVIER JAMAL",Willacy County,9/30/2029,POSS W/I DEL CS PG1 4-200G,1/14/2026,6/26/2020,12
7478591,2434161,"MEDINA,JACOB ANTHONY",Willacy County,4/8/2042,INTOXICATION ASLT REPEATER,2/13/2023,4/8/2022,20
7479295,2589552,"ORTIZ,ERIC ABEL",Dominguez,6/1/2026,POSS CS PG1 1-4G,3/12/2024,3/30/2022,3
7479673,2447735,"DURON,DANIEL CRUZ",McConnell,2/1/2027,AGG ASLT W/DWPN,5/2/2023,5/11/2022,5
7479844,2605396,"EXON,JOHN STEVEN",Dominguez,7/20/2026,POSS CS PG1/1-B 1-4G,11/14/2024,4/9/2024,4
7479957,2531729,"SANCHEZ,VINCENTE",Garza East,11/2/2029,AGG SEX ASLT CHILD,11/4/2024,8/14/2009,5
7483682,2531743,"ZURITA,BOB",Dominguez,8/9/2028,MAN DEL CS PG1 4-200G,11/5/2024,8/31/2022,10
7483763,2393861,"JOHNSON,ANTHONY TYRONE",Beto,7/2/2026,FELON POSS F/ARM,5/6/2022,9/12/2021,8
7483865,2088529,"MIRANDA,GILBERT",Lewis,12/5/2031,TRAFF OF PERSON <18-PROST,1/25/2018,2/6/2016,15
7484320,2567943,"TRUJILLO,JOSHUA",Torres,9/13/2027,AGG ASLT W/DDLY WPN,6/17/2025,12/16/2023,3
7487653,1738452,"KELLY,JAMES CLAYTON",Torres,10/10/2047,MURDER,8/26/2011,6/9/2007,40
7487658,1688559,"RIVAS,JIM ALEC",Telford,3/10/2027,AGG ROBBERY,12/7/2010,10/11/2010,15
7488350,2125184,"CANTU,JUAN",Allred,3/2/2042,MURDER,3/27/2017,11/15/2014,27
7488772,2588029,"RODRIGUEZ,JOHNNY JR",Lopez,11/17/2026,POSS CS PG1/1-B 1-4G,10/24/2025,10/21/2024,3
7489064,2608281,"CAREY,ISAIAH MAURICE",LeBlanc,6/2/2029,HARASS PUB SERV,3/6/2026,5/15/2024,5
7489129,2584958,"GARZA,NATHAN",Briscoe,11/26/2027,INTOX ASLT W/VEH SBI,10/8/2025,7/1/2021,7
7489357,2586743,"RAMIREZ,STEVEN",Glossbrenner,6/3/2026,AGG ROBBERY,,4/3/2018,10
7492192,1331984,"CRAFT,MICHAEL",Duncan,3/24/2030,AGG SEXUAL ASLT CHILD,9/20/2005,10/21/1989,25
7495128,2502452,"GARAY,ROY D",Wynne,9/15/2033,ASLT FAM 2ND OFFENSE,4/29/2024,12/24/2022,10
7496041,2535863,"CRUZ,JUAN",Cotulla,4/1/2027,BURG OF HABIT,12/6/2024,7/21/2022,8
7496074,2457928,"RUIZ,ANGEL RAUL",Connally,3/10/2037,SEXUAL ASLT,3/20/2023,3/5/2022,14
7497100,2214949,"HERRERA,JAMES THOMAS",Lynaugh,11/12/2042,AGG SEXUAL ASSAULT CHILD,8/8/2018,5/2/2011,25
7500909,2393860,"IRUEGAS,RAUL FERNANDO",Lewis,3/6/2027,POSS PROH FIREARM SILENCER,5/5/2022,12/28/2020,5
7500978,2609325,"HERRERA,BRANDON DAVIS",Segovia,8/1/2026,EVAD ARREST DET W/VEH,3/16/2026,2/18/2022,2
7502727,2387506,"HESSBROOK,DANIEL MICHAEL",Dominguez,11/18/2026,ASLT FAMILY 2ND OFFENSE,3/21/2022,9/1/2019,4
7502734,2093357,"HURON,JASON REYNA",Wallace,11/26/2035,INTOXICATION MANSLAUGHTER,9/27/2016,2/28/2015,20
7502857,2501431,"SWANK,CHARLZ EVERETT",Clemens,11/1/2026,FELON POSS FIREARM,4/29/2024,9/6/2023,7
7502861,1750471,"MEDRANO,ISRAEL RICHARD",Michael,3/17/2035,MURDER,10/21/2011,8/20/2008,25
7503034,2468978,"SANCHEZ,PATRICK",Connally,4/16/2029,AGG ASLT PUB SERV,9/21/2023,12/7/2020,8
7503041,1821412,"MENDOZA,ALLAN TROY",McConnell,11/27/2026,AGG ROBBERY,10/26/2012,9/29/2011,15
7503989,2607504,"HERRERA,MARIA LETICIA",Plane,2/1/2027,BURG OF HABIT,3/5/2026,6/7/2024,5
7504656,2483935,"FLORES,ROBERT JOSEPH",Gist,6/16/2026,BURGLARY HABITATION FORCE,1/5/2024,12/17/2022,7
7504713,2067231,"MARTINEZ,RAYMUNDO",Polunsky,7/1/2059,AGG ROBB,5/12/2016,6/28/2014,45
7506037,2572373,"PRUNEDA,GREGORY GONZALES",Segovia,11/23/2026,POSS CS PG 1/1-B 1-4G,7/17/2025,3/7/2024,2
7508834,2207442,"MARTINEZ,JESSE",Wynne,6/3/2035,MURDER,6/28/2018,3/25/2016,19
7509195,2594729,"GUAJARDO,GARY MICHAEL",Segovia,8/1/2026,EVADE ARREST DET W/VEH,12/9/2025,5/15/2025,2
7509255,2329239,"MARTINEZ,ROBERT MARSHALL",Ellis,3/25/2030,EVADING ARREST/DETN W/VE,9/16/2020,8/9/2018,8
7509580,2405356,"IRVIN,JORDAN ALEXANDER",Dominguez,8/26/2026,POSS CONT SUB PG1 4-200G,7/22/2022,2/3/2021,5
7509648,2421397,"ARIZMENDEZ,ANTHONY",Lopez,8/2/2026,UNL CARRY WEAPON W/FELONY CON,11/4/2022,5/23/2022,10
7510663,2601697,"HAMAN,JAYSON WILLIAM",Ellis,9/10/2028,UNL POSS FIREMAN BY FELON,1/27/2026,6/12/2025,7
7511176,2453721,"RIVERA,ALEJANDRO REFUGIO",Ramsey,10/26/2027,POSS CS PG1 4-200G,6/5/2023,11/11/2022,12
7511902,2594741,"QUINTANILLA,DAVID RENE ZEPEDA",Segovia,8/1/2026,EVAD ARREST DET VEH,12/10/2025,8/7/2024,2
7514630,2604779,"LARA,NICOLE MARIE",Plane,8/9/2029,AGG ASLT DW,2/18/2026,3/5/2024,4
7516548,2452896,"AVERY,MICHAEL",Garza West,3/30/2029,INDEC CHILD EXPOSURE,6/9/2023,5/16/2021,6
7516569,1851165,"SAENZ,CHARLES MATTHEW",Clements,1/1/9999,AGG ROBBERY,1/24/2013,12/23/2010,Life
7516682,1433926,"LIMON,ANTONIO OBREGON",Montford,1/1/9999,CAPITAL MURDER,4/18/2007,5/15/2005,Capital Life
7516947,2582510,"MARTINEZ,LEE ANDREW",Dominguez,8/4/2027,POSS CS PG1/1-B 4-200G,9/17/2025,12/9/2021,7
7516977,2609585,"ROJAS,VICTOR MANUEL JR",Garza West,11/11/2029,AGG ASLT DW,3/17/2026,11/11/2025,4
7517429,2599547,"PEREZ,RUBEN SANTOS",Garza West,4/30/2037,AGG ROBBERY,1/15/2026,4/29/2025,12
7517504,2519855,"AMAYA,JOE",Segovia,9/12/2026,POSS CS PG1/1-B 1G-4G,8/23/2024,5/17/2024,2
7518115,2269298,"COLEMAN,KAGIE",Polunsky,1/27/2043,FELON POSS FIREARM,5/10/2019,6/7/2018,18
7520947,2512876,"MARQUEZ,JEREMY JEFF",C.T. Terrell,8/9/2033,AGG SEX ASLT CHILD,7/17/2024,6/17/2017,10
7523110,2452925,"RODRIGUEZ,GERARDO",Havins,10/7/2026,ROBBERY,6/13/2023,12/15/2020,8
7523850,2433286,"ARREDONDO,ALDO EDWARDO",Hughes,1/23/2038,AGG SEX ASLT CHILD,1/27/2023,1/29/2021,15
7525550,1498302,"HERRERA,VERONICA",Crain,5/16/2087,MURDER,3/25/2008,6/1/2005,80
7525638,2464853,"REEVES,CHANCE HOUSTON",Wynne,4/25/2035,AGG ASLT W/DDLY WPN,8/22/2023,7/23/2022,12
7526646,2518962,"HERNANDEZ,FABIAN",Dominguez,3/30/2029,POSS W/I DEL CS PG1 4-200G,8/13/2024,7/6/2023,12
7526807,2582506,"JONES,KEELAN RUSSELL",Garza West,3/20/2031,UNL POSS FIREARM BY FELON,9/24/2025,3/20/2025,6
7526911,2600638,"CURTIS,R C",McConnell,1/1/9999,CAPITAL MURDER,8/22/2025,10/21/2015,Capital Life
7527008,2539248,"CARLSON,DEVIN WAYNE",Clemens,2/25/2030,AGG ASLT DW,12/19/2024,2/27/2019,7
7527047,2595689,"HERNANDEZ,MARCOS",Dominguez,8/24/2027,UNL POSS FIREARM FELON,12/17/2025,10/23/2024,2
7528313,2574889,"MCCALL,DAVID JOHN",LeBlanc,1/6/2028,UNL POSS FIREARM BY FELON,7/10/2025,7/12/2024,6
7528373,2584449,"ZUNIGA,BEVERLY MARIE",Plane,2/2/2027,ASLT FAM,4/14/2022,1/2/2022,5
7528681,1673307,"FLORES,TOMMY",Robertson,1/1/5555,CAPITAL MURDER-MULTIPLE PERSON,9/17/2010,2/18/2008,LWOP
7529098,2405615,"GALVAN,JACOB LEE",Dominguez,10/11/2033,ROBBERY,8/1/2022,9/27/2018,15
7533411,1495025,"GREEN,ADRIAN LAMONT",Hutchins,10/1/2026,MURDER,3/14/2008,4/9/2007,33
7535382,2606284,"TERRAZAS,APRIL MARIE",Halbert,11/3/2026,POSS CS PG1 1-4G,3/3/2026,7/5/2021,3
7537181,2248280,"SAUCEDO,MELANIE",Coleman,2/6/2027,INTOX ASSAULT,2/11/2019,11/24/2014,8
7537874,1735390,"TORRES,SANTIAGO TORRES",Pack,4/4/2030,INTOXICATION MANSLAUGHTER,8/10/2011,4/4/2010,20
7542351,1925771,"GARCIA,EDWARD",Coffield,7/10/2033,AGG ROBBERY,4/8/2014,7/9/2013,20
7544271,2257397,"CARDENAS,FRANCISCO JAVIER",Telford,12/19/2030,FELON POSS FIREARM,4/8/2019,12/19/2018,12
7545029,2606182,"YBARRA,MARTIN JR",Torres,6/9/2033,UNL POSS FIREARM FELON,2/26/2026,8/4/2025,17
7546782,2400113,"BELL,WILLIE LEE",Wainwright,9/21/2033,EVADE ARR/DET W/VE,6/27/2022,9/21/2021,12
7546877,2295001,"HILL,LEANDRE VONZELL",Briscoe,7/14/2053,MURDER,11/14/2019,3/24/2012,40
7549989,2093356,"HERNANDEZ,IVAN DEJESUS",Hughes,2/22/2056,AGG ROBBERY,9/30/2016,10/27/2015,40
7551814,2414482,"REYNOSA,LUCIANO",Willacy County,4/26/2034,POSS CONT SUB 1-4G,9/19/2022,4/26/2022,12
7552240,2613359,"MCKNIGHT,DAMIEN DEMONE",Glossbrenner,11/13/2026,ASLT FAM 2ND OFFENSE,2/20/2024,7/24/2022,5
7553535,2606277,"HARDNET,LILA DENIESE",Halbert,11/3/2026,BURG HAB,3/5/2026,10/4/2020,4
7553821,2553966,"CYPHERS,DERRICK",McConnell,3/8/2028,VIOL SEX OFF REG,4/4/2025,5/29/2023,4
7553862,2498156,"TORRES,JOSE ANGEL",Estelle,7/12/2026,INDECENCY W/CHILD CONTACT,4/1/2024,10/14/2020,4
7555173,1458746,"VALDIVIA,CHRISTOPHER",Lewis,7/22/2045,MURDER,3/16/2007,7/22/2005,40
7555321,2398185,"ESTRADA,JUAN CARLOS",Jordan,1/27/2041,AGG ASLT W/DWPN RPT,6/14/2022,1/26/2021,20
7556440,2519499,"RAMIREZ,ANGEL",Crain,8/16/2026,ASLT FAM CHOK STRANG,7/18/2024,6/5/2022,5
7557821,2581264,"ARRIAGA,DANIEL ANTONIO",McConnell,4/2/2027,UNL POSS FIREARM FELON,9/12/2025,4/2/2025,2
7557945,2609590,"VOGT,DANIEL",Garza East,2/10/2033,MAN DEL CS PG1B 4-200G,3/19/2026,10/17/2025,7
7558014,1681291,"ORTIZ,JUAN JOSE",Memorial,6/3/2030,AGG SEXUAL ASLT CHILD,10/26/2010,4/6/2005,20
7558509,2532677,"RIVERA,EDUARDO",Lopez,2/1/2027,MAN/DEL CS PG1 1-4G,11/20/2024,7/18/2023,6
7558953,2588367,"GALINDO,DAVID B JR",Stiles,2/25/2027,THEFT PROP $2500 2/MORE PRE CONV,10/30/2025,8/7/2024,3
7560520,2585460,"RUIZ,ALEXANDER",Dominguez,3/2/2027,POSS CONT SUB 4-200G,10/16/2025,2/15/2025,6
7561408,2274446,"LACEY,SEAN CARLTON",Allred,9/25/2088,ROBBERY,7/22/2019,9/23/2018,70
7563094,2434043,"GUTIERREZ,JOHN ADAM",B. Moore,3/22/2027,SEXUAL ASLT CHILD,2/3/2023,4/30/2021,5
7563539,1643066,"PORTILLO,CARLOS A",Ferguson,11/17/2043,MURDER,5/6/2010,11/15/2008,35
7563554,2355355,"TREJO,CHARLES",Beto,6/1/2026,ROBBERY,7/15/2021,4/17/2019,5
7564156,2499425,"PEREZ,ISRAEL",Garza East,8/2/2026,INDECENCY W/CHILD-CONTACT,4/9/2024,6/15/2019,3
7564777,2491607,"CARRANZA,JUAN DIEGO",Stringfellow,1/22/2027,SEXUAL ASLT CHILD,2/12/2024,8/8/2021,6
7565203,2510906,"HUDSON,ALEXANDER LANCELOT",Memorial,12/1/2026,BURG HAB INT COMM ASLT,6/20/2024,12/19/2022,6
7565244,2613039,"RIVERA,RAUL CARLOS",Garza West,4/1/2027,ARSON INT DAMAGE HAB WORSHIP,4/25/2025,2/19/2023,3
7566551,2601483,"MOJICA,MARCUS",Dominguez,3/18/2027,POCS PG1/1-B<1G,1/28/2026,6/8/2024,1.5
7567104,2094768,"ALLEN,BRIAN",Clements,9/30/2031,SEXUAL ASLT CHILD,10/3/2016,5/3/2014,15
7568123,2557577,"BENAVIDES,JASON",Dominguez,3/8/2032,ASLT INT/RECK BRTH/CIRC FAM PREV,4/28/2025,1/3/2024,8
7570804,2572703,"CERDA,EDWARD",Hamilton,10/1/2026,POSS CS PG1 1-4G,1/23/2025,7/7/2023,2
7571682,2607641,"SANCHEZ,JOHNNY JOE",Dominguez,9/30/2026,POSS CS PG 1/1-B<1G,3/5/2026,10/13/2025,0.6
7571784,2466816,"GONZALEZ,OSCAR",McConnell,3/30/2038,AGG SEX ASLT CHILD,8/29/2023,6/21/2019,15
7571955,2106148,"LOZANO,AVIE LEE",Garza East,9/13/2056,BURG HAB-INT COMM FEL,12/14/2016,10/23/2014,40
7572053,2046700,"BAUTISTA,CHRISTIAN",Montford,1/1/9999,MURDER,2/3/2016,12/31/2013,Life
7573269,2471965,"WALKER,JUSTIN CHANDLER",Ney,5/17/2029,SEXUAL ASLT,10/11/2023,5/15/2023,6
7573544,2196035,"LUCERO,KRISTOPHER A",Connally,9/7/2043,MURDER,4/26/2018,9/7/2016,27
7573769,1727364,"PRICE,MELVIN D",Polunsky,8/31/2055,MURDER,6/20/2011,1/25/2010,45
7573792,2486057,"CADE,MONTRAE JAKOY",Hughes,9/22/2026,ROBBERY,1/19/2024,2/8/2019,4
7573898,1524902,"TREVINO,LUIS X",Ferguson,4/16/2057,MURDER,8/25/2008,12/9/2006,50
7574398,2547999,"FERGUSON,ELLIOTT J",Kyle,8/4/2026,POSS CS PG1 4-200G,8/8/2022,2/1/2021,7
7574905,2410764,"SOWERS,JUSTIN HENRY",Memorial,5/3/2053,AGG ROBBERY,8/15/2022,5/4/2018,35
7576310,2601898,"VIDAL,MARIO WILFREDO JR",Stevenson,2/26/2029,DWI 3RD OR MORE REPEATER,2/2/2026,7/24/2020,8
7576686,2398637,"CARDONA,ANDRES LUNA",Segovia,3/27/2028,POSS WID CONT SUB PG1 4-200G,6/14/2022,5/10/2022,5
7577777,1768457,"HERNANDEZ,JESSE",Ramsey,12/28/2026,AGG ROBBERY,2/14/2012,11/6/2010,25
7578687,2606788,"MASHBURN,KEVIN RAY",Stevenson,10/12/2030,POSS CS PG1/1-B 400G,3/2/2026,5/6/2025,10
7578758,2571348,"VILLANUEVA,LUIS MIGUEL",Garza West,3/4/2027,DWI 3RD MO,7/16/2025,9/10/2023,4
7580787,2562454,"VILLARREAL,JOSEPH",Goree,8/3/2026,FAIL COMPLY SEX OFF DUTY REG,8/7/2023,2/8/2022,3
7581315,2520424,"BROWN,DAMIEN JAMAL",Allred,8/23/2028,AGG ROBBERY,8/27/2024,8/23/2020,8
7582245,2412132,"MARTINEZ,RUDY",Michael,7/2/2026,AGG ASLT DW,8/22/2022,7/2/2021,4
7583863,2481530,"PULIDO,CHRISTOPHER MICHEAL",Garza West,5/18/2028,POSS CS PG1 1G-4G,9/8/2023,4/8/2023,4
7584234,1673316,"PANEK,DANIEL JOSEPH",Vance,12/27/2029,MURDER,9/27/2010,6/28/2008,20
7584418,2016079,"PORTER,EVAN MICHAEL",McConnell,3/25/2033,AGG ROBBERY,8/7/2015,3/26/2015,18
7584434,2558543,"OSBORNE,JOSHUA WILLIAM",Glossbrenner,11/12/2026,DWI 3RD MORE,3/27/2019,7/15/2018,5
7584930,2444339,"JOHNSON,XAVIER DESHAWN",Dalby,11/1/2038,AGG ASLT AGAINST PUB SERV,9/21/2022,10/5/2019,18
7585642,1389039,"LOPEZ,VICTOR ANTHONY",Stiles,9/18/2030,AGG ROBBERY,8/24/2006,9/14/2005,25
7586929,2605030,"PINEDO,ARMANDO",Gist,11/27/2027,POSS CS PG2 4-400G,2/6/2026,10/11/2019,2
7587033,2459765,"HOUSTON,TRIEDELL GENE",Lopez,6/1/2026,ASLT FAMILY CHOKING/STRANG,7/26/2023,7/27/2021,4
7587129,2436098,"ROMERO,DANIEL JR",Glossbrenner,7/7/2026,ROBBERY,2/13/2023,12/30/2021,10
7588025,2405350,"ESTRADA,DAVID JAMES",Stevenson,6/15/2037,MURDER,7/22/2022,9/5/2020,15
7588972,2214985,"WILLIAMS,REGIS KEVINE",Clements,5/2/2032,AGG ROBBERY,8/14/2018,1/21/2017,15
7589695,2092093,"OROZCO,ALEJANDRO",Ferguson,9/21/2055,MURDER,9/20/2016,9/21/2015,40
7589960,2600810,"NEIRA-SANCHEZ,GILBERT ANTHONY",McConnell,4/5/2040,AGG SEXUAL ASLT CHILD,1/15/2026,2/27/2016,15
7590172,2537044,"PENA,UVALDO IV",Clemens,1/13/2027,POSS CS PG 1/1B 1G DFG IAT,12/10/2024,8/14/2024,2.4
7591522,2075148,"VILLARREAL,JOSE CARLOS",McConnell,12/2/2038,MURDER,6/24/2016,2/27/2014,23
7592037,2071272,"PEREZ-GONZALEZ,ROBERT A",Bridgeport,11/11/2027,AGG ROBBERY,5/31/2016,11/11/2015,12
7592226,2590126,"VASQUEZ,ISAIAH THOMAS ROBERT",Willacy County,12/1/2026,FRAUD U/P ID INFO ITMS L/5 REAP,11/13/2025,6/23/2025,2
7592771,2585415,"GAMBOA,CHRISTOPHER EDWARD",Dominguez,6/4/2026,POSS CS PG1 1-4G,10/21/2025,2/7/2021,2
7594321,2579977,"WILSON,CHARLES DANIEL",Briscoe,7/25/2030,AGG ASLT DW,9/29/2025,11/9/2020,5
7595283,2561534,"VILLANUEVA,JUAN FRANCISCO JR",Garza West,4/3/2028,EVAD ARREST/DET W/PRE CON HAB,5/22/2025,6/25/2024,3
7598670,2401808,"TREVINO,LAURIE ANGELICA",Hobby,7/4/2031,INDECENCY W-CHILD-CONTACT,7/11/2022,8/7/2019,10
7600717,1943874,"MAYS,MATTHEW TAYLOR",Wynne,2/17/2031,INJURY CHILD SBI OMISSION,7/16/2014,9/13/2012,18
7600825,1701949,"GUTIERREZ,JUAN",Connally,11/15/2045,MURDER,2/22/2011,11/15/2008,37
7602515,1528514,"GUERRERO,JOE LUIS",McConnell,1/1/9999,MURDER,9/8/2008,5/19/2005,Life
7602563,1785740,"JONES,KEVIN JOSEPH",Allred,1/21/2056,AGG SEX ASLT CHILD,5/10/2012,1/21/2012,40
7602743,1420621,"JARAMILLO,RUBEN ANTONIO",Connally,10/16/2050,AGG ROBBERY,2/6/2007,9/27/2005,45
7602993,2498151,"RODRIGUEZ,CHRISTOPHER ADAM",Stiles,2/22/2044,UNL CARRY WPN W/FELON CON HABIT,4/4/2024,9/17/2023,50
7603254,2478875,"AMAYA,PEDRO ANDRES",Garza West,8/28/2026,FELON POSS F/ARM,11/27/2023,7/16/2022,4
7604505,2125202,"JONES,TRE ANTHONY",Wainwright,12/15/2040,MURDER,3/23/2017,9/26/2015,25
7604515,2471944,"DOTSON,TODD JAEL",C.T. Terrell,8/15/2027,ASLT FAM 2ND OFF,10/5/2023,1/9/2023,11
7605606,2290777,"MORALES,JOHNNY RAY",Michael,3/24/2037,MURDER,10/25/2019,1/30/2017,20
7606475,2557578,"CANTU,CRAIG",Dominguez,8/24/2029,ASLT FAM HSE MEM IMP BRTH CIRC,4/17/2025,8/2/2024,5
7608272,2437785,"MONDA,ANTHONY SCOTT",Stringfellow,6/10/2027,ESCAPE FEL CUST CORR FAC,3/13/2023,6/7/2022,5
7608837,2172458,"GARCIA,MICHAEL",Hughes,10/4/2027,BURG HABIT FORCE,12/12/2017,5/4/2017,10
7609158,2530278,"ESQUIVEL,ROBERT",McConnell,5/28/2032,AGG ROBBERY,10/21/2024,5/28/2024,8
7609658,2605041,"TREVINO,ALFONSO RAUL",Hutchins,9/24/2029,POSS CS PG1/1-B 4-200G,1/16/2026,9/24/2025,4
7610920,2538797,"VEGA,MONICA ANN",Plane,1/16/2027,POSS W/DEL CS PG1 4G-200G,2/8/2023,1/17/2021,2
7612400,2285879,"CUELLAR,RUBEN",Hughes,10/10/2035,AGG ASLT W/DWPN,9/27/2019,10/11/2018,15
7613009,2094795,"RIOS,RYAN ANTHONY",Wallace,10/29/2040,MURDER,10/5/2016,2/5/2014,25
7613028,2498145,"OSIBODU,MARCUS ABIDEMI",Stringfellow,3/16/2028,POSS W/I DEL CS PG1 4G-200G,4/5/2024,1/8/2023,10
7613689,2374431,"RAMOS,BRIAN JORGE",Wynne,3/31/2054,MURDER,11/29/2021,4/1/2019,35
7613896,2590106,"HERRERA,ALBERT",McConnell,6/11/2033,AGG ASLT DW,11/7/2025,6/11/2025,8
7615915,2538091,"BATISTE,DEMEICO",Clements,1/17/2028,UNL POSS FIREARM BY FELON,12/19/2024,6/9/2023,6
7616925,2376130,"CORDAWAY,JOHN",Stevenson,11/21/2031,INJURY TO CHILD-SBI-INT/KNO,12/7/2021,4/17/2020,10
7617359,2506034,"HERNANDEZ,ERIC MICHAEL",Lopez,8/2/2026,EVADING ARREST DETN W/VE,5/23/2024,6/10/2020,7
7617908,2098756,"LEE,FREDERICK",Cotulla,8/18/2044,SEXUAL ASLT CHILD,10/26/2016,8/15/2013,30
7618190,2537051,"SALAZAR,RAMIRO ARROYO",Garza West,7/13/2027,ASLT FAM/HSEHLD MEM PREV CONV,12/16/2024,1/26/2023,4
7618365,2575825,"SMITH,NATHAN",Garza West,7/29/2028,BURG OF HABITAT,8/13/2025,1/6/2022,8
7620208,1673318,"SEABOLT,WAYDE",Michael,1/22/2049,MURDER,10/4/2010,1/22/2009,40
7622029,2578886,"MARTINEZ,ANDREW",Stevenson,10/28/2030,ROBBERY,8/29/2025,7/15/2024,6
7623457,1509450,"HIATT,JAMES R",Allred,5/28/2068,AGG SEX ASLT CHILD,5/30/2008,6/18/2005,60
7624346,2588021,"ARISMENDEZ,ROBERT",Dominguez,6/5/2027,THEFT PROP 30K-150K,1/30/2024,5/24/2023,2
7625661,2516972,"PORTER,AUSTIN RAY",Cotulla,10/31/2029,UNL CARRY WPN W/FELONY CONV,7/25/2024,9/23/2023,6
7625800,2565732,"CORDES,KEVIN SCOTT",Garza West,1/31/2028,EVADING ARREST DET W/VEH,6/11/2025,1/30/2025,3
7626332,2578445,"SOLIS,ASHLEY MARIE",Marlin,9/9/2026,UNL CARRY WPN W/FELONY CONV,12/12/2022,11/1/2022,4
7626486,2148896,"LOPEZ,JOSE LUIS",Coffield,6/17/2040,AGG ROBBERY,7/28/2017,6/6/2016,24
7627422,2610774,"SCHUESSLER,CHARLES",Glossbrenner,10/30/2026,POSS CONT SUBS PG1 O/400G,1/15/2019,5/16/2018,10
7627487,2495252,"MACIAS,JOHN EDDIE GOMEZ",Memorial,10/20/2027,UNL CARRY WEAPON FELONY CONV,3/14/2024,4/21/2023,8
7628048,2021395,"CHESTNUT-PATE,JACQUES",Stiles,10/26/2029,AGG ROBBERY,9/3/2015,10/13/2014,15
7628956,2390527,"PETERSON,CRAIG J",Lopez,8/17/2031,BURG HABIT,4/1/2022,4/26/2021,10
7629032,2344480,"PRECIADO,JUAN",Torres,10/5/2036,AGG KIDNAPPING,4/5/2021,8/17/2020,16
7629431,2530284,"GONZALEZ,VICTOR",Willacy County,7/25/2031,AGG ASLT W/DW,10/18/2024,3/17/2023,8
7629823,2537020,"ARAGON,MARK ANTHONY",Garza West,10/25/2027,POSS CS PG1 1-4G,12/9/2024,8/18/2021,3
7631724,2506068,"WILLIAMS,CHRISTOPHER RYE",Johnston,6/11/2026,FELON POSS FIREARM,5/21/2024,7/8/2023,6
7631739,2545150,"HARPER,RYAN WILLIAM",Clemens,10/21/2027,POSS MARIJ 5-50LBS,2/11/2025,9/8/2022,7
7631760,2557582,"CRUZ,TRAVIS JAY",Luther,2/22/2032,BURG HABIT,4/25/2025,2/22/2025,7
7632642,2597658,"SANTOS,STEVEN RAY",Sayle,8/12/2026,EVADING ARREST DET W/PREV CONVIC,,1/18/2023,5
7633463,2532675,"PARKER,LAVONTE O'NEAL",Ellis,6/25/2030,AGG ASLT W/DDLY WPN,11/26/2024,6/16/2024,6
7633855,2191879,"FANT,MICHAEL LAVAR",Connally,9/3/2035,MURDER,4/20/2018,9/3/2017,18
7634654,1708843,"PEREZ,LEONARD",Stiles,10/7/2029,MURDER,4/5/2011,10/6/2009,20
7635440,1707518,"ESTRADA,ADRIAN",Clements,1/1/5555,CAPITAL MURDER-MULTIPLE PERSN,4/21/2011,12/12/2005,LWOP
7636771,2491339,"MORENO,RAYMOND",Clemens,12/8/2028,DWI 3RD REPEATER,2/20/2024,8/26/2020,12
7637395,1493992,"HAMILTON,WALTER AARON",Ellis,12/16/2065,AGG SEX ASLT,3/3/2008,12/4/2005,60
7638404,2451719,"VELEZ,IGNACIO JUNIOR",Dominguez,2/15/2028,FELON POSS FIREARM,5/12/2023,7/11/2022,5
7640012,2585411,"ECKHARD,APOLLO JEREMY",Dominguez,1/19/2027,UNAUTH USE VEH,10/9/2025,3/14/2025,3
7640916,1444350,"CONTRERAS,ARMANDO",Briscoe,1/1/9999,ATT CAP MURDER-POLICE OFFICER,6/18/2007,12/22/2005,Life
7641434,1624099,"COX,QUINTON",Coffield,1/1/9999,MURDER,2/18/2010,10/11/2008,Life
7642027,2290753,"CARREON,AARON",Connally,8/16/2028,INDEC W/CHILD-CONTACT,10/21/2019,10/26/2010,10
7642938,2395074,"HINOJOSA,DAVID",Polunsky,6/16/2048,MURDER,5/18/2022,8/14/2017,30
7643777,2550884,"PENA,JAVIER",Willacy County,10/23/2028,INJ CHILD/ELD/DIS WIT BI,3/14/2025,8/27/2024,5
7645905,2372500,"MILLER,KEVIN TRAVIS",Hughes,5/31/2026,POSS CONT SUB WID 4-200G,11/15/2021,3/23/2021,10
7645918,1782593,"NAVARRO,MOSES",Ramsey,4/23/2031,AGG ROBBERY,4/18/2012,11/20/2011,15
7645921,2567046,"GONZALES,JESSE ISAIAH",Garza East,11/23/2029,MAN/DEL CS PG 1 4-200G,6/18/2025,3/27/2024,5
7645923,2611357,"RODRIGUEZ,KATRINA ANGELINE",Plane,1/1/2027,POSS CS PG1 1-4G,3/24/2026,8/12/2022,3
7648634,2244972,"DIMAS,CHRISTOPHER BRYANT",Robertson,7/20/2026,DDLY WPN IN PENAL INSTITU,2/1/2019,7/20/2018,8
7648646,2561812,"ACUNA,FELIX XAVIER MONTOYA",Dominguez,3/4/2027,DWI W/CHILD U/15 YOA,3/28/2024,7/9/2023,2
7648779,1986469,"BRADLEY,JOSHUA ECHUALA",Estelle,10/8/2058,AGG SEXUAL ASLT-CHILD,2/26/2015,1/13/2013,45
7648802,2572364,"ESPINOZA,CHRISTOPHER MICHAEL",Lopez,3/24/2027,BURG HABIT,7/22/2025,3/24/2025,2
7649140,2084337,"JOSEPH,EDWIN",Smith,2/8/2051,MURDER,8/12/2016,1/19/2015,25
7649291,2600454,"SANMIGUEL,CHRISTOPHER",Dominguez,6/8/2026,POSS CS PG1/1-B L/1G,1/16/2026,9/8/2024,0.5
7649726,2179284,"CARDENAS,VICTORIANO VINCENT",Memorial,10/29/2034,AGG ROBBERY,1/24/2018,10/29/2016,18
7650004,2021426,"VALLADE,VICTOR MANUEL",Lewis,12/3/2036,AGG ROBBERY,8/31/2015,12/1/2014,20
7650377,2589564,"GUTIERREZ,ADRIAN SAM",Torres,7/29/2064,SEXUAL ASLT,10/23/2025,7/22/2024,25
7651823,1848008,"CHIN,JAMES MICHAEL",Stiles,1/27/2058,AGG SEX ASLT CHILD,3/19/2013,5/1/2007,30
7653517,2548538,"MILLER,JEFFERY SCOTT",W. Scott,6/7/2026,INJ DISABLE PERSON W/INT BI,2/15/2024,11/29/2022,5
7653644,2347283,"GARCIA,CHRISTOPHER KYLE",Connally,3/8/2031,AGG ROBBERY,5/10/2021,1/1/2020,10
7654671,2387087,"STANFORD,RACHAEL D",O'Daniel,11/25/2028,DEADLY CONDUCT F-ARM,3/22/2022,10/25/2018,10
7657153,2485002,"JONES,DAMONE",Briscoe,5/7/2038,AGG ROBBERY,1/19/2024,4/27/2023,15
7661472,2508755,"LOPEZ,RICARDO JR",Lopez,1/1/2027,BURG HABITATION,6/11/2024,8/7/2023,6
7661678,2578879,"GARZA,ADAM ANTHONY",Cotulla,4/29/2039,INDECENCY W/CHILD SEXUAL CONTACT,9/3/2025,1/10/2017,14
7662014,2417656,"STRANGE,ANDREW WAYNE",Stiles,7/8/2034,INDEC W/CHILD CONTACT,10/11/2022,1/15/2017,12
7663014,2574184,"JOLIN,SELENA MARIE",Coleman Work Facility,6/1/2026,FRAUD USE/POSS ID INFO 10-50 ITM,5/6/2025,9/27/2023,3
7663453,1365934,"HOUTCHENS,TIMOTHY",Powledge,1/29/2031,AGG SEXUAL ASLT-CHILD,4/6/2006,1/29/2006,25
7665516,2491319,"CORTEZ,JESSE ALEXANDER",Torres,2/21/2038,FELON POSS FIREARM,3/7/2023,8/3/2020,15
7666743,2610128,"ZAPATA,BRITTNY JANELL",Plane,3/17/2041,AGG ASLT DW,3/20/2026,12/27/2023,15
7667270,2456649,"SANCHEZ,JULIO",Briscoe,6/24/2033,SEX ASLT CHILD,6/28/2023,3/15/2022,10
7667586,2579967,"POLK,CORTAZ",Lopez,8/2/2026,ASLT PEACE OFFICER/JUDGE,9/11/2025,9/16/2024,5
7667758,1838444,"SANCHEZ,STEVEN A",Memorial,7/29/2027,AGG ROBBERY,10/13/2006,6/12/2006,15
7667782,1875608,"ALVAREZ,AUGUSTINE",Memorial,9/15/2031,AGG ROBBERY,8/1/2013,8/24/2007,20
7668100,2349077,"MURPHY,DAVID M",Boyd,9/10/2036,ASLT PEACE OFFICER/JUDGE-B,1/16/2020,3/12/2018,45
7668996,2445519,"PEREZ,ADAM SILVA",Connally,6/1/2026,VIOL SEX OFFENDER REG-LIFE/90,7/17/2017,7/21/2016,4
7669269,2430588,"MCGEE,JAMES",Polunsky,12/8/2027,ASLT FAM CHOKING/STRANG,1/23/2023,7/29/2022,5
7670454,2429960,"SAIZ,XAVIER SANTOS",Roach,1/17/2037,AGG ROBBERY,1/11/2023,1/18/2022,15
7671659,2553970,"HAMPTON,JOHN COOPER",McConnell,1/6/2028,AGG ASLT-SBI,3/28/2025,12/22/2020,6
7673359,1448391,"VELASQUEZ,ENRIQUE ACOSTA",Coffield,2/12/2056,AGG SEX ASLT CHILD,7/17/2007,2/9/2006,50
7674765,2080529,"SERVIN,LUIS ALFREDO",Hughes,1/1/9999,AGG ROBBERY,7/20/2016,1/13/2015,Life
7677320,2526286,"MATA,DARREN",Montford,6/20/2031,HARRASSMENT OF PUBLIC SERVANT,10/24/2024,11/30/2022,10
7677619,1355756,"CRESPO,RICHARD",C.T. Terrell,1/14/2030,AGG SEXUAL ASLT,2/13/2006,1/14/2005,25
7677748,2375427,"CLEMONS,MARQUEL LEE",Stiles,4/14/2033,FELON POSS FIREARM REP,12/8/2021,4/14/2021,12
7678615,2614179,"TATE,SAMUEL GILLIAM",Garza West,12/24/2026,POSS CS PG1/1-B 1G-4G,4/15/2026,5/20/2024,2
7678965,2530272,"BELTRAN,CHRISTOPHER",Lopez,9/13/2030,FAIL SEX OFF REG W/PREV,10/15/2024,9/13/2019,6
7679318,2463778,"CISNEROS,DAVID A",Goree,6/5/2028,INDECENCY CHILD EXPOSURE,8/18/2023,1/29/2021,5
7679523,2597560,"SWANEY-MURPHY,BRYAN LEE",East Texas Treatment Facility,8/13/2026,UNL CARRY WPN W/FELONY CON,10/13/2023,4/12/2023,5
7680407,2487202,"CHASE,TERRELL ANTHONY",Ferguson,1/1/9999,FELON POSS FIREARM (HABITAUL),7/18/2023,7/19/2017,Life
7680851,2611804,"FRAUSTO,JOSE JAIME",Garza West,4/8/2040,AGG ASSLT W/DWPN,4/1/2026,7/16/2011,15
7683949,1789691,"WOODARD,CARL",Michael,12/24/2040,AGG ROBBERY,5/30/2012,12/23/2010,25
7683985,2476650,"ZUNIGA,JAVIER JR",Stevenson,6/18/2030,AGG ROBBERY,11/7/2023,6/10/2023,7
7684226,1535182,"TRENTACOSTA,TERRY CHRISTOPHER",Allred,9/16/2048,AGG SEXUAL ASLT CHILD,10/7/2008,6/30/2005,40
7685014,2550439,"BORREGO,DOMINICK C",Garza West,3/2/2027,ROBBERY,3/12/2025,3/9/2024,4
7685386,2532662,"GALLARDO,CARLOS M",Michael,12/3/2033,POSS CS PG1/1-B 1-4G,9/12/2024,9/4/2023,10
7685467,2532665,"GONZALES,BRANDON TRAVIS",Lopez,8/1/2026,POSS CS PG2 4G-400G,7/7/2022,3/12/2019,5
7685541,2273669,"MORALES,ADAM",Wynne,9/29/2032,INJURY TO CHILD BI INT/KNOW,7/11/2019,10/15/2016,15
7685595,2563927,"GARAY,VICTORIA CLARISSA",Young,4/8/2028,FRAD USE/POS ID INFO ITEM 50 MOR,6/17/2025,8/4/2023,8
7686956,2599524,"DONAIS,JULIAN JACINTO JR",Garza East,9/21/2043,INDECENCY W/CHILD SEX CONTACT,1/14/2026,7/21/2015,18
7687083,2611793,"APODACA,PAUL RICHARD JR",Garza West,2/22/2028,UNL POSS FIREARM FELON,4/2/2026,9/26/2024,3
7687317,2288481,"PETTIT,EDWARD EARL",Jester III,6/1/2026,FAIL STOP AND RENDER AID,10/3/2019,11/25/2017,7
7687324,2483714,"IDROGO,ANNETTE G",Coleman Work Facility,12/28/2026,AGG ASLT DW,1/4/2024,5/28/2023,3
7689609,1439043,"DAVIS,MELVIN",Lewis,2/22/2041,MURDER,5/18/2007,2/23/2006,35
7689961,2452518,"SILVA,MONICA RAY",Hobby,9/23/2026,TERR THRT - PUBL FEAR,6/6/2023,9/23/2022,4
7689969,2516984,"VILLASENOR,ANTHONY LEWIS",Bartlett,1/4/2032,ASLT PEACE OFFICER,7/31/2024,1/4/2024,8
7690178,1822954,"MILLER,ADRIAN SHAWN",Hamilton,1/11/2044,BURG HABIT INT COMMIT FEL-FOR,11/14/2012,1/11/2012,32
7692010,2460766,"CARTWRIGHT,DAVID REIS",Stiles,11/7/2030,ROBBERY,8/1/2023,11/7/2022,8
7692327,2270320,"STIVER,JAMES ROBERT",Beto,7/15/2026,UNAUTH USE VEH,6/20/2019,4/2/2019,9
7694056,2570619,"HAWTHORNE,WALTER KENNETH",Estelle,10/4/2030,INJ CHILD SBI/MENTAL,7/2/2025,2/18/2021,9
7695674,1588977,"BROTHERTON,WILLIAM",Powledge,4/1/2027,AGG SEX ASSLT-CHILD,7/17/2009,10/1/2000,20
7697111,1923080,"CURTIS,TROY",Hughes,12/14/2038,AGG ROBBERY,3/31/2014,10/15/2008,25
7698063,1627893,"GAITHER,MATTHEW",McConnell,7/13/2048,AGG SEXUAL ASLT,2/19/2010,7/13/2008,40
7698085,2550175,"DE LA VEGA,ALFRED",Ramsey,4/9/2029,SEX ASLT CHILD,3/6/2025,4/16/2016,8
7698860,1595786,"HERNANDEZ,RENE",Beto,8/12/2058,AGG SEX ASSLT CHILD,9/9/2009,7/30/2000,50
7699217,2599648,"MCGRAW,JONATHAN MICHAEL",East Texas Treatment Facility,11/26/2026,INJ CHILD/ELDERLY/DISABLED W/INT,,10/1/2025,6
7699760,2231767,"DELGADO,JOSUE AARON",Wynne,4/26/2091,CONT SEX ABUSE CHILD,11/6/2018,8/20/2011,75
7701236,2380518,"KING,DESMOND ANTONIO",Stiles,1/5/2034,FELON POSS FIREARM REPEAT,1/25/2022,2/15/2020,12
7702727,1989824,"BESS,MICKEY WYLIE",Coleman Work Facility,3/30/2027,INJURY CHILD SBI RECK,4/1/2015,10/6/2013,12
7704322,2267148,"PIEPER,JOSHUA PAUL",Hughes,11/25/2107,AGG ROBBERY,5/30/2019,11/22/2017,90
7704815,2152878,"PEREZ-TURRUBIATE,JUAN FRANCISC",Huntsville,6/1/2026,INTOXICATION ASLT,7/25/2017,6/12/2016,10
7705820,1860950,"CASTILLO,JUAN VALENTINE",Stringfellow,5/27/2037,INJURY CHILD SBI-INT/KNO,5/14/2013,2/22/2011,25
7706312,2604029,"RAMOS,MONTANA CAMILO",Segovia,3/14/2028,UNL CARRY WPN W/FEL CONV,2/11/2026,3/15/2025,3
7706497,2464839,"DILWORTH,QUENTIN DEWAYNE",Connally,7/13/2028,ASLT FAM CHOKING/STRANG,8/22/2023,7/14/2023,5
7706522,2411510,"BATEMAN,DEDRICK JAMES",Telford,7/12/2030,ROBBERY,8/29/2022,7/12/2020,10
7706589,2103856,"WANSLEY,STEPHEN DARNELL",Polunsky,3/10/2041,AGG SEXUAL ASLT,11/30/2016,1/1/2016,25
7706594,2414475,"HERNANDEZ,GARY",Allred,4/1/2027,FELON POSS FIREARM,1/5/2022,8/18/2021,5
7706595,2573115,"RODRIGUEZ,JESSICA",Hobby,3/26/2027,POSS CS PG2 4-400G,7/6/2022,8/31/2021,2
7709893,2579969,"SALAZAR,MATTHEW JACOB",Dominguez,9/15/2028,ASLT OF PREGNANT PERSON,12/8/2022,8/11/2021,8
7710373,2598472,"CHAVEZ,KEVIN RAYMOND",Dominguez,5/29/2028,UNL POSS FIREARM BY FELON,1/9/2026,8/20/2025,6
7711793,2427881,"MITCHELL,BREANNA RENE",O'Daniel,12/19/2027,MANSLAUGHTER,12/10/2021,1/2/2016,10
7711820,2191922,"VILLEGAS,LUIS MANUEL",Hughes,12/7/2052,MURDER,3/29/2018,6/19/2016,35
7712082,2610125,"CAUSTRITA,YVONNE OLIVIA",Plane,11/10/2026,POSS CS PG1/1-B 1-4,8/21/2025,1/13/2025,3
7712499,2582831,"AGUIRRE,JUAN CARLOS",Wainwright,8/10/2030,ASLT FAM/HOU MEM IMP BRTH/CIR,9/22/2025,9/18/2020,8
7715847,2529231,"GARCIA,CHRISTOPHER",Allred,4/16/2029,BURG HABIT,10/18/2024,4/16/2024,5
7716893,2613952,"MEDRANO,RUBEN MARTIN JR",Dominguez,6/13/2027,UNAUTH USE OF VEHICLE,4/15/2026,2/14/2026,1.3
7717285,2576707,"BALDERAS,JOHNNY JOE JR",Segovia,11/24/2026,ONLINE SOLIC MINOR U/14,8/19/2025,3/22/2024,5
7717613,2509882,"WELTY,ZACKERY BLANE",Dominguez,7/28/2026,ROBBERY,6/14/2024,1/20/2024,4
7718791,2576065,"DELGADO,ERIC",Garza East,3/12/2029,ASLT FAM HOU MEM PREV CONV,8/15/2025,3/12/2025,4
7718925,1990293,"FLORES,FELIX",Allred,12/30/2039,AGG ROBBERY,3/24/2015,5/25/2013,25
7720573,2478188,"GUTIERREZ,ALEXANDER LEE",Ferguson,6/17/2029,FELON POSS FIREARM,10/10/2023,6/18/2023,6
7721148,1986514,"REED,DOMINIQUE MARTEZ",Connally,1/1/9999,MURDER,3/2/2015,10/15/2010,Life
7721343,2537026,"CAZARES,CHRISTOPHER R",Garza East,3/27/2028,CONT VIOL AGAINST FAM,12/13/2024,6/29/2021,8
7722520,2470973,"CORLEY,KEITH DARREN",Coffield,1/4/2073,MURDER REPEATER,9/28/2023,5/24/2021,50
7724665,1711310,"MORIN,ADRIAN AVELINO",Stringfellow,3/24/2046,AGG SEXUAL ASLT CHILD,4/26/2011,11/17/2004,40
7724742,2280701,"SAMBRANO,PAUL",Connally,8/6/2038,MURDER,8/29/2019,7/30/2018,20
7725103,2600450,"GUADALAJARA,JOSE ARMANDO",McConnell,6/7/2026,THEFT PROP $2500-$30K,1/15/2026,8/3/2024,0.5
7725336,2526468,"PATTERSON,JOHN MICHAEL",Willacy County,9/9/2028,AGG ASLT W/DDLY WPN,9/25/2017,7/18/2017,5
7725684,2439917,"MARTINEZ,RAUL D",Torres,7/5/2028,AGG ASLT W/DEADLY WPN,3/10/2023,10/17/2021,6
7725907,2602822,"JARRETT,JOSEPH ANDREW",Ney,11/13/2034,POSS CHILD PORN CHILD U/10YOA,2/3/2026,8/21/2025,20
7726824,2559587,"MALDONADO,JESSE ROBERT",Torres,5/20/2028,UNL POSS FIREARM BY FELON,4/28/2025,3/2/2025,4
7727143,2326456,"LOPEZ,HECTOR THOMAS",Torres,10/7/2035,INTOXICATION MANSLAUGHTER,10/9/2020,9/24/2018,15
7727206,2310346,"ROWINSKY,JACOB SCOTT",Stiles,2/25/2031,AGG ROBBERY,2/25/2020,1/15/2019,12
7727766,2418861,"COFFEY,KEVIN BERNARD",Ellis,5/14/2030,INDEC W/CHILD CONTACT,10/20/2022,6/27/2019,8
7728656,1650563,"SAUCEDA,SERGIO ARTURO",Allred,9/30/2062,MURDER,6/7/2010,9/29/2008,50
7728998,1699171,"VELA,MOSES",Hughes,8/12/2034,MURDER,1/18/2011,8/1/2009,20
7729183,2478186,"GONZALEZ,STEVEN ADRIAN",Lopez,8/2/2026,THEFT U/$2500 ENH,11/15/2023,10/12/2023,8
7730140,2520456,"URIEGAS,JONATHAN FERNANDO BORR",Stiles,2/9/2028,POSS CONT SUB 1-4G,8/23/2024,11/19/2022,9
7730787,2595674,"ALEMAN,JOSEPH ALEXANDER",Garza West,12/15/2078,MUDER,12/16/2025,8/26/2022,56
7731135,2548537,"MALDONADO,JIM ERIC",Memorial,11/17/2028,MAN DEL CS 4-200G,3/3/2025,5/6/2024,10
7731317,2614161,"LEAL,MANUEL",Garza West,10/16/2026,MAN DEL CS PG1 4-200G,4/10/2026,9/25/2020,5
7734393,2435077,"TERRELL,QUINTON TREMAYNE",Briscoe,1/12/2027,AGG ASLT DW WPN,2/13/2023,1/8/2022,5
7735871,2440923,"TAMEZ,ROBERT ANTHONY",Connally,10/1/2026,UNAUTH USE VEH HABITUAL,3/22/2023,10/14/2022,7
7736016,1835355,"MARTINEZ,RUBEN",Stiles,1/1/9999,MURDER,1/9/2013,12/13/2011,Life
7736074,2545147,"CERVANTES,SERVANDO",McConnell,7/14/2034,ASLT FAM HHLD MEM PREV CONV,2/12/2025,7/14/2024,10
7736079,1835371,"RUBIO,BRANDON",Stiles,11/5/2031,MURDER,1/23/2013,11/4/2011,20
7738652,2452913,"LECHLER,ANGEL INTRIAGO",Willacy County,5/24/2027,AGG ASSLT AGNST PUB SERV,6/8/2023,9/1/2020,5
7739235,2178232,"STRIBLIN,JAMES EDWARD",Connally,1/1/9999,MURDER,12/7/2017,7/22/2016,Life
7739330,2415608,"OLIVAREZ,JORGE GUADALUPE",Johnston,7/15/2026,FELON POSS FIREARM,9/21/2022,1/16/2021,5
7739430,2564346,"IBARRA,MANUEL",Segovia,12/21/2026,DWI 3RD/MORE,5/28/2025,12/21/2024,2
7739682,2585456,"RIVAS,MATTHEW MARIANO",Segovia,6/10/2027,ASLT INT/RCK BTH/CIRC FAM MEM P,10/23/2025,1/20/2022,4
7741219,2404137,"RIOJAS CASTILLO,ROMAN EMANUEL",Telford,7/18/2028,POSS CONT SUBST PG1 1-4G,7/18/2022,7/18/2020,8
7741335,2537032,"FRAIRE,IGNACIO",Connally,5/4/2028,TERRORISTIC THREAT-PUB FEAR SB,8/26/2024,7/18/2023,4
7742584,2539255,"ESTRADA,MARCUS ANTHONY",Lopez,7/1/2026,ASLT FAM/HSE MEM PREV CONV,1/6/2025,3/15/2024,2
7742724,1693893,"MILLER,MICHAEL",Dalby,11/30/2030,AGG ASLT W/DDLY WPN,1/18/2011,11/1/2008,20
7743519,2258591,"BERGERON,MICHAEL JAMES",Sayle,7/1/2026,AGG ROBBERY,4/15/2019,4/17/2018,8
7745505,2513784,"FARRIS,CASEY DWAYNE",Ney,3/25/2031,INDECENCY W/CHILD CONTACT,7/12/2024,12/3/2022,8
7745732,2520450,"SAUCEDO,STEVEN RAY",Byrd,11/16/2026,POSS W/I DEL CS PG1 1-4G,8/21/2024,3/27/2023,7
7745737,2425572,"DURHAM,STEPHON",Briscoe,11/8/2029,AGG ASLT DW,12/6/2022,7/8/2020,8
7747112,2600128,"BARELA,KATRINA",Plane,1/6/2027,FRD USE/POSS IF INFO 5,1/21/2026,4/8/2023,3
7749045,2394264,"CASAREZ,JOSHUA",Stevenson,2/8/2031,POSS CONT SUBS 4-200G,5/12/2022,1/14/2021,18
7749505,2514741,"EDOM,DEANDRE MARQUIS",McConnell,1/22/2039,AGG ROBBERY,7/19/2024,1/22/2024,15
7750020,2222775,"LENBERG,MARK ALLAN",Dalhart,9/29/2037,AGG SEX ASLT-CHILD,9/17/2018,2/19/2017,20
7751371,2522301,"HAYS,BILL",Ney,7/1/2026,UNL POSS F/ARM BY FEL,9/12/2024,7/1/2024,2
7753281,2500502,"MASCORRO,DIEGO A",Beto,1/6/2027,UNL CARRY WEAPON,4/16/2024,8/17/2023,7
7753319,2520435,"HERNANDEZ,CARLOS JACOB",Coffield,12/2/2056,MURDER,6/12/2024,11/26/2016,40
7753553,2393118,"HERNANDEZ,FRANK",C.T. Terrell,1/13/2029,AGG ROBBERY,4/27/2022,1/13/2021,8
7753569,2173912,"AGUILAR,ADAM",Ferguson,9/12/2026,EVADING ARREST/DETN W/VEH,12/19/2017,9/12/2017,9
7753570,2589557,"STEVENSON,CLIFFORD",Dalby,6/3/2028,ROBBERY,10/31/2025,2/18/2024,4
7753581,2582509,"MARTINEZ,ERIC ANTHONY",Segovia,1/1/2027,UNL POSS F/ARM BY FELON,9/22/2025,10/4/2024,3
7755041,1885159,"BERNAL,MATT",Dalby,12/4/2052,AGG ROBBERY,9/16/2013,9/2/2012,40
7756997,2076579,"ZAPATA,ERICK A",Coffield,8/7/2027,AGG SEXUAL ASLT CHILD,6/28/2016,10/20/2012,12
7762436,2146657,"DELATORRE,ALBERTO",Coffield,2/25/2067,MURDER,7/13/2017,2/12/2015,52
7762654,1559649,"WELLS,BRANDON",Dalhart,4/9/2057,MURDER,2/26/2009,1/12/2007,50
7763657,2604017,"GONZALEZ,VINCENT PAUL",Lopez,8/22/2031,UNAUTH USE VEH,1/27/2026,8/22/2025,6
7764460,1762564,"RAMON,JESSE",Memorial,8/30/2049,MURDER,10/31/2011,8/30/2009,40
7765923,2542092,"PEREZ,BRIANNA LEA",O'Daniel,1/4/2029,ROBBERY,1/29/2025,5/8/2023,4
7765925,2502707,"SHELTON,MARK ANTHONY",Wynne,9/11/2031,RETALIATION,5/6/2024,9/11/2023,8
7767635,2590122,"SIRES,JASON EDWARD",Lopez,3/2/2027,MAN DEL CS PG1 4-200G,11/14/2025,3/16/2025,6
7768557,2376140,"VARGAS,DANIEL ANTHONY",Stiles,12/19/2027,POSS WID CONT SUBS PG1 4-200G,12/16/2021,4/5/2019,8
7769517,2576403,"DELGADO,ANTHONY",East Texas Treatment Facility,6/30/2026,POSS CS PG 1/1-B<1G,,3/25/2022,5
7769758,1819902,"MARTIN,RICHARD",Coffield,8/30/2027,AGG ROBBERY,10/25/2012,8/20/2012,15
7771953,2478880,"CALDERON,ROLAND",Connally,11/23/2028,POSS CONT SUBS PG1 4-200G,4/11/2016,12/11/2015,10
7776116,1917386,"MALDONADO,FRANCISCO",Michael,3/30/2031,BURG HABIT INT COMMIT FEL-FOR,3/10/2014,3/30/2013,18
7776796,2071233,"CHAMBERS,TROY",Torres,11/8/2045,AGG ROBBERY,6/1/2016,7/26/2015,30
7777788,2572370,"MELTON,DONALD CHRISTOPHER JR",Glossbrenner,6/21/2026,UNL POSS FIREARM BY FELON,7/23/2025,1/24/2025,6
7779368,2413324,"SANCHEZ,JOSE ALBERTO",Memorial,10/4/2046,MURDER,8/25/2022,10/17/2018,25
7779665,2433292,"FLORES,ANTONIO GUILLERMO",Lopez,7/9/2027,AGG ASLT DW,1/26/2023,7/9/2022,5
7780412,2186821,"DOMINGUEZ,MICHAEL LUIS",Bartlett,4/6/2027,FELON POSS F/ARM,3/6/2018,7/12/2016,10
7780573,2514749,"KERN,MICHAEL JAMES",Torres,12/18/2031,POSS CS PG1/1-B 4G-200G REPEATER,7/24/2024,12/18/2023,8
7781299,2448686,"HARRELL,CHARLES",Memorial,8/25/2040,BURG HABIT FORCE,5/10/2023,1/8/2021,18
7781301,1856767,"HARRIS,MILTON BURNETTE",Briscoe,6/1/2026,AGG ASLT/DW SBI/FAM/DATE,4/29/2013,6/17/2012,15
7783581,2443411,"RODRIGUEZ,LORENZO",W. Scott,3/28/2031,ROBBERY,11/17/2015,1/14/2015,10
7784175,2305639,"HALTOM,CHARLES W",Coffield,1/1/9999,MURDER,2/3/2020,6/16/2016,Life
7784485,2579973,"TYLER,GEORGE SPELLMAN III",Garza West,7/4/2030,AGG ASLT CAUSE SBI,4/3/2024,9/9/2023,6
7784709,2566881,"RIVAS,MATTHEW CHRISTOPHER",Dominguez,12/6/2028,ASLT FAM/HSE MEM IMP BRTH/CIRC,6/18/2025,6/4/2024,4
7785974,2532680,"SALAS,JAIME SALVADOR",Hughes,9/10/2026,UNL POSS FIREARM BY FELON,11/25/2024,12/6/2023,2
7786013,1719518,"STERNER,STEVEN JAMES",Vance,6/28/2034,MURDER,6/24/2011,12/6/2008,25
7786952,2591893,"PENA,ROBERT",Ney,11/19/2027,VIOL BOND/PROT ORD ASLT,8/24/2023,2/3/2023,8
7790589,1942509,"AMPARAN,JERRY ROGER",Roach,2/1/2027,AGG ROBBERY,8/22/2008,6/21/2008,15
7790609,2154553,"SCOTT,MARKUS LORENZO",Wallace,5/3/2061,ASLT INT SBI CHILD,8/21/2017,4/4/2016,45
7791299,2369522,"KESINGER,CHARLOTTE ANN",Hobby,7/16/2036,ARSON REPEATER,10/26/2021,7/17/2021,15
7793690,2480364,"SINGLETON,JOWEL",Robertson,6/18/2033,AGG ASLT W/DEADLY,12/14/2023,6/19/2023,10
7795148,2529368,"SHEPPARD,DOMINIC LAVON",W. Scott,4/6/2030,VIOL BOND PROT ORD ASLT,10/17/2024,4/7/2023,7
7797088,2607642,"SANTIAGO,JULIO FARE",Dominguez,3/21/2027,POSS CS PG1<1G,1/16/2026,7/23/2023,1.5
7798132,1901999,"GUDINO,LUIS",Hughes,8/27/2035,AGG SEX ASLT CHILD,11/8/2013,12/10/2006,25
7798151,2084347,"PERKINS,ADRIAN",Garza West,3/7/2050,MURDER,8/12/2016,1/19/2015,35
7798502,2394839,"DEVICH,TYLER",Wynne,6/13/2029,AGG ROBBERY,4/28/2022,6/12/2021,8
7798512,2595683,"DEVICH,TRAVIS MYLES",Lopez,2/4/2045,MAN DEL CS 4-200G,12/10/2025,2/4/2025,20
7798857,2385702,"RECIO,JOE H",Ramsey,2/22/2031,AGG ROBBERY,2/28/2022,2/22/2021,10
7799179,1444377,"SAUCEDO,JOE A",Polunsky,1/1/5555,CAPITAL MURDER,6/20/2007,8/30/2006,LWOP
7801248,2443377,"BARBOSA,DANIEL",Willacy County,4/2/2041,SEXUAL ASLT REPEATER,4/6/2023,4/22/2019,18
7801596,2610541,"VARGAS,JONATHAN DAVID",Garza West,12/8/2026,CONT VIO AGAINST THE FAM,1/13/2026,11/20/2018,2
7802330,2003898,"WHITE,MATTHEW",McConnell,9/9/2049,INJURY CHILD SBI INT/KNOW,5/27/2015,12/15/2013,35
7802817,2419298,"CANTU,MICHAEL",Gist,3/2/2029,FELON POSSESSION FIREARM,10/24/2022,3/3/2022,7
7805256,2263136,"TORRES,JOHNNY ARMANDO",McConnell,1/2/2027,FELON POSS FIREARM,5/10/2019,1/2/2019,8
7805456,2570843,"PEREZ,MONICA ROSE",Young,1/23/2028,POSS CS PG1/1-B 200-400G,7/30/2025,2/13/2025,7
7805872,2566876,"OUTLAW,EDDIE LAW",Lopez,3/27/2041,AGG ROBBERY,6/12/2025,12/8/2024,16
7806170,2513775,"ACEVEDO,JOE MARTIN",McConnell,12/13/2033,FELON POSS FIREARM,7/31/2023,12/30/2021,25
7806414,2569006,"HERNANDEZ,ADRIAN RAY",Stevenson,11/23/2029,UNL CARRY WEAP W/FELONY CONV,7/2/2025,11/10/2024,5
7806735,2584971,"PHUNG,DANNY HOANG",Briscoe,3/3/2027,EVAD ARR DET VEH,10/3/2025,11/26/2024,4
7807061,2436351,"SALINAS,JOE ANTHONY",Coffield,5/4/2071,AGG SEX ASLT CHILD,2/22/2023,11/7/2020,50
7807915,1896025,"WALKER,DORIN JAMES",Stiles,10/10/2050,MURDER,11/8/2013,7/10/2012,38
7808078,2429957,"RIOS,BENNY",Connally,10/1/2027,BURG HABIT FORCE REPEATER,1/11/2023,12/1/2021,12
7809409,1487099,"BURKE,ANDRE SEBASTIAN",Clements,12/1/2026,AGG ROBBERY,2/4/2008,10/25/2006,22
7809473,2246783,"RODRIGUEZ,MARGUERITE ANN",Hobby,8/4/2031,ROBBERY REPEAT,2/13/2019,8/29/2018,12
7809847,1703664,"ARIAS,MICHAEL ANTHONY",Garza West,6/15/2039,AGG SEX ASLT,5/3/2010,10/25/2008,30
7810189,2606280,"OCHOA,ALEXIS RENEE",Henley,12/7/2026,POSS CS PG1/1-B 1G,12/1/2025,6/13/2025,4
7810258,2471966,"WILSON,SANTUAN QUIANTE",Wainwright,4/12/2043,AGG ROBBERY,10/6/2023,6/23/2018,20
7811287,2005979,"PARTIDA,BRANDY",Marlin,6/2/2035,INJURY TO CHILD/SBI/OMISSION,6/19/2015,4/4/2014,20
7811411,2393858,"HARTFIELD-WARNER,WILLIAMS S",Byrd,9/30/2027,FELON POSS FIREARM,5/6/2022,11/22/2021,5
7811908,2316401,"SANCHEZ,GUADALUPE R",Robertson,9/11/2027,AGG ASLT W/DW,4/13/2020,9/11/2019,8
7812060,2579962,"ESQUIVEL,VALENTIN",Garza West,2/28/2028,UNL POSS FIREARM,9/11/2025,2/5/2025,3
7812061,2609337,"ROMERO,BOBBY JR",Garza West,5/1/2027,POSS CS PG1/1B 4-200G,3/13/2026,11/5/2024,4
7812094,2531734,"SUAREZ,CHRISTOPHER LOUIS",Diboll,9/26/2027,POSS CS PG1 1-4G,10/30/2024,8/14/2022,8
7813437,2400118,"DYKE,KAREEM JAMES",Stevenson,2/8/2046,FELON POSS FIREARM,6/23/2022,10/18/2019,25
7814309,2563571,"CARLISLE,STEVEN R",Dominguez,9/24/2027,ASLT FAM/HSEHLD MEM PREV CONV,6/2/2025,1/16/2021,3
7815187,2599539,"LOPEZ,ARTURO",Jester III,5/23/2028,CRIMINAL MISCHIEF 2500-30K,1/13/2026,1/5/2025,7
7815794,2435071,"PAYTON,SONNY JAMES",Connally,11/1/2026,POSS W/INT DEL CS PG1 4G-200G,2/15/2023,7/29/2022,6
7815822,2189279,"ESPARZA,ROBERTO",McConnell,4/25/2057,AGG ROBBERY,3/21/2018,8/23/2014,40
7815860,1537263,"SCHILLING,WILLIAM C",C.T. Terrell,5/11/2058,AGG SEX ASLT CHILD,5/13/2008,5/1/2004,50
7816328,2552629,"JAMES,JESSE ANTHONY",Garza West,1/1/2027,INJ CHILD BI INT KNOW,9/20/2019,2/2/2018,5
7816484,1891224,"GARCIA,MARK ANTHONY",Smith,3/28/2033,MURDER,10/18/2013,12/13/2008,20
7816778,2152891,"SHAW,JAMES ARTIE",Allred,9/12/2046,INDECENCY W/CHILD-CONTACT,8/10/2017,6/1/2014,30
7817161,2532168,"GAETA,JOSE",Ney,5/11/2030,AGG ASLT W/DEADLY WPN,11/19/2024,3/10/2024,6
7817687,2234423,"CAMPBELL,CLIFFORD DANTE",Wynne,10/20/2033,SEX ASLT CHILD,11/15/2018,3/9/2018,15
7817807,1559274,"FERNANDEZ,ROLAND R",Ramsey,2/1/2034,AGG SEX ASLT-CHILD,2/4/2009,9/15/2000,25
7817866,2574883,"SOLIS,JUAN JOSE JR",McConnell,1/27/2030,MAN/DEL CS PG1 200G-400G,7/31/2025,2/14/2025,12
7817910,2433297,"GONZALEZ,JUAN ROBERTO",McConnell,10/21/2030,AGG ASLT W/DWPN,1/30/2023,10/21/2022,8
7819160,2499427,"VALENZUELA,SONNY JR",Ney,1/1/2027,UNL CARRY WPN W/FELONY CON,4/9/2024,11/10/2023,5
7820432,2537038,"MARTINEZ,JIMMY G",McConnell,4/29/2028,ASLT ON SECURITY OFFICER,12/9/2024,4/29/2024,4
7822347,2514758,"RODRIGUEZ,ARTURO",Lopez,2/1/2027,POSS CS PG1 4-200G,7/18/2024,3/1/2024,5
7822592,2401700,"SALAZAR,JESSY GUADALUPE",Gist,7/24/2026,ROBBERY,12/14/2020,11/3/2019,6
7823023,2507754,"WEBB,DANUEL DREQUANN JR",Clemens,6/10/2028,RETALIATION,6/4/2024,3/11/2023,5
7823249,2136520,"QUINTERO,ARNOLD",Beto,10/9/2030,TRAFF OF PERSON,4/24/2017,3/7/2015,12
7823869,2595698,"ROCHA,MARCO ANTONIO",Stevenson,2/2/2031,AGG ASLT W/DDLY WPN,12/12/2025,12/3/2024,6
7824027,2598193,"GAONA,RAYMOND JR",Dominguez,7/7/2026,POSS CS PG 1/1-B <1G,1/6/2026,6/13/2024,1
7824047,1946585,"SANCHEZ,JONATHAN",Connally,9/1/2030,MURDER,7/25/2014,8/24/2007,20
7825407,2545965,"RAINEY,CURTIS JOSEPH JR",Gist,7/10/2026,UNL POSS F/ARM BY FEL,2/20/2025,5/20/2024,3
7826072,2577974,"GONZALES,JACOB ISAAC",Ellis,12/12/2026,UNL POSS F/ARM BY FELON,8/29/2025,6/7/2023,5
7826678,1515828,"DEPUE,JONATHAN",Robertson,1/1/5555,CAPITAL MURDER-OTHER FELONY,6/24/2008,9/29/2006,LWOP
7827357,2584957,"GARIBAY,MARK ANTHONY",Garza West,7/25/2028,EVADING ARR DET W/VEH,10/7/2025,3/17/2025,8
7828178,2581323,"VASQUEZ,JAVIER",Garza West,4/11/2028,POSS CS PG1 4-200G,6/28/2023,3/24/2022,7
7828651,2394016,"HAMILTON,JOSHUA LAQUAN",Smith,12/1/2026,FELON POSS FIREARM,4/27/2022,3/25/2022,7
7831028,2119685,"MOLINA,JEREMY",Allred,7/30/2034,AGG ROBBERY,12/14/2016,4/16/2015,15
7831808,2574655,"LUNA-CANO,CLEMENTE",Garza East,1/21/2027,DWI 3RD OR MORE,8/1/2025,5/4/2025,4
7831817,2532181,"MOORE,ANTONIO ROMERO",W. Scott,6/15/2026,HARASSMENT OF PUBLIC SERVANT,11/13/2024,3/2/2024,5
7837343,2589540,"ARANDA,JUAN JOSE",Garza West,8/14/2029,ROBBERY,10/27/2025,8/12/2024,5
7837421,2482968,"PHILLIPS,QUENTIN TRAVONNE",Coffield,5/23/2089,MURDER HABITUAL,12/12/2023,7/19/2017,70
7837588,2465036,"MACIEL,JOHN D",Segovia,6/5/2026,INTOX ASLT,8/24/2023,7/18/2021,3
7838127,2582518,"REYES,GILBERT III",Segovia,9/23/2027,ASLT PEACE OFFICER/JUDGE,9/17/2025,3/14/2022,5
7841124,2598475,"EVANS,ADRIAN LEE",Cotulla,1/5/2054,AGG ROBBERY,1/12/2026,10/7/2023,30
7842274,2494253,"KIRSCH-ESCOBAR,ELIZABETH FRANC",Hobby,12/13/2026,AGG ASLT DW,3/12/2024,6/25/2021,5
7844512,1476340,"MIRANDA,MICHAEL A",Polunsky,11/1/2056,MURDER,11/26/2007,9/21/2006,50
7845034,2373650,"RING,CODY PAUL",Clemens,4/26/2033,POSS WID CONT SUB PG1 200-400G,11/1/2021,2/2/2021,12
7846352,1751815,"MORALES,ANGEL",Hughes,8/7/2048,SUPER AGG SEX ASLT CHILD,9/20/2011,6/4/2010,30
7846360,2598481,"HERNANDEZ,OSCAR RUBEN PEREZ JR",Dominguez,2/1/2027,ASLT PREG PERSON,12/12/2025,1/29/2022,4
7846874,1644082,"KEENAN,VANCE",McConnell,10/15/2033,MURDER,5/10/2010,8/20/2008,25
7847710,2537262,"PENA,RAUL JR",Torres,2/28/2030,INTOX ASLT,12/17/2024,10/15/2022,6
7848589,2387504,"HERNANDEZ,GREGORIO",Wainwright,3/3/2046,AGG ASLT W/DWPN HABITUAL,3/11/2022,3/3/2021,25
7849337,2366329,"GARAY,ANTHONY",Boyd,2/5/2033,INDEC W/CHILD CONTACT,9/23/2021,2/22/2017,12
7852424,2608002,"JARAMILLO,JULIAN",Garza West,11/27/2026,ASLT FAM/HH MEM PRE CONV,3/5/2026,1/2/2021,3
7852661,2476635,"LARA,MIGUEL ANGEL",Dominguez,6/19/2027,ASLT BI AG SEC OFF,11/2/2023,6/19/2023,4
7852717,2524895,"ALBERT,SAMUEL JOSEPH JR",Ney,4/13/2028,BURG OF BUILDING,9/23/2024,1/7/2024,4
7853003,2456284,"MCCORD,KRYSTLE",Hobby,6/18/2048,MURDER,7/7/2023,4/4/2021,25
7853541,1592255,"LARES,RICHARD",Hospital Galveston,8/6/2039,AGG SEX ASLT CHILD,8/10/2009,9/3/2000,30
7854349,1792298,"MARTINEZ,GARY L",Huntsville,2/22/2068,AGG SEX ASLT CHILD,3/3/2011,9/27/2002,57
7854707,2573793,"RODRIGUEZ,ALEXANDER A",McConnell,6/23/2054,SEX ABUSE CHILD CONT U/14,7/30/2025,11/11/2013,30
7856163,2613044,"STOFA,BOBBY JOE JR",McConnell,9/11/2030,POSS CS PG1/1-B 400G,4/1/2026,6/20/2025,10
7860227,2263758,"MESSICK,LAURA FLORES",Crain,1/1/9999,MURDER,5/13/2019,6/10/2017,Life
7861124,1726073,"JOHNSON,ALEXANDER WILLIAM",Connally,1/1/9999,MURDER,7/1/2011,5/14/2010,Life
7861586,2489694,"RIOS,CHRISTINA",Hobby,10/20/2030,AGG ASLT W/DWPN,2/26/2024,10/21/2023,7
7861648,2470992,"MAGEE,WILLIAM ALTON",Cotulla,12/5/2026,EVADING ARR DET,9/28/2023,9/22/2023,5
7863028,2613014,"DEGOLLADO,FRANK ANTHONY",Garza West,9/30/2026,FELON POSS FIREARM,4/29/2019,7/26/2017,2
7863462,2076526,"AVILA,JOHNATHAN ALEXANDER",Robertson,4/5/2052,MURDER,7/7/2016,12/8/2012,35
7863703,2528355,"DOMINGUEZ,ISRAEL JOSASAT",Cotulla,3/15/2029,UNL CARRY WPN W/FELONY CONV,10/16/2024,3/15/2024,5
7864181,2069900,"DUNCAN,ROMEO ALEXANDER",Jordan,6/19/2032,INJURY TO CHILD-SBI-OMISSION,5/18/2016,6/2/2014,18
7867152,2573526,"MARTINEZ,JON GREGORY",Lopez,8/24/2027,ASLT INT/RCK BRTH/CIRC FAM PREV,7/22/2025,8/24/2024,3
7867273,1842081,"ALFARO,JENNIFER",Coleman,10/31/2026,ASLT INT KNOW SBI CHILD,2/13/2013,10/31/2011,15
7868805,2519877,"ROCKETT,TERRENCE L",W. Scott,12/25/2026,ASLT FAM HHLD MEM PREV CONV,8/19/2024,12/14/2023,3
7870217,2613012,"CEDILLO,JAZZIEL ELEAZAR",Garza West,11/3/2030,FRAUD USE POSS ID INFO ITM L/5,4/13/2026,11/3/2025,5
7870364,2474719,"DELGADO,ANGEL",Cotulla,9/8/2030,ASLT FAM CHOKING STRANGU,10/20/2023,5/21/2022,8
7871451,2605399,"GUANA,CECIL GEORGE",Garza West,4/15/2029,BURG HABIT,2/19/2026,5/14/2024,4
7872445,2591880,"GONZALEZ,MIGUEL DURAN",Garza East,9/24/2028,AGG ASLT W/DWPN,11/20/2025,9/24/2024,4
7872833,2459763,"GONZALES,JOSE CONSTANCIO",Michael,8/13/2056,MURDER,7/27/2023,8/14/2021,35
7873713,2493030,"INOCENCIO,AMBER ROSE",Plane,4/12/2028,AGG ROBBERY,2/6/2024,11/28/2021,5
7873726,2585426,"HOUSE,CAMERON PAUL",Dominguez,6/16/2029,FRAUD USE/POSS ID INFO ITM 10-50,10/22/2025,6/16/2025,4
7874005,2610529,"MEDINA,CALVIN DIEGO",Garza West,5/2/2027,INJ CHILD/ELD/DIS W/INT BI,3/23/2026,10/29/2025,3
7874109,2451703,"GUERRERO,ALFRED",Hightower,7/16/2026,INDEC W/CHILD CONTACT,5/26/2023,6/27/2021,6
7874291,2469903,"GORDON,RANDY",Lewis,6/1/2026,VIOL SEX OFF REG W/PREV CONV,9/29/2023,7/11/2022,4
7877322,1652347,"SHARKEY,JOHN F",Michael,10/14/2054,MURDER,6/11/2010,10/10/2009,45
7879273,1752704,"VARGAS,RAUL JULIAN",Beto,9/19/2031,AGG ROBBERY,11/4/2011,10/25/2010,15
7880078,1752694,"RAMIREZ,ERIC HARLEY",Wynne,5/24/2031,AGG ASLT DW,11/14/2011,7/18/2010,20
7880431,1810593,"TAYLOR,ROBERT",Polunsky,10/15/2046,AGG ASLT W/DWPN/REPEATER,4/18/2012,9/23/2011,35
7880768,1881007,"NOVODVORSCHI,ADAM",Hughes,9/14/2026,AGG ROBBERY,4/2/2013,6/30/2011,12
7881365,2480178,"TIJERINA,FELIPE DEJESUS",Willacy County,2/17/2030,AGG ROBBERY,12/8/2023,8/10/2022,7
7881684,1564979,"CAMPOS,SANTA MAGDALENA",Murray,1/1/9999,MURDER,3/25/2009,1/19/2007,Life
7882077,2449606,"RODRIGUEZ,CHRIS ELI",Hightower,10/24/2026,SEX ASLT CHILD,5/18/2023,9/23/2022,4
7883893,2520428,"DOMINGUEZ,JONATHAN PAUL",Memorial,1/7/2028,ASLT-FAM,2/8/2024,10/9/2023,4
7883916,2347298,"PEREZ,SCOTT CHRISTOPHER",Wainwright,4/7/2032,AGG SEX ASLT CHILD,5/7/2021,2/11/2020,12
7883934,2287186,"VASQUEZ,RAYMOND",Stringfellow,6/4/2027,AGG SEX ASLT CHILD,10/2/2019,11/26/2015,10
7884815,2479837,"GARZA,JACOB JOSEPH",McConnell,7/11/2028,POSS CS PG1 4-200G,12/4/2023,2/14/2022,12
7885140,2093368,"QUINTANILLA,JORDAN",Wynne,6/10/2026,AGG ASLT SBI,10/3/2016,8/21/2015,10
7885500,2557424,"URQUIZO,MICHAEL ANTHONY",Dominguez,1/16/2027,TAMP/FAB PHYS EVID W/INT IMPAIR,4/24/2025,12/13/2024,2
7885864,2408336,"SANCHEZ,DANIEL",Telford,11/24/2026,AGG ASLT W/DW,8/9/2022,11/24/2021,5
7885898,2595154,"GONZALES,ADRIAN",Briscoe,10/24/2054,DDLY COND DISCH FIREARM,12/15/2025,1/28/2024,30
7885899,1496777,"ARIZMENDEZ,VICTOR ELISEO",Cotulla,3/25/2037,MURDER,3/25/2008,1/3/2007,30
7885997,2439902,"GONZALEZ,RAYMOND Q",Michael,10/15/2029,EVADING ARREST DETEN W/VEH,3/9/2023,10/16/2022,7
7886086,2171834,"PEREZ,OSCAR",Gist,6/22/2026,AGG ROBBERY REPEATER,12/1/2017,9/16/2016,15
7886088,1495015,"AQUINO,STEPHEN ANDREW",Allred,1/26/2067,MURDER,3/24/2008,1/6/2007,60
7886091,1786938,"CARDENAS,JOSEPH ANDREW",Estelle,7/5/2040,MURDER,5/17/2012,9/1/2008,30
7886416,2614653,"RODRIGUEZ,TERESA MARIE",Plane,1/30/2028,VIOL BOND/PROT ORDER-ASLT/STALK,1/14/2026,8/22/2021,5
7888088,2604013,"FAZ,MICHAEL ANTHONY",Segovia,6/28/2027,AGG ASLT W/DEADLY WPN,2/9/2026,12/25/2024,2
7888462,2417645,"MARTINEZ,MANUEL",Clemens,6/16/2037,AGG ASLT DW,10/4/2022,7/20/2019,15
7888468,2333184,"GARCIA,ADAM AARON",Estelle,8/15/2026,ROBBERY,12/18/2020,12/17/2019,6
7889174,2482082,"DELUNA,JAIME",Stevenson,4/1/2038,INTOXICATION ASLT PEACE OFF,12/13/2023,4/2/2023,15
7890268,2083266,"SILLER,ROLANDO",Hughes,11/18/2033,AGG ASLT W/DW,8/10/2016,9/8/2015,18
7890794,1809136,"LOZANO,JACOB",Garza East,2/26/2044,AGG ROBBERY,8/29/2012,2/27/2011,30
7891103,1870028,"KING,RAYSHAD MICHAEL",McConnell,1/18/2027,AGG ROBBERY,6/18/2013,1/14/2012,15
7893280,2144169,"NASH,JARED MICHAEL",Clements,6/21/2041,AGG ROBBERY,6/23/2017,3/31/2016,25
7893301,2585461,"RUVALCABA,JESSE ANGEL",Willacy County,7/6/2028,VIOL BOND/PROT ORDER ASLT/STLK,9/27/2024,6/25/2023,3
7893348,2560763,"CHAVEZ,FRANK",McConnell,12/2/2026,UNL CARRY WPN W/FELONY CONV,5/15/2025,10/2/2024,5
7893637,2535870,"GUTIERREZ,MAX JR",Briscoe,12/17/2034,AGG ROBBERY,12/5/2024,9/21/2023,11
7893832,2206153,"PORTER,BOBBY J",C.T. Terrell,6/5/2026,ASLT FAM CHOKE/STRANGU,6/21/2018,1/23/2017,20
7894719,2436105,"TREVINO,AARON",McConnell,5/27/2081,AGG ASSLT W/DWPN SBI,2/17/2023,11/23/2020,60
7895466,2324877,"POPP,ROBERT",Clements,9/17/2027,INDECENCY W-CHILD-CONTACT,9/18/2020,12/4/2017,7
7896940,2479850,"PRICE,EDWARD ELIAS",Bartlett,11/30/2048,AGG SEX ASLT-CHILD,12/4/2023,8/27/2008,25
7897127,2446468,"CASTILLO,ATOM",Clemens,10/1/2034,AGG ROBBERY,4/25/2023,10/1/2022,12
7898363,2483943,"MATA,JESUS ESTRADA",Connally,5/11/2027,AGG ASSLT W/DDLY WPN,1/8/2024,5/11/2023,4
7898557,2503686,"VELASCO,MICHAEL",Stringfellow,1/22/2027,INDECENCY-CHILD EXPOSURE,5/8/2024,9/30/2023,4
7899276,2464842,"FLORES,ERIC THOMAS",Chasefield Wilderness,10/30/2027,FELON POSS FIREARM REPEAT,8/24/2023,4/22/2023,11
7900151,2409429,"CANTU,DANIEL",Stevenson,4/29/2027,DWI 3D/M REPEAT,8/16/2022,2/11/2021,12
7903621,2125237,"WILDBERGER,JOSHUA",Estelle,8/15/2026,AGG SEXUAL ASLT CHILD,3/28/2017,10/22/2015,10
7903664,2581273,"DAVILA,JACOB ANTHONY",Hamilton,10/7/2026,ASLT INT/RCK BRTH/CIRC FAM PRE,4/23/2019,4/28/2018,4
7903844,1867908,"THREADGILL,JOSHUA SCOTT",Michael,6/25/2030,AGG ROBBERY,6/26/2013,10/6/2011,18
7904448,2107616,"SIMMS,JASMINE",Crain,11/16/2043,COMPEL PROSTITUTION,12/8/2016,11/16/2013,30
7904969,2460767,"CECILIANO,MARIO TORRES",Torres,5/25/2027,SEX ASLT CHILD,7/26/2023,5/2/2022,5
7906423,2571345,"SHOEMAKE,CARL BRANDON",Robertson,1/25/2027,POSS CS PG1/1-B L/1G,7/18/2025,1/25/2025,2
7907229,2516964,"LUNA,PAUL ANTHONY JR",Torres,2/4/2044,AGG ROBBERY,7/11/2024,2/4/2024,20
7908443,2532172,"GUTIERREZ,KYLAN MICHAEL",Chasefield Wilderness,11/14/2027,UNL CARRY WPN W/FELONY,11/14/2024,7/17/2024,8
7909515,1583553,"CASILLAS,WILFREDO",Stiles,2/10/2116,AGG SEX ASLT-CHILD,6/23/2009,3/17/2006,36
7909974,2597566,"CARTLIDGE,CALVIN SAMPSON",Cotulla,10/11/2031,AGG ASLT W/DEADLY WPN,12/18/2025,10/11/2021,10
7910165,2305575,"GARCIA,SIMON JR",McConnell,5/31/2026,FELON POSS FIREARM,1/27/2020,7/30/2018,12
7910233,1867903,"REYES,NICHOLAS",Ferguson,8/30/2035,MURDER,6/24/2013,8/24/2007,25
7910624,2394025,"PESINA-RODRIGUEZ,GEORGE",Connally,9/21/2032,AGG ROBBERY,4/26/2022,9/22/2021,11
7910804,1700766,"WILLIAMS,THESUS",Hughes,10/21/2064,AGG SEX ASLT CHILD,2/15/2011,9/25/2007,55
7910811,2589134,"ELLIS,RICHARD ROBERT",East Texas Treatment Facility,9/17/2026,BURGLARY HABITATION INTEND OTHER,,12/24/2021,3
7910872,2604773,"CRUZ,SAMANTHA",Plane,12/26/2026,POSS CS PG1 1-4G,2/11/2026,5/26/2020,4
7911217,2520997,"DAVIS,SEAN CHRISTOPHER",Hamilton,6/7/2028,DWI 3D/M,9/4/2024,4/16/2024,4
7911362,1699164,"RODRIGUEZ,ERIK M",Stevenson,7/4/2040,AGG SEXUAL ASLT CHILD,1/24/2011,2/15/2009,30
7914326,2409636,"SAMANIEGO,FRANCISCO JAVIER",Coffield,9/3/2030,INDECENCY W/CHILD CONTACT,8/12/2022,1/15/2014,10
7915276,2561533,"VILLALOBOS,ROBERT MICHAEL",Glossbrenner,8/13/2026,POSS CS PG1/1B 1G-4G REPEAT,5/20/2025,1/11/2025,5
7917021,2455097,"GARCIA,ABELARDO DANIEL",Hightower,5/5/2069,MURDER,11/14/2024,5/2/2021,48
7917773,2614651,"DAVIS,AUTUMN MAIE",Plane,2/11/2028,POSS CS PG1 1G-4G,4/21/2026,4/8/2021,2
7918141,1989021,"AGUILAR-DURAN,INOSENCIO",Memorial,7/2/2029,AGG SEX ASLT CHILD,3/19/2015,7/3/2014,15
7918445,2574881,"SMITH,ALLEN REGINALD",Dominguez,4/5/2028,MAN DEL CS PG1 4-200G,8/6/2025,3/25/2024,8
7919067,2296982,"SOLIS,NICHOLAS JUAN",Cole,8/7/2027,POSS WID CONT SUB PG1 4-200G,12/3/2019,8/7/2019,8
7919074,2388401,"APOLINAR,PHILLIP A",Dominguez,9/1/2026,AGG ASLT W/DW,3/29/2022,8/29/2018,5
7922043,2603727,"CANTU,VICTOR ADOLFO",Dominguez,12/25/2026,THEFT PROP <$2500 2/MORE,2/11/2026,9/6/2025,1.2
7922517,2595402,"GARZA,ROXANNE MARIE",Hilltop,4/5/2029,MAN DEL CS 4-200G,12/19/2025,7/26/2025,8
7924780,2439894,"FLORES,JOHN GILBERT",Montford,3/18/2031,AGG ASLT DW,3/20/2023,7/25/2019,8
7924986,1730368,"GABRIEL,LA JOHN",Stiles,6/30/2109,MURDER,7/14/2011,6/30/2010,99
7926310,2065138,"PACHECO,NICHOLAS JEREMY",Ramsey,9/12/2058,MURDER,5/5/2016,9/12/2013,45
7928583,2398642,"ESCALANTE,VINCENT ANTHONY",Lopez,8/1/2026,EVAD ARREST DET W/VE,6/21/2022,11/9/2020,3
7928651,2564614,"ESTES,STEPHON EUGENE",Ramsey,4/3/2028,THEFT PROP $2500-30K,11/20/2025,1/6/2025,3
7930484,2573508,"ABUNDIZ,JOSE ANTONIO",Hightower,2/8/2027,AGG SEX ASLT CHILD,7/18/2025,3/1/2016,6
7934615,2404139,"SALDIVAR,DAVID",Connally,8/29/2071,CONTINUOUS SEX ABUSE-CHILD,7/21/2022,11/14/2014,50
7937432,2526470,"RESENDEZ,RAFAEL",Torres,9/16/2048,AGG KIDNAPPING,9/27/2024,9/6/2023,25
7937555,2298848,"RODRIGUEZ,ULISES MAVETH",Polunsky,9/9/2053,MURDER,12/10/2019,9/5/2018,35
7938468,1711988,"LOPEZ,VINCENT",Gist,7/24/2026,AGG ASLT DW,4/11/2011,6/28/2009,15
7939311,1863075,"VILLARREAL,GILBERTO",Briscoe,5/23/2050,MURDER,5/15/2013,5/3/2009,38
7940501,2264438,"PEOPLES,TYSHUN M",Segovia,1/17/2027,ASLT FAMILY,7/26/2018,5/20/2016,7
7943702,2496454,"ACEVEDO,JACOB RAE",Stiles,10/16/2028,POSS CS PG2 1-4G,3/21/2024,11/12/2023,12
7943892,2333197,"MORAN,DANIEL",San Saba,1/4/2033,AGG ASLT W/DWPN,12/10/2020,1/4/2017,16
7943911,2414471,"CORTEZ,DAIN ANDREW",Stevenson,10/1/2026,ASLT FAM CHOKING/STRANGU,9/22/2022,10/8/2021,9
7943914,2577718,"SUNIGA,SEBASTIAN RODOLFO",Glossbrenner,8/12/2026,ROBBERY,4/14/2025,11/9/2024,3
7944386,2522444,"SEGURA,CHRISTOPHER DAVID",Bartlett,12/10/2040,AGGRAVATED ROBBERY,9/4/2024,11/12/2023,17
7944399,2448691,"ODOM,KYLE MITCHELL",Robertson,9/1/2066,AGG ASLT W/DEADLY WPN HABIT,5/11/2023,8/14/2021,45
7946031,2594725,"FIELDS,BRYANT DEION",Garza East,7/19/2029,ROBBERY,12/4/2025,7/17/2025,4
7946759,2480151,"ALEJANDRO,LOUIS",Dominguez,12/10/2027,BURG HABITATION FORCE,10/11/2021,8/29/2019,4
7946847,1594462,"YAWS,MICHAEL SHANE",Huntsville,1/3/2053,MURDER,8/25/2009,3/5/2007,45
7947094,2002223,"VAQUERA-LOPEZ,JOSE",Wallace,5/15/2050,AGG SEX ASLT CHILD,5/19/2015,11/3/2012,35
7947197,2558157,"VANEGAS,SAMANTHA D",Plane,12/11/2039,POSS CS PG1/1-B OVER 400G,5/13/2025,3/27/2024,15
7947411,2566863,"BENAVIDEZ,ENRIQUE III",Ney,3/2/2027,COLLISION INV INJURY,6/17/2025,1/9/2025,5
7947416,2468045,"KING,NORMAN E",Connally,7/5/2031,UNL CARRY WPN W/FEL CONV,9/11/2023,3/21/2023,8
7947583,2459773,"MEDRANO,JOEL JACOBB",Dominguez,5/4/2027,POSS CS PG1 1-4G,7/24/2023,7/7/2022,6
7949645,2512008,"OCHOA,ALEXANDER RYAN",McConnell,2/5/2028,AGG ROBBERY,9/22/2023,1/10/2021,5
7951917,2563330,"ORTIZ,JOSE JR",Clemens,8/15/2032,AGG ROBBERY,5/27/2025,8/15/2024,8
7952108,2461909,"GONZALES,ELOY V",Polunsky,7/14/2026,EVADING ARREST/DET W/VE,8/3/2023,1/21/2023,3
7952814,2608922,"ROBLEDO,YANET LEEIN",Crain,3/26/2028,POSS CONT SUB 4-200G,4/11/2024,7/30/2019,3
7954806,2595067,"RUBIO,JOHN ANTHONY",East Texas Treatment Facility,7/24/2026,POSS CS PG1 4G-200G,2/21/2023,6/2/2021,8
7955437,2608873,"RODRIGUEZ,JOE ANTHONY",Dominguez,9/18/2026,POSS CS PG1/1-B<1G,3/23/2026,11/15/2025,0.5
7957252,1890025,"FOSTER,JESSICA NICHOLE",Hobby,9/5/2032,AGG ROBBERY/REPEATER,10/21/2013,8/16/2012,20
7957417,2540495,"HASKINS,JOHN WAYNE III",Hightower,7/31/2026,EVADING ARR/DET W/VEH,1/10/2025,12/3/2022,4
7957463,2258623,"SALAZAR,JUAN ENRIQUE",McConnell,1/8/2038,AGG SEX ASLT CHILD,4/12/2019,1/8/2018,20
7958375,2573799,"SIERRA,JOHN CHRISTOPHER",Lopez,7/22/2030,ASLT FAMILY HSEHLD MEMBER,7/31/2025,5/24/2024,5
7959043,2007829,"GONZALES,ZACHARY",McConnell,11/12/2054,MURDER,6/15/2015,11/11/2014,40
7959227,2586740,"ESCAMILLA,MICHAEL THOMAS II",Glossbrenner,6/3/2026,THEFT PROP >=$2500<$30K ENH IAT,,8/18/2025,2
7960278,2607466,"MEDINA,LUIS ANDREW III",Holliday,4/1/2027,VIOL BOND/PROT ORDER 2TIMES,2/19/2026,10/2/2023,5
7960617,2586741,"MONTALVO,JESUS MANUEL",Glossbrenner,6/3/2026,POSS CS PG 1/1-B >=4G<200G,,4/25/2022,5
7961112,2168661,"LUNA,ADAM",Polunsky,10/16/2031,AGG SEXUAL ASLT-CHILD,11/9/2017,7/27/2015,15
7961218,1966698,"ZEPEDA,GILBERT",Michael,10/20/2044,AGG SEX ASLT CHILD,10/24/2014,12/10/2004,30
7961990,2513795,"MORALES-PIZA,ADAN",Garza East,6/25/2032,SEX ASLT-CHILD,7/9/2024,3/14/2022,8
7962221,2603031,"PEREZ,STEVEN",Briscoe,11/26/2028,FAIL TO CMPLY SEX OFF DTY,2/3/2026,1/8/2025,3
7962292,1769287,"MUHAMMAD,NAJEE KAHLID",Lewis,5/21/2029,AGG ROBBERY,3/2/2012,4/22/2009,20
7962795,2600456,"SHEPARDSON,CLINTON ANDREW",Dominguez,9/24/2026,"CRIMINAL MISCHIEF>=$2,500<$30K",1/22/2026,9/25/2025,1
7964874,2590113,"MOORE,ANTHONY",Segovia,11/1/2026,POSS CS PG1/1-B 4-200G,11/12/2025,11/17/2024,2
7968596,2297111,"SANNICOLAS,TEANNA DANIELLE",Hobby,9/7/2036,FRAUD USE/POSS ID INFO 10-49I RE,12/9/2019,9/8/2019,17
7968609,2371927,"LOPEZ,STEVEN RYAN",Byrd,6/8/2033,AGG ROBBERY,10/29/2021,6/2/2021,12
7969891,2504649,"MONTEZ,JOSHUA DOLORES",Briscoe,3/28/2031,POSS W/I DEL CS PG1 4G-200G,5/9/2024,3/28/2023,8
7970185,1657475,"MONTEZ,JAMES ROY",Ellis,5/18/2030,MURDER,5/21/2010,6/8/2007,20
7971184,2510933,"POWELL,GREGORY",McConnell,8/8/2038,AGG KIDNAPPING,6/26/2024,2/14/2023,15
7971568,2581872,"ORTEGA,TANYA SELINA",Hobby,4/12/2032,AGG ROBBERY,9/18/2025,7/13/2023,8
7973444,1876791,"ESPINOZA,BENJAMIN",Willacy County,9/5/2031,AGG ROBBERY,8/6/2013,4/1/2011,20
7973608,2214024,"MENDOZA,JUAN",Jester III,1/19/2032,INTOXICATION MANSLAUGHTER,8/6/2018,4/13/2014,14
7974221,1648117,"SANCHEZ,ALISA",O'Daniel,5/27/2039,AGG SEX ASSAULT CHILD,5/21/2010,4/1/2003,30
7974347,2454894,"DOMANSKI,RUBEN ANGEL",Willacy County,1/2/2027,ASLT-FAM CHOKING/STRANGU,6/20/2023,1/2/2023,4
7974459,2443168,"VALDEZ,MIKE",Dominguez,2/21/2030,EVADING ARREST DETEN W/VE,4/4/2023,2/22/2023,7
7976507,2491326,"FALCON,RUDY",Bartlett,2/13/2032,SEXUAL ASLT CHILD,2/15/2024,10/18/2018,8
7976579,2557593,"RIOJAS,NATHAN NICHOLAS",Dominguez,11/1/2026,POSS CS PG1/1-B 4-200G,4/23/2025,12/9/2024,6
7976956,2454575,"THOMAS,SIERRA DANIELLE",Halbert,7/3/2026,INJURY TO ELDERLY BI,12/16/2020,9/24/2020,5
7978447,2606784,"FLORES,ISRAEL MARIO JR",Hamilton,11/18/2026,DWI 3RD/MORE,3/2/2026,10/27/2025,3
7979844,1685736,"MCBURNETT,JOHN WILLIAM",Polunsky,9/19/2050,MURDER,11/23/2010,6/9/2007,40
7980633,2367864,"ORTIZ,JOVANIE PEREZ",Beto,11/11/2026,AGG ASLT W/DWPN,10/4/2021,8/17/2019,6
7980979,2393122,"JOHNSON,JOHNATHAN WINSTON",Michael,2/7/2059,MURDER,4/21/2022,2/5/2019,40
7981677,2328546,"LOPEZ,MICHAEL ANTHONY",Segovia,8/8/2026,POSS WID CONT SUBS PG1 4-200G,10/26/2020,6/9/2020,10
7982091,2574853,"GIRON,JULIO C",Briscoe,3/8/2027,DWI 3RD MORE,8/4/2025,3/8/2025,2
7982883,2572710,"HUIZAR,VINCENT",Connally,2/17/2027,EVADING ARR DET W/VEH,7/24/2025,10/21/2022,2
7984210,2557416,"POMPA,CHRIS ANTHONY",Cotulla,7/26/2043,MANSLAUGHTER,4/21/2025,7/5/2023,20
7984351,2505856,"ZAVALA,PEDRO JR",Willacy County,9/1/2030,TAMP EVID INT IMP,5/20/2024,9/2/2023,7
7984392,1858067,"ALVAREZ,JACOB",Stevenson,7/10/2026,AGG ROBBERY,2/11/2013,9/13/2012,12
7984816,2389509,"RAMOS,NABOR MARQUIS",Polunsky,11/26/2078,MURDER,3/25/2022,11/26/2018,60
7984847,2197111,"STETSON,RICHARD ALLEN",Lychner,9/15/2031,AGG ROBBERY,4/25/2018,7/25/2017,14
7984970,2129000,"HERNANDEZ,ROBERT",Huntsville,4/9/2027,AGG SEXUAL ASLT CHILD,4/13/2017,12/5/2012,10
7986359,2465921,"TAPIA,FRANCISCO",Hightower,12/9/2026,AGG SEX ASLT CHILD,8/31/2023,10/16/2010,5
7987675,2524698,"MACK,ELVIS",Garza East,4/4/2054,AGG SEX ASLT CHILD,9/23/2024,6/1/2019,30
7990180,2468028,"FLORES,EDWARD M",Willacy County,2/3/2028,ASLT FAM REPEATER,9/11/2023,10/19/2021,6
7990723,2585464,"SAMBRANO,DANIAL",Cole,7/1/2026,FELON POSS FIREARM,3/25/2019,6/25/2015,10
7992227,2585364,"DELAROSA,RICHARD",Dominguez,8/8/2029,ROBBERY,8/8/2025,8/5/2024,5
7995293,2311540,"LOMAS,ASHTON LUCAS",McConnell,1/1/5555,CAPITAL MURDER-OTHER FELONY,3/5/2020,1/29/2017,LWOP
7996207,2465911,"PRECIADO,MARIO",Garza East,8/27/2042,INTOX MANSLAUGHTER,9/1/2023,11/7/2020,23
7997562,2181631,"GARZA,OMAR",Memorial,7/13/2037,MURDER,1/24/2018,5/5/2017,20
7997647,2538111,"WOOD,JOSHUA ELIGHA WAYNE",W. Scott,8/13/2028,ASLT PEACE OFFICER JUDGE,12/19/2024,8/13/2024,4
7998234,2549203,"PATTERSON,RODNEY",Dominguez,12/26/2032,ASLT FAM HSEHLD MEM PREV CONV IA,3/3/2025,12/3/2024,8
7999363,1639970,"MARTINEZ,ADRIAN IBARRA",Huntsville,6/2/2026,SEX ASSLT CHILD,4/14/2010,4/25/2008,18
7999409,2024191,"ROLLINS,WALTER",Boyd,9/9/2040,AGG SEXUAL ASSLT-CHILD,9/16/2015,8/15/2013,25
7999945,2583971,"LEAL,MARTIN",Torres,6/4/2035,AGG ASLT DW,9/23/2025,8/1/2017,10
8000639,1676831,"JOYNER,THEODORE",Wynne,8/1/2044,AGG ROBBERY,10/18/2010,8/2/2009,35
8000812,2255175,"JACQUEZ,DANIEL RAY",Robertson,9/26/2033,AGG ROBBERY,3/22/2019,9/22/2018,15
8002806,1928551,"JUAREZ,ANDRES RAMON",Estelle,11/26/2057,AGG ROBBERY REPEATER,4/28/2014,11/26/2012,45
8003882,1766864,"RAMIREZ,JEREMY",Beto,8/7/2026,AGG ROBBERY,2/6/2012,4/5/2010,20
8006367,2594727,"GONZALES,IDRACH OCEAN",Lopez,11/13/2031,ROBBERY,12/8/2025,11/8/2023,8
8006911,2571530,"CENTENO,EUGENIO",Clemens,3/9/2029,MANSLAUGHTER,7/18/2025,8/2/2021,9
8007847,2151662,"HERNANDEZ,RAFAEL",C.T. Terrell,4/5/2050,MURDER,8/2/2017,8/21/2011,35
8008096,2510907,"IBARRA-FIERRO,ABNER ALEXIS",Garza East,2/20/2029,SEX ASLT CHILD,6/13/2024,5/25/2020,5
8008408,2285920,"OUTING,MARK EDWARD",Sayle,6/16/2026,FELON POSS FIREARM,9/26/2019,4/13/2019,10
8008524,1782604,"WILLIAMS,JOSHUA",Robertson,10/22/2040,MURDER,4/18/2012,9/10/2010,30
8010793,2573802,"VILLARREAL,MICHAEL ANGELO",Segovia,7/15/2026,POSS CS PG1/1-B 4-200G,8/1/2025,2/17/2024,3
8012938,2437227,"RODRIGUEZ,MICHAEL A",Stiles,1/14/2058,CONT SEX ABUSE CHILD,2/23/2023,10/3/2020,35
8013352,2563574,"GUTIERREZ,JESUS",Hightower,11/23/2034,AGG ASLT W/DW,3/26/2025,11/23/2024,10
8013429,2519854,"ALLEN,HENRY JEROME",Clemens,8/9/2043,AGG SEXUAL ASLT,8/14/2024,7/28/2023,20
8014457,2455763,"HERNANDEZ CANAKA,VICTOR ALFONS",Stevenson,9/9/2029,INDECENCY W/CHILD EXPOSURE,6/22/2023,11/13/2016,8
8015413,2612628,"REDDICK,ROCHELLE LEE",Hilltop,1/9/2028,POSS CS PG1/1-B 1-4G,4/1/2026,4/20/2024,4
8015562,2464861,"WILLIAMS,JOSHUA SCOTT",Powledge,8/20/2029,INDEC W/CHILD CONTACT,8/23/2023,8/1/2019,6
8016640,1803509,"MATA-GUEVARA,OSCAR",Stiles,6/8/2068,AGG SEX ASLT CHILD,7/6/2012,2/15/2008,60
8016768,2559105,"ESPARZA,ROBERT",Garza West,8/30/2033,MAN DEL CS 4-200G,5/8/2025,8/30/2024,9
8017361,2551398,"VILLARREAL,ALBERT MARES",Gist,7/10/2026,ASLT FAM HSEHLD MEM PREV CONV IA,3/20/2025,2/10/2025,2
8018163,1777326,"DELAROSA,RAMIRO",Stevenson,1/1/2027,INJURY CHILD-SBI-OMISSION,3/27/2012,9/20/2009,18
8018269,2603622,"LIMON,DOROTHY LYNN",O'Daniel,5/11/2027,UNL POSS FIREARM FELON,2/19/2026,11/4/2024,3
8018911,2486054,"BONOCINI,GINO ANTHONY",Stevenson,1/3/2033,BURG HAB-INTENT COMMIT FEL-FOR,1/19/2024,4/25/2022,10
8019715,2570405,"STEWART,GREGORY HANSON",Havins,10/26/2026,ASLT FAM MEM,7/14/2025,1/7/2025,6
8020074,2561502,"CARLISLE,ZACHARY WAYNE",Wynne,10/20/2026,EVADING ARREST,5/15/2025,1/28/2025,4
8024349,2579966,"GUTIERREZ,JOE ANGEL",Willacy County,9/14/2028,POSS CS PG1 4-200G,2/24/2025,7/23/2020,10
8025379,2293819,"SANMIGUEL,CHRISTOPHER MANUEL",Garza West,3/9/2028,EVADING ARREST DETN W/VEH,10/25/2019,9/10/2019,8
8025581,2597224,"GOMEZ,CRYSTAL JEAN",Halbert,8/10/2026,POSS CS PG 1 >=4G<200G,,2/4/2020,4
8025620,2558776,"PEREZ,MICHAEL ANTHONY",Lopez,9/16/2026,THEFT MATERIAL ALUM/BRNZ U/20K,4/29/2025,10/8/2024,4
8026753,2598469,"ALMANDARES,CARLOS OLVIN FORTIN",Garza East,3/3/2040,SEX ASLT CHILD,1/6/2026,12/31/2024,15
8026931,2580206,"AGUIRRE,JOHNNY JOE",Lopez,9/1/2026,POSS CONT SUB 4-200G,11/13/2024,4/11/2023,6
8028270,2531703,"KOSUB,BRIAN ALLEN",Garza West,7/15/2026,VIOL BOND/PROT ORD ASLT/STALK,11/8/2024,5/22/2024,5
8031947,2581934,"ESSEX,KIMBERLY RENEE",Plane,6/8/2029,EXP CHILD/ELD/DIS,9/29/2025,7/16/2024,10
8032334,2594063,"BASH,AUDREY JESSICA",Coleman,8/27/2027,UNL CARRY WPN W/FEL CONV,12/15/2025,5/5/2025,5
8032409,2574846,"CARSON-ALEXANDER,MICHAEL ANDRE",Dominguez,12/1/2026,UNL USE OF CRIM INSTRUMENT,8/6/2025,5/3/2024,4
8033143,1569075,"HINES,DARNELL L",Stiles,9/18/2082,MURDER,4/9/2009,9/16/2007,75
8033269,1535520,"MARROQUIN,MARTIN",Hughes,1/23/2033,AGG SEXUAL ASLT CHILD,10/15/2008,1/24/2008,25
8033273,2466811,"BROWN,SEAN",Garza West,9/7/2033,TRAFF CHILD ENGAGE CON/SEX,9/11/2023,10/19/2017,12
8033296,2614155,"GONZALES,ORLANDO",Garza West,3/11/2028,UNL POSS FIREARM FELON,4/13/2026,2/21/2025,3
8033330,2550865,"BORASH,JORDAN RANDELL",Chasefield Wilderness,3/1/2027,UNL POSS FIREARM BY FELON,3/19/2025,7/22/2024,4
8033437,2122406,"ESLORA,ALFRED",Torres,2/15/2041,MURDER,3/2/2017,12/20/2015,25
8034624,2603030,"MIMS,ROGER L",Segovia,5/24/2028,DDLY CONDUCT DISCH FIREARM,2/2/2026,7/23/2023,5
8035406,2578893,"OWENS,ANTHONY SHANMAIN",Willacy County,3/6/2028,UNL POSS F/ARM BY FELON,8/20/2025,3/7/2025,3
8036309,2238677,"PADILLA,DAVID RAY",Garza East,1/18/2027,POSS W/I DEL CONT SUB PG1 200-40,12/12/2018,5/31/2018,10
8036328,1462617,"RODRIGUEZ,JOSE ROMO",Wainwright,7/30/2031,AGG ROBBERY,8/1/2007,7/30/2006,25
8037459,2613950,"GUILLORY,RONALD TODD",Dominguez,10/9/2026,THEFT PROP <2500 2/M PREV CONV,4/14/2026,1/13/2026,0.7
8038021,1570494,"BERZLEY,TODD LANE",Michael,6/1/2026,AGG SEX ASLT CHILD,4/17/2009,9/9/2007,35
8038468,2555329,"MARTYN,CHARLES IAN",Garza East,10/2/2030,AGG ASLT W/DWPN,3/5/2025,2/24/2022,6
8039064,2528888,"CORTEZ,IRENE",Hobby,7/8/2026,HARRASSMENT PUBLIC SERVANT,6/26/2023,7/1/2021,2
8039524,2069902,"FLOYD,WILLIE DAVID",Connally,1/1/9999,AGG SEXUAL ASLT CHILD,5/19/2016,4/7/2014,Life
8039800,2450047,"SANTOS,MISAEL",Briscoe,8/30/2026,INTOX ASLT,5/26/2023,9/4/2021,8
8039970,2550873,"GIBBONS,DONIVAN JOSEPH",Willacy County,8/4/2026,EVADE ARR DET VEH,3/11/2025,8/4/2024,2
8040696,2460785,"SLUSSLER,TODD JORDAN",Dominguez,6/1/2026,BURG HAB FORCE,6/15/2023,8/15/2022,7
8040737,2491336,"MATA,PAUL",Willacy County,5/2/2031,POSS CS PG1 4-200G,2/7/2024,8/16/2020,10
8040810,2556164,"VALDEZ,JOSE LUIS",Lopez,7/29/2039,AGG ASLT AGNST PUB SERV,2/27/2025,7/29/2024,15
8041152,2490139,"RODRIGUEZ,LEONARD",Luther,12/16/2026,POSS CS PG1 1G-4G,2/6/2024,3/3/2023,3
8041585,1474867,"NAVARRO,GUSTAVO",Clements,9/13/2027,BURG HABIT INT COMMIT FEL FOR,10/12/2007,7/28/2005,20
8042564,2499428,"YSASSI,JOSHUA RAY",Willacy County,11/12/2026,FELON POSS FIREARM,4/9/2024,8/29/2023,7
8043000,2464860,"VILLAMIL,WILBERTH",Briscoe,10/27/2037,AGG SEX ASLT CHILD,8/24/2023,9/19/2022,15
8043162,2549208,"VILLARREAL,LARRY VINCENT RAY",Dominguez,6/3/2026,POSS CS PG1 4-200G,3/5/2025,5/6/2020,4
8044220,2599537,"KIRKSEY,MELVIN THOMAS",Chasefield Wilderness,8/9/2029,DEADLY CONDCT DIS FIREARM,1/12/2026,10/3/2020,8
8044469,2531735,"TAYLOR-WHITE,DEVEON",Ferguson,9/2/2062,MURDER,10/25/2024,9/2/2022,40
8044479,2510932,"PARKER,BRIAN DEANTHONY",Garza East,4/27/2027,FELON POSS FIREARM,1/25/2024,4/25/2022,8
8047407,2478202,"MORENO,ALBERT LUIS",Dominguez,1/26/2033,FELON POSS FIREARM,11/13/2023,1/27/2023,10
8047748,2545955,"GARCIA,JESSE JR",Torres,8/23/2068,AGG ROBBERY,2/19/2025,8/24/2023,45
8048005,2238658,"JOHNSON,RODNEY ONEAL",Torres,10/15/2026,AGG ROBBERY,8/31/2018,5/31/2018,7
8048876,1885168,"MARTINEZ,MATTHEW",Roach,1/13/2032,MURDER,9/24/2013,12/30/2011,20
8049053,1939616,"PRICE,LONNIE",Hamilton,6/8/2026,BURG HABIT-FORCE,6/17/2014,9/16/2011,20
8049136,2585191,"MAKI,JOSHUA",Dalby,6/17/2031,AGG ASLT W/DWPN,10/9/2025,5/20/2013,6
8049862,2576717,"MEDEL,ROLAND JR",Lopez,10/1/2026,THEFT PROP L$2500 2MO PREV CONV,8/13/2025,4/24/2025,3
8051982,2417659,"WELGRAZ,AARON V",Coffield,10/8/2192,AGG SEX ASLT CHILD,10/12/2022,5/1/2006,50
8053175,1681113,"DELACRUZ,SALVADOR JOSE",Ferguson,10/25/2049,AGG ROBBERY,10/8/2010,10/25/2009,40
8053527,2606274,"DEVICH,AUTUMN CHRISTINE BR",Plane,11/1/2027,POSS CS PG1/1-B L/1G,3/2/2026,7/10/2025,5
8054196,2482958,"DELEON,SAUL",Willacy County,5/23/2029,AGG ASLT W/DWPN,12/13/2023,5/23/2023,6
8055457,2566882,"RODRIGUEZ,EDWARD ADAM",Dominguez,9/1/2026,MAN/DEL CS PG1 4G-200G,6/12/2025,11/20/2024,5
8055517,2475984,"BROWNSON,JACOB",Allred,1/1/5555,CAPITAL MURDER MULTIPLE PERSON,11/13/2023,9/27/2016,LWOP
8055701,2523571,"SALINAS,RICHARD ANTHONY",Torres,6/9/2034,INDEC W/CHILD EXPOSES,9/11/2024,12/14/2020,10
8056043,2409069,"CANTU,ALIZA MARIE",Murray,7/17/2059,MURDER,8/17/2022,7/14/2019,40
8056918,2415591,"HERNANDEZ,RIGOBERTO",Havins,10/27/2026,AGG ROBBERY,9/28/2022,11/13/2021,8
8057685,2556411,"BUSTAMANTE,NATHAN ERIC",Stevenson,10/7/2027,UNL POSS FIREARM FELON,4/6/2023,11/15/2022,6
8057740,2514740,"CRAWFORD,ROBERT LEE",Polunsky,10/27/2026,ROBBERY,7/25/2024,8/18/2021,3
8058143,2498133,"GARCIA,BRANDYN",Connally,9/30/2061,AGG SEX ASLT,3/28/2024,9/27/2021,40
8058929,2581281,"GRUBBS,BRADLEY ELLIS",Willacy County,5/6/2040,MAN DEL CS PG1 4-200G,9/8/2025,5/7/2025,15
8059156,2565949,"GONZALEZ,MARK",McConnell,6/24/2031,BURG HABITAT,5/28/2025,6/24/2024,7
8059471,2601885,"GARZA,JORDY URIEL",Garza West,5/17/2028,DWI,1/30/2026,5/4/2019,5
8060502,2455149,"KENNARD,PRINDLE",Lynaugh,8/21/2036,TRAFF OF PERSON <18-PROST/FORC,1/23/2023,3/13/2017,15
8060894,2567942,"TALLY,BRANDON LEE",Torres,2/11/2030,AGG ASLT DW,4/2/2025,4/8/2023,5
8061946,2579959,"BERLANGA,NOLAN PAUL",Wainwright,6/4/2029,ASLT FAM/HSEHLD MEM PREV,9/10/2025,4/17/2024,5
8062381,2594720,"ALDUENDE-VILLA,LUIS E",Segovia,1/2/2027,DWI 3RD OR MORE,12/10/2025,8/15/2025,3
8064281,2227082,"GARCIA,ARCENIO G",Stiles,1/23/2033,AGG SEX ASLT CHILD,10/9/2018,3/14/2017,15
8064343,2540487,"CALDERON,GABRIEL CARLOS",Segovia,10/23/2027,ASLT PEACE OFFICER,1/8/2025,4/15/2022,3
8066341,2385352,"RAMIREZ,CASSANDRA M",Hobby,11/18/2027,POSS W/I DEL CONT SUB PG1 4-200G,3/2/2022,4/6/2021,6
8066452,1591871,"GINN,JOHN ERIC",Stevenson,11/18/2032,MURDER,8/7/2009,11/19/2007,25
8067939,2458706,"HERNANDEZ,RICHARD ANTHONY",Lychner,8/20/2026,ASLT FAMILY,7/18/2023,12/17/2022,4
8067959,2602266,"DIAZ,EDGAR ALAN",Dominguez,1/31/2027,BURG OF BLDG,2/4/2026,6/3/2025,1
8068575,2078142,"DELEON,DANIEL R",Coffield,8/3/2040,ENG ORG CRIM ACT,11/29/2016,8/4/2015,25
8069643,1705151,"RODRIGUEZ,WILBER ADALID",Estelle,11/4/2034,MURDER,3/7/2011,11/1/2009,25
8070023,1707758,"MERRITT,GRANT KENNETH",Lewis,1/3/2035,AGG ROBBERY,3/8/2011,5/8/2009,25
8070870,2604032,"RODRIGUEZ,JOE ANTHONY JR",Segovia,8/7/2027,ASLT FAM/HH MEM PREV CONV,7/12/2023,6/7/2023,2
8070925,2280686,"MATAMOROS,JOSE ANGEL",Ney,7/19/2031,POSS WID CONT SUB 400G,8/28/2019,4/13/2018,30
8071464,2579487,"AGUILAR,DEBORAH",Plane,1/13/2034,AGG ROBBERY,9/19/2025,10/24/2024,9
8071997,2604019,"HUGHES,DAVID LEE",Cotulla,9/5/2029,INDECENCY W/CHILD EXPOSE,2/11/2026,3/5/2021,4
8072898,2586543,"NIETO,KIMBERLY MARIE",Skyview,9/2/2027,AGG ASLT W/DWPN,10/6/2025,5/13/2022,4
8073569,2606484,"CRUZ,MICHAEL EDWARD",Dominguez,3/2/2027,THEFT PROP 2500 2+ PREV CONV,3/3/2026,3/2/2020,1
8074648,2186813,"CAMPOS,DANIEL MICHAEL III",Smith,8/22/2031,MURDER,2/28/2018,5/1/2016,15
8075455,2595162,"QUIROGA,ANTHONY JR",Garza West,2/19/2030,ONLINE SOL MINOR,12/9/2025,10/31/2024,5
8075608,1562390,"CANTU,TOMEKA NICOLE",Hobby,1/1/5555,CAPITAL MURDER-CHILD U/6,3/2/2009,12/11/2007,LWOP
8076683,2588287,"SOLANO,DAVID",Stevenson,4/20/2032,AGG ASLT W/DWPN,10/23/2025,4/4/2025,7
8077395,2564628,"GARZA,DANIEL RENE",Willacy County,5/8/2029,UNL POSS FIREARM BY FELON,6/4/2025,6/12/2020,5
8077447,2573522,"LAIRD,TRAYVON DEMOREYEA",C.T. Terrell,6/23/2031,UNL POSS FIREARM BY FELON,7/25/2025,6/23/2025,6
8077457,1521240,"HALEY,JAMES V",Stevenson,3/15/2038,AGG ROBBERY,8/1/2008,4/15/2007,30
8078087,2574876,"RICO,JOHN ANTHONY",Hamilton,8/11/2026,VIOL BOND/PROT ORD 2X W/I 12MO,8/5/2025,11/25/2024,4
8079207,2556412,"CARDENAS,JUSTIN REY",Estes,10/29/2028,ROBBERY,4/4/2025,10/29/2024,4
8079708,2547042,"OROSCO,JOSEPH RYAN",Goree,7/3/2027,POSS CONT SUB 1-4G,2/18/2025,7/3/2024,3
8080220,2270299,"GOMEZ,ERIC JACOB",Lewis,12/11/2028,AGG ROBBERY,6/21/2019,12/5/2018,10
8081655,2610523,"HERNANDEZ,JULIAN LEE",Garza West,7/15/2030,POSS CS PG 1/1B 200-400G,7/16/2025,6/15/2022,12
8084036,2606789,"RELITZ,KENNETH ARTHUR",Garza West,1/29/2033,COLLISION INVOLVING DEATH,3/3/2026,9/21/2022,15
8084673,1528513,"GREEN,DANIEL MICHAEL",Garza East,12/29/2037,SEX ASLT CHILD,8/4/2008,6/30/2007,20
8085556,2558156,"MOFFATT,JACLYN KAY",Plane,10/30/2029,UNL POSS FIREARM FEL,4/9/2025,10/30/2024,5
8086010,2444338,"GUTIERREZ,ADRIAN YBARRA",Allred,11/3/2030,ATT SEX ASLT,4/17/2023,11/3/2022,8
8086371,2606173,"SALDANA,CHRISTOPHER ANTHONY",Connally,3/18/2035,AGG ASLT W/DEADLY WPN,2/24/2026,12/30/2024,10
8087009,2585403,"CARNEY,CLAUDELL DWAYNE",Dominguez,2/17/2031,AGG ROBBERY,10/17/2025,8/22/2023,6
8087278,2580276,"MARTINEZ,ENRIQUE",Stringfellow,7/24/2026,AGG ASSAULT W/DEADLY WEAPON,,8/14/2021,5
8088265,2492632,"MARACLE,STEPHEN TONY",Dominguez,11/30/2027,POSS CS PG1 OVER 400G,2/29/2024,10/11/2023,10
8088300,2565731,"BYMUN,ANDREW",Torres,2/27/2049,AGG SEX ASLT CHILD,5/9/2025,2/19/2024,25
8088754,2546163,"OCURA,RALPH ANTHONY",Lychner,2/9/2028,AGG ASLT W/DDLY WPN,2/20/2025,11/22/2023,3
8089260,2006388,"ZAPATA,RAYMOND",Connally,4/27/2064,AGG ROBBERY,6/12/2015,4/27/2014,50
8089347,2575827,"SPAUSTAT,CEASAR ALLEN",Garza West,9/23/2026,UNL POSS FIREARM BY FELON,8/14/2025,6/2/2025,3
8089446,2559582,"GARCIA,ISIDORE III",Lopez,9/17/2029,AGG ASLT W/DWPN,5/9/2025,9/17/2024,5
8089485,2582775,"MILLER,CALVIN MARKEAL",Garza East,8/10/2030,VIO BND/PRO ORD 2/TIME W/I 12 MO,9/18/2025,9/24/2024,5
8089527,2405363,"REYES,RYAN MARTIN",Garza East,6/1/2026,FELON POSS F-ARM,7/27/2022,8/15/2021,5
8089844,2200748,"COURCHESNE,DARON",LeBlanc,12/16/2047,ROBBERY,5/16/2018,10/30/2016,30
8090160,2126476,"LAWDINS,SHAQUILLE JAMAL",Allred,7/20/2045,MURDER,3/31/2017,7/21/2015,30
8091865,2129822,"DUENAS,MARIA MAGDALENA",Hobby,5/22/2029,MANSLAUGHTER,4/24/2017,11/25/2013,14
8091953,2460783,"RAMOS,RYAN PAUL",Lynaugh,7/22/2038,SEX PERF BY A CHILD,7/26/2023,5/23/2020,15
8092352,2372519,"VELEZ,JESUS MANUEL",McConnell,5/23/2031,ASLT PEACE OFFICER/JUDGE BI,11/10/2021,6/9/2020,6
8092536,2416742,"MARTINEZ,ERIK JESUS",Stiles,2/28/2028,INJ CHILD W/INT BI,10/5/2022,12/1/2021,15
8093892,2453708,"GUERRERO,JOSEPH LEE",Memorial,1/6/2043,AGG ASLT DWPN,6/14/2023,1/6/2023,20
8094545,2583979,"NEAVES,JUAN RAMON JR",Dominguez,11/1/2026,ROBBERY,9/30/2025,5/29/2025,2
8095126,2602824,"LOPEZ,DANIEL CHRISTOPHER",Dominguez,8/5/2033,UNL POSS FIREARM FEL,1/28/2026,8/6/2025,8
8095282,2559125,"RUBIO,MICHAEL DWAYNE",McConnell,9/27/2030,ASSLT FAM CHOKE/STRANG,12/13/2023,10/4/2023,6
8096227,2614182,"VASQUEZ,RICHARD GARZA",Garza West,2/22/2028,THEFT PROP 2500 2/MO PREV CONV,4/16/2026,10/2/2025,2
8096759,2076011,"OCHOA,PHYLLIS",Hilltop,6/1/2026,AGG ROBBERY,7/5/2016,3/26/2015,16
8098021,2574865,"MACIAS,ANGEL EDWARD",Dominguez,9/1/2026,UNL CARRY WPN W/FELONY CONV,8/5/2025,3/23/2025,3
8098859,2573520,"GRAY,GARY",McConnell,3/20/2032,AGG ASLT DW,7/31/2025,2/23/2025,7
8099389,2135416,"TREVINO,LUIS EDUARDO",McConnell,11/6/2045,AGG ROBBERY,4/18/2017,6/21/2016,25
8100560,1630468,"ESTRADA,JOE THOMAS",Connally,1/1/5555,CAPITAL MURDER-OTHER FELONY,3/3/2010,4/24/2008,LWOP
8100565,1597168,"ELLIS,TERRILL",Montford,1/26/2033,AGG SEX ASLT ELDERLY/DISAB,9/8/2009,1/27/2008,25
8101272,2573534,"SMITH,LARRY WILLIE",Michael,3/13/2032,SEX ABU CHILD CONT V/UNDER 14,7/14/2025,1/1/2018,8
8101398,2526663,"CUELLAR,MATTHEW BOSQUEZ",Stevenson,4/23/2036,AGG ASLT DW,10/7/2024,2/16/2024,12
8101444,1701933,"ALCOSER,MICHAEL YSIDRO",Ramsey,2/7/2031,AGG SEX ASLT-CHILD,2/9/2011,4/30/2005,18
8101476,2597574,"HERNANDEZ,GABRIEL JOHN",Torres,3/7/2028,DWI 3RD OR MORE,9/30/2021,10/6/2019,5
8101711,1791285,"BARRERA,JACOB",Stringfellow,6/28/2047,MURDER,6/5/2012,6/27/2010,30
8101749,2514948,"MORAN,GERALD",Lopez,7/16/2032,POSS CS 200-400G,7/19/2024,10/3/2022,8
8102180,1809142,"RODRIGUEZ,FRANCISCO",Montford,6/25/2070,MURDER,9/12/2012,5/27/2010,60
8102695,2585185,"GALLEGOS,HUMBERTO II",Lopez,1/1/2027,UNL POSS METAL BA FELON,10/8/2025,5/31/2025,5
8102781,2570406,"THOMAS,CAMRYN TANDRE",Stevenson,12/17/2032,UNL CARRY WPN FEL CONV,7/14/2025,12/17/2024,8
8105109,2601637,"RODRIGUEZ,JERRY",Glossbrenner,9/11/2026,AGG ASSAULT W/DEADLY WEAPON,,12/29/2020,7
8105225,2612626,"MARTINEZ,SABRINA MONIQUE",Crain,12/27/2027,POSS CS PG1 1-4G,4/6/2026,9/1/2022,2
8105961,2582495,"CONTRERAS,RALPH G JR",Willacy County,3/2/2027,MAN DEL CS PG1 4-200G,9/17/2025,4/23/2025,5
8105976,2252727,"JACKSON,TRISTON LLOYD",Willacy County,3/11/2033,ROBBERY,3/4/2019,3/12/2018,15
8106375,2344467,"BALL,ALONZO",Willacy County,1/11/2029,INDECENCY W/CHILD CONTACT,4/8/2021,5/1/2012,8
8107207,2381777,"RAMIREZ,RICHARD ANTHONY",Wynne,11/17/2035,SEX ASLT CHILD,1/24/2022,6/4/2020,15
8108910,2600458,"TREVINO,JESUS JR",Dominguez,12/4/2026,POSS CS PG 1/1-B <1G,1/20/2026,10/18/2025,1
8109439,2579963,"FLORES,ROMAN ALLEN",Beto,10/3/2026,EVAD ARR DET W/VEH,9/9/2025,8/26/2024,6
8109538,1943837,"BELTRAN,ROY",Cotulla,4/10/2038,AGG ROBBERY,3/21/2014,4/10/2013,25
8109770,2554627,"BANKS,PRISCILLA GLORIA",Plane,1/20/2027,MAN DEL CS PG1 4-200G,4/22/2025,4/9/2018,5
8109848,2429930,"AVILA,ASENCION JUNIOR",Gist,7/10/2026,AGG ASLT W/DDLY,1/9/2023,12/12/2021,5
8109904,2429945,"GUAJARDO,DAMION ANTHONY",Dominguez,7/4/2026,CONTINUOUS VIOL AGAINST FA REPEA,1/12/2023,7/3/2022,4
8109954,2537035,"HERNANDEZ,KEVIN JOHN",Dominguez,10/1/2026,BURG HABIT,12/10/2024,9/21/2023,5
8109978,2449538,"SCOTT,GEORGE KELLY",W. Scott,5/1/2027,TERRORISTIC THREAT PUB FEAR SB,6/5/2023,3/7/2022,10
8110768,2561506,"FUENTES,MATTHEW ANDREW",Briscoe,11/1/2030,AGG ASLT W/DWPN,5/12/2025,11/1/2024,6
8112206,2436352,"SIRIO,MATTHEW JOSHUA",Memorial,2/8/2029,POSS WID CS PG1 O/400G,2/23/2023,9/18/2021,15
8112305,2609588,"TREVINO,ROBERT JR",Garza West,12/2/2031,ROBBERY,3/19/2026,8/21/2025,6
8113405,2607988,"ADAMES,ANDREW",Hodge,7/29/2027,SEX ASLT (ATT COMMIT),3/9/2026,7/1/2020,5
8113660,2600663,"TALLEY,QUAYSHAUN TIRRELL",Garza East,1/11/2032,MAN DEL CONT SUB 400G,1/16/2026,12/6/2024,15
8114321,2577709,"LEOS,LEO ROBERT III",Glossbrenner,11/5/2026,UNL CARRY WEAP W/FELONY CONV,8/25/2025,3/21/2025,4
8115602,2585439,"MERCADO,JOE ANTHONY",B. Moore,6/1/2026,THEFT PROP L/$2500 2/MORE PREV,10/23/2025,7/7/2025,2
8118428,2089382,"MARTINEZ,JAIME",Skyview,1/14/2028,BURG HABIT FORCE,8/19/2016,9/19/2015,12
8118517,1819905,"MORALES,JOHNNY",B. Moore,6/22/2026,AGG SEXUAL ASLT CHILD,10/22/2012,7/30/2011,12
8119356,2053565,"GAMEZ,MARCIANO",Michael,6/4/2030,COMPEL PROSTITUTION,1/19/2016,9/19/2014,15
8119547,2613042,"SANCHEZ,JAI KADEEM",Garza West,12/9/2031,ASLT FAM/HSE MEM PREV,4/7/2026,12/9/2025,6
8120119,2563577,"MENDEZ,MANUEL A GARCIA",Stevenson,8/21/2039,AGG ASLT DATE/FAM/HSE W/WPN SBI,4/14/2025,8/21/2024,15
8120123,2446489,"MARTINEZ-CONTRERAS,ALFREDO",San Saba,7/1/2026,ASLT PEACE OFFICER/JUDGE,4/24/2023,12/21/2019,15
8120321,2577314,"GOMEZ,IRIS NICOLE",Plane,2/4/2027,POSS CS PG1 <1G,8/26/2025,1/6/2019,1.5
8120379,1722988,"TEBO,KRISTI",Murray,2/27/2058,MURDER,5/11/2011,2/5/2008,50
8121163,2218839,"LEE,ASONTE TEZEL",Segovia,12/4/2027,POSS CONT SUBS PG1 1-4G,8/21/2018,2/19/2017,8
8122373,2516970,"OLAGUE,JOHNATHAN DANIEL",LeBlanc,5/3/2035,AGG ASLT DW,8/1/2024,5/3/2023,12
8122629,2430572,"APT,JACOB GABRIEL",Michael,6/1/2026,SEXUAL ASSAULT CHILD,1/18/2023,1/1/2021,4
8125970,2452519,"SMILEY,BRITTNEY MICHELE",Hobby,6/2/2038,AGG ASSLT W/DWPN - REPEATER,6/9/2023,6/12/2021,15
8126243,1590304,"BELMONT,JOSE CARLOS",Memorial,1/1/5555,CAPITAL MURDER,7/27/2009,3/9/2008,LWOP
8126913,2155951,"BANDA,ANTHONY",Wainwright,2/28/2029,BURG HABIT-INT COMMIT FEL,9/5/2017,2/27/2017,12
8126975,2133987,"PEREZ,MICHAEL ANTHONY",Briscoe,5/21/2030,AGG ROBBERY,5/9/2017,4/16/2016,14
8127948,2470963,"ALVA,BRYAN MICHAEL",Stevenson,5/21/2043,AGG ROBBERY,10/2/2023,5/21/2023,20
8128530,2502474,"TEJEDA,ALEX M",Stiles,5/10/2027,POSS CHLD PORN,4/29/2024,12/7/2021,8
8128620,2613280,"CORTEZ,ANTHONY JASSIEL",Garza West,6/2/2040,SEXUAL ASLT CHILD,4/13/2026,6/1/2025,15
8129137,2600632,"ACOSTA,LESTER",Segovia,8/1/2026,POSS CS PG1/1-B 4-200G,1/16/2026,10/22/2025,2
8129421,2489069,"WOODFORK,TONY CORDELL",Ellis,9/18/2027,FELON POSS F/ARM,1/4/2024,9/18/2023,4
8129525,2548009,"JONES,AARON",Lopez,5/9/2034,ROBBERY,2/24/2025,5/3/2024,10
8131397,2519858,"BAKER,PHILLIP JOSHUA",Dominguez,9/1/2026,MAN DEL CS PG1 4-200G,8/19/2024,2/2/2022,7
8134214,2601887,"GOMEZ,MARK ANTHONY",Dominguez,5/3/2028,DWI 3RD MO,1/28/2026,5/2/2024,5
8136929,2487503,"LOPEZ,NANCY",Hobby,10/10/2035,INTOX MANSLAUGHTER,2/14/2024,10/7/2022,12
8137044,2595167,"SERRATA,BALDOMERO III",Segovia,11/1/2026,ASLT FAM/HOU MEM IMP BRTH/CIRC,12/12/2025,3/23/2025,2
8137145,2564626,"GAMEZ,JUSTIN STEPHEN",Lopez,3/24/2039,AGG ROBBERY,6/5/2025,12/5/2023,15
8137613,2186869,"WILLIAMS,CHARLESTON",McConnell,5/11/2057,INJURY CHILD SBI OMISSION,3/9/2018,12/27/2012,40
8138679,2545149,"DELEON,DAVID CHRISTOPHER",Ney,3/1/2027,INTOX ASLT W/VEH SBI,2/7/2025,4/1/2022,7
8139407,2589546,"HERNANDEZ,AUSTIN MANUEL",Segovia,2/29/2028,CONT VIOL AGAINST FAM,10/29/2025,1/31/2024,3
8139636,1863773,"BARTON,ZECHARIAH MICHAEL",W. Scott,1/22/2033,MURDER,5/30/2013,11/27/2011,21
8140021,2604782,"SILVAS,ASHLEY ELIZABETH",Plane,9/12/2026,THEFT PROP <$2500 2/M PREV CONV,2/25/2026,8/11/2025,0.7
8140379,2298815,"CASTILLO,JOSHUA ANTHONY",Kyle,7/8/2026,AGG ROBBERY,12/10/2019,4/16/2019,9
8140629,2601339,"CASTILLO,ANDREA ALYSSA",Coleman,11/5/2026,POSS CS PG1 4-200G,1/29/2026,3/28/2023,3
8140917,1763273,"CHAVARRIA,JANET",Hobby,1/9/2034,MURDER,1/6/2012,4/2/2008,23
8141019,2522291,"GARZA,JAIME",Briscoe,3/19/2029,INTOX ASLT,9/9/2024,1/25/2024,5
8142643,2611313,"SUAREZ,JULINA ANNE",Plane,3/3/2027,CC/DC ABUSE,11/14/2024,8/14/2023,2
8143533,2519871,"MARTINEZ,CHRISTOPHER",Willacy County,1/1/2027,EVADING ARR/DET W/VEH,8/21/2024,3/8/2024,6
8143758,2545972,"YBARRA,ROBERTO JR",Garza West,1/1/2027,UNL CARRY WPN W/FELONY CONV,2/19/2025,12/20/2023,4
8144703,2550440,"DAVILA,MARK ANDREW",Clemens,1/15/2027,POSS CS PG1/1-B 1-4G,3/12/2025,12/1/2024,5
8146593,2413331,"YANEZ,MATTHEW HERNANDEZ",Wynne,10/12/2081,AGG ASLT DWPN,9/14/2022,8/31/2021,60
8148269,2606168,"MORILLOS,JOHNNY III",Dominguez,7/14/2028,MAN/DEL CS PG1 4-200G,2/25/2026,10/7/2025,6
8148283,2510871,"AGUILAR,PAUL LUCIAN ADAM",Briscoe,12/1/2026,FELON POSS FIREARM,6/4/2024,10/9/2023,5
8148761,2257392,"ALMENDAREZ,JUAN RAUL",Polunsky,1/1/9999,MURDER,4/8/2019,8/5/2016,Life
8149337,2520444,"MUNOZ,MARCUS ELLIOTT",Glossbrenner,9/15/2026,POSS CS PG1/1-B 200-400G,8/22/2024,10/23/2023,10
8149507,2473744,"CALVILLO,VICTOR DAVID",Wainwright,1/1/2027,ROBBERY,10/19/2023,2/5/2023,4
8150772,2607998,"FLORES,XAVIER ROMAN",Segovia,8/22/2027,UNL CARRY WPN W/FELONY CONV,3/5/2026,10/17/2025,4
8150813,2528376,"ROSS,DEANDRE MARQUIS",Ney,6/5/2035,AGG ASLT W/DWPN,10/15/2024,6/5/2023,12
8151180,2605020,"GARRY,CHRISTOPHER MICHAEL JR",Gist,4/1/2027,CRIM MISCHIEF TRANS COMM EQUIP,2/13/2026,10/6/2025,2
8151326,2580636,"ATKINS,TRAVIS EDWARD",Dominguez,7/1/2026,UUV,9/18/2025,7/16/2025,1
8152416,2598150,"BECERRA,TIFFANI",Plane,5/25/2028,ARSON INT DMG HAB/PLACE WORSHIP,6/7/2024,10/30/2023,4
8152601,2113519,"RODRIGUEZ,MOSES RAY",San Saba,4/10/2044,MURDER,1/26/2017,4/9/2014,30
8153385,2590110,"MARTINEZ,JESSE RAY",Dominguez,2/1/2027,UNL CARRY WPN W/FEL CONV,10/29/2025,5/24/2023,7
8153830,2589561,"VEGA,HECTOR GAUNA",Cotulla,2/3/2033,INDECENCY W/CHILD SEX CONT,10/28/2025,6/15/2024,8
8153840,1949295,"GARZA,DIMAS",Telford,4/20/2042,AGG ROBBERY,8/19/2014,4/19/2012,30
8155082,2345665,"HANNAH,PIERSON DENEER",Ferguson,3/25/2033,AGG ROBBERY,4/28/2021,9/11/2019,12
8156098,2560758,"ALLEN,DOMINIQUE CHRISTIAN",Dominguez,7/12/2030,ASLT FAM/HSEHLD MEM PREV CONV,5/12/2025,7/10/2024,6
8156928,2558531,"CLARK,RUBEN CORDELL",Garza East,2/27/2027,ASLT FAM CHOKING/STRANG,4/21/2025,8/23/2021,4
8157842,2564625,"CLARK,THOMAS RICHARD",Dominguez,9/17/2027,UNL CARRY WPN W/FELONY CONV,6/5/2025,4/4/2024,6
8158442,2340915,"SAN-GABRIEL,ADAN",Skyview,1/31/2028,AGG ROBBERY,3/3/2021,9/26/2019,8
8158485,2406439,"CROW,JAMES MAXWELL",Stevenson,7/10/2028,INDEC W/CHILD CONTACT,8/4/2022,1/10/2021,6
8158622,2595894,"DEAN,TIMOTHY JOSEPH",Dominguez,6/1/2026,EVADING ARR/DET W/VEH,3/31/2025,12/23/2018,3
8158658,2603020,"RUVALCABA,JAVIER",Glossbrenner,9/18/2026,POSS WID CONT SUB 4-200G,1/10/2014,10/11/2010,18
8160680,2595691,"KEARNEY,KAMRON DAKOTA",Cotulla,11/2/2070,INJ CHILD/ELD/DIS W/INT SBI MET,12/8/2025,10/25/2023,47
8162249,2486063,"HERNANDEZ,ALFRED LUJAN",Stevenson,9/20/2033,ROBBERY,1/9/2024,9/21/2023,10
8162368,2287190,"WOODARD,RAESHAWN DELEON",Bell,3/15/2038,MURDER,10/1/2019,3/6/2018,20
8163442,2610524,"HOTTELL,CHRISTOPHER MICHAEL",Garza West,3/21/2036,AGG ASLT CAUSE SBI,3/25/2026,7/12/2023,10
8164142,2520431,"GOMEZ,ALEJANDRO JR",Stringfellow,10/26/2028,AGG ASLT W/DDLY WPN,8/23/2024,10/27/2023,5
8165200,2389474,"GARZA,ADRIAN LEE",Segovia,12/6/2027,INDEC W/CHILD CONTACT,3/22/2022,5/1/2019,6
8165301,2601351,"GLORIA,LESLIE NICOLE",Henley,12/10/2026,AGG ASSAULT W/DEADLY WEAPON,,6/17/2024,5
8166028,2594732,"JACKSON,ANDREW HARLEY",Willacy County,1/1/2027,FRAUD USE ID INFO ITEMS 5-10,12/8/2025,2/22/2025,3
8166157,2561687,"WILSON-ASHCRAFT,JESSICA JEWEL",Plane,6/4/2027,AGG ASLT W/DW,6/4/2025,4/11/2020,4
8166744,2507386,"VALENT,CORIEN ANN",Marlin,6/18/2026,ROBBERY,6/17/2024,2/2/2024,3
8167726,1935590,"FRANKLIN,ALEXANDER",Connally,11/7/2031,SEXUAL ASLT/CHILD,2/13/2014,10/6/2013,13
8167730,2352799,"DAVILA,LAZARUS",Memorial,10/26/2027,AGG ROBBERY,6/16/2021,6/6/2019,7
8167809,2353663,"VAUGHN,KEITH JOSEPH",Robertson,6/1/2026,AGG ASLT W/DDLY WPN,6/1/2021,6/22/2020,6
8167892,2132694,"BARRAZA,ROSALIO ANTHONY",Ramsey,10/21/2056,MURDER,5/2/2017,7/20/2013,40
8168334,2556414,"GONZALES,RAUL",Lopez,8/19/2026,UNL CARRY WPN FEL CONV,4/10/2025,3/23/2024,5
8168523,1900771,"MARTIN,MELVIN",Ney,10/13/2063,AGG SEX ASLT/CHILD,11/19/2013,3/1/2001,50
8168624,2449601,"NAVARRO,JULIAN",Stevenson,5/6/2033,SEX ASSLT,5/11/2023,4/26/2020,10
8168756,1641595,"ROWE,MICHAEL",Clements,5/15/2069,BURG HABIT INT COMM FEL,4/15/2010,5/15/2009,60
8168931,2252516,"FRANKLIN,JOSHUA MICHAEL",East Texas Treatment Facility,8/12/2026,INTOX MANSLAUGHTER,3/8/2019,2/17/2018,10
8170543,1817959,"HUNT,DERRICK WAYNE",Allred,1/1/5555,CAP MURDER,10/19/2012,10/10/2011,LWOP
8172550,2290766,"HERNANDEZ-MELLO,NATHANIEL C",Garza East,12/1/2026,POSS CONT SUB PG1 1-4G,10/22/2019,5/17/2018,8
8172901,2584954,"FLORES,FRANCISCO",Lopez,1/14/2028,ASLT FAM HSE MEM IMP BRTH CIRC,10/8/2025,7/23/2024,3
8173540,2445340,"DESANTIAGO,ISAAC",Memorial,6/1/2026,UNL CARRY WPN W/FEL CON,4/25/2023,4/14/2022,5
8173705,2375453,"RIVERA,MATTHEW",Robertson,6/1/2033,POSS WID CONT SUB PG1 200G-400G,12/14/2021,8/29/2018,12
8175768,2105841,"WILLIAMS,JOSHUA ERIC",McConnell,1/20/2056,MURDER,12/13/2016,12/22/2015,40
8176270,2451713,"SANCHEZ,ANGEL ARAGON",Connally,7/26/2051,AGG ASSLT AGNST PUBL SERVANT,5/25/2023,7/26/2021,30
8176581,2524903,"JEFFERSON,BRENARD ADRIAN",Young,8/1/2026,AGG ASLT W/DWPN,9/24/2024,10/27/2020,5
8176895,2471939,"BRAZIEL,CARL RICHARD",Garza West,12/1/2026,AGG ASLT W/DWPN,10/11/2023,1/27/2023,5
8177504,2611812,"LOPEZ,ROMAN JOSE DELUNA",Garza West,3/18/2045,AGG SEX ASLT CHILD,4/2/2026,3/25/2024,20
8177716,2593699,"GARZA,JERRY B",Dominguez,12/1/2026,POSS CS PG1 4-200G,3/30/2022,7/8/2021,3
8178908,2550890,"VASQUEZ,REFUGIO JOSE JR",Lopez,1/1/2035,EVADING ARREST DET W/VEH,3/13/2025,1/1/2025,10
8179735,2274462,"ZEPEDA,RENE ANTHONY",Garza East,4/24/2035,POSS W/I DEL CONT SUB PG1 O/400G,7/22/2019,8/9/2018,15
8180264,2541333,"VILLAREAL,ROBERT CANDLARIO",Dominguez,1/1/2027,ASLT FAM/HSEHLD MEM PREV,1/13/2025,6/21/2024,3
8180967,1625097,"GOMEZ,EMANUEL CAMACHO",Coffield,6/3/2053,MURDER,2/3/2010,6/2/2008,45
8181017,2557579,"CHAVEZ,NESTOR II",Hamilton,7/14/2026,ROBBERY,4/29/2025,4/14/2023,3
8181147,2576027,"ADAME,HENRY RODRIGUEZ",Chasefield Wilderness,7/12/2028,MAN/DEL CS PG 1 4-200G,8/15/2025,1/24/2025,8
8181222,2415311,"GONZALEZ,JOE ANTHONY",Estelle,4/13/2027,AGG ASLT DW,9/21/2022,4/13/2022,5
8181479,2495842,"RODRIGUEZ,ABNER",Hightower,6/1/2026,VIOL SEX OFF REG ANNUAL REPEATER,3/15/2024,8/14/2023,3
8181482,2575816,"PEREZ,RICHARD A",Willacy County,5/24/2027,BURG HABIT,8/7/2025,5/13/2022,5
8181573,2520430,"FAZ,GABRIEL JR",Boyd,3/4/2029,AGG ASLT SBI,8/26/2024,7/30/2019,8
8182583,1874245,"GARCIA,DIEGO",Garza East,9/21/2051,AGG ROBBERY REPEATER,8/2/2013,4/1/2011,40
8183305,2480363,"SIERRA,LUIS",Cotulla,12/29/2042,AGG ROBBERY,12/13/2023,12/29/2022,20
8183547,2175150,"FACIO,JOSE VALENTINE",McConnell,7/5/2042,AGG ROBBERY,1/3/2018,12/2/2016,25
8183695,2037074,"BARNES,DOMINICE",Stiles,10/8/2040,INJURY CHILD SBI INT/KNO,11/23/2015,1/25/2014,25
8184733,2459777,"RODRIGUEZ,SAUL JR",Connally,5/17/2027,ROBBERY,7/28/2023,5/17/2023,4
8185057,2480164,"KELLEY,DEVIN MICHAEL",Segovia,3/19/2027,POSS CS PG1 1G-4G,12/8/2022,10/4/2021,3
8185332,2582768,"DUQUE,JEREMY JOSEPH",McConnell,7/1/2026,POSS CS PG1 1-4G,9/22/2025,1/24/2022,2
8185986,2137874,"BROCK,JONKYLE",Estelle,9/22/2056,MURDER,5/26/2017,9/16/2016,40
8187257,1571620,"WALKER,ROMAN LEE",Vance,3/28/2028,AGG ASLT-SBI,4/16/2009,4/11/1998,20
8188835,2449577,"CORTES,ADRIAN NICOLAS",Cotulla,10/30/2027,AGG ROBBERY,5/8/2023,9/14/2021,5
8189044,2358991,"HARVILL,LOGAN WAYNE",Memorial,1/27/2060,INJ TO CHILD-SBI-INT/KNO,8/10/2021,1/27/2020,40
8189164,2131636,"HENDERSON-HOUSTON,JOHNATHAN",Hughes,12/8/2035,MURDER,5/2/2017,8/25/2015,15
8191267,2545942,"AGUILAR,EDGAR HERNANDEZ",Lopez,3/16/2031,AGG ASLT W/DDLY WPN,2/18/2025,3/16/2023,8
8192643,2424563,"GONZALEZ,JUAN ANTONIO",Robertson,8/21/2031,AGG ASLT DW,11/30/2022,6/15/2022,9
8193970,2279559,"ALLEN,ROBERT LEON",Wainwright,12/17/2052,MURDER,8/13/2019,11/20/2017,35
8194735,2040453,"CARREON,JOE FAUSTINO",Dominguez,9/2/2026,AGG ROBBERY,12/17/2015,8/29/2015,12
8196080,2237187,"GONZALES,ROMAN GABRIEL",Allred,5/26/2038,AGG ROBBERY,12/10/2018,5/26/2018,20
8196656,1710516,"DENSON,GLEN",Polunsky,1/1/5555,CAPITAL MURDER-MULTIPLE PERSONS,4/8/2011,6/23/2008,LWOP
8196916,2530611,"GARZA-BUTLER,JENNIFER CRUZIT",O'Daniel,2/26/2031,ASLT PUB SERV,9/5/2024,8/11/2024,7
8198227,2550872,"ESTEVES,JOHN LEE",Stevenson,6/21/2036,AGG SEX ASLT CHILD,3/19/2025,6/1/2024,12
8198333,2574874,"RAMIREZ,ROLAND",Dominguez,10/10/2027,ARSON,12/10/2024,8/6/2023,4
8198721,2546156,"DILWORTH,NATHAN ROBERT",Garza East,9/26/2036,MAN DEL CS PG1 4-200G,2/19/2025,3/16/2024,12
8199883,2564357,"VALDEZ,JOSE ANTONIO JR",Briscoe,11/26/2027,UNL POSS F/ARM,6/4/2025,9/11/2024,6
8201190,2487006,"GARCIA,AARON",Ramsey,2/15/2028,FELON POSS F/ARM,1/23/2024,1/6/2022,10
8202125,2269343,"VIESCA,DYLAN LINO",Polunsky,2/20/2029,AGG ROBBERY,6/17/2019,2/11/2019,10
8202307,2611355,"MERRILL,LATIA NASHAE",Plane,8/19/2032,AGG ASLT W/DWPN,3/23/2026,8/20/2025,7
8203747,2496463,"DIAZ,KEVIN ADRIAN",McConnell,1/1/2027,POSS CONT SUB 1-4G,3/19/2024,3/27/2023,7
8203899,2154512,"CHASE,JAMES",Jordan,6/28/2040,MURDER,8/24/2017,4/2/2016,23
8205723,2585467,"STUBBS,CODY BRYAN",Willacy County,7/3/2030,AGG ASLT DW,10/21/2025,5/23/2025,5
8208042,2453703,"FLORES,ROGER JR",Jester III,5/29/2030,AGG ASLT AGAINST PUB SERV,6/16/2023,5/29/2022,8
8209427,2478884,"CASILLAS,RAYMOND",C.T. Terrell,7/20/2058,SEX ABUSE/CHILD CONTINUOUS,11/17/2023,10/1/2018,35
8209875,2331997,"ANTOINE,REYNA",Clemens,7/19/2026,POSS CONT SUBS PG1 4-200G,12/3/2020,1/8/2020,6
8211941,1931396,"MARTINEZ,JOSE ELADIO",Ellis,5/15/2041,MURDER,5/20/2014,5/12/2011,30
8213275,1819356,"MORRISON,JAMES DAVIS",Hughes,1/1/5555,CAPITAL MURDER-MULTIPLE PERSON,10/22/2012,4/18/2009,LWOP
8213958,2593439,"PARKS,RYAN LLOYD",Lopez,4/7/2039,AGG ROBBERY,11/20/2025,4/2/2025,14
8214135,2548017,"OVALLE,LUIS",Briscoe,5/18/2032,AGG ASLT W/DWPN,2/26/2025,11/23/2020,10
8214602,2532674,"OZUNA,JOHN HENRY",Memorial,1/4/2048,POSS W/INT CS PG1 4-200G,8/5/2024,5/24/2022,38
8217691,2591873,"BROWN,DEMALCOLM R",Segovia,9/1/2026,POSS CS PG2 1-4G,11/20/2025,8/14/2020,2
8217878,1741020,"MORENO,ANTONIO DANIEL",Wynne,12/14/2050,MURDER,9/12/2011,12/14/2010,40
8218516,1630478,"HUERTA,RANDY-GILBERT S",Garza East,5/20/2049,MURDER,3/2/2010,5/20/2009,40
8219930,2614158,"HEATH,DERRICK LANDON",Garza West,4/13/2027,UNL POSS FIREARM BY FELON,4/14/2026,8/10/2025,3
8220200,2263112,"GARCIA-RAMIRES,ARMANDO RODRIGO",Coffield,3/6/2067,MURDER,5/7/2019,3/6/2017,50
8222127,1945396,"GUTIERREZ,OSCAR JESUS",Polunsky,7/14/2053,AGG ROBBERY,7/28/2014,4/5/2013,40
8223320,2457712,"ZAMORA,FELIPE",Beto,5/1/2027,EVADING ARREST DET VE,7/7/2023,11/14/2021,6
8223923,2581297,"MORIN,JAIME",McConnell,3/6/2027,BURG OF HABIT,9/10/2025,11/2/2024,2
8224751,2491323,"DELAROSA,MARTIN",McConnell,5/30/2058,CONTINUOUS SEX ABUSE-CHILD,2/14/2024,10/12/2020,35
8225680,2504639,"GARCIA,JORGE",Memorial,5/9/2027,POSS WID CS PG1 4-200G,5/10/2024,1/26/2021,5
8225906,2567154,"URRUTIA,ANDRES",Middleton,5/9/2028,POSS WID CONT SUB PG1 4-200G,10/3/2018,1/9/2016,12
8226129,2576043,"MORIN,CHRISTOPHER ARTEMIO",Lopez,8/2/2026,DEADLY CONDUCT DISCH FIREARM,8/18/2025,8/9/2024,4
8227943,2589138,"MORENO-GUZMAN,HUMBERTO ALFONSO",East Texas Treatment Facility,9/17/2026,UNAUTH USE OF VEHICLE,,6/7/2019,3
8228851,2357736,"HENDERSON,MICHAEL NIGEL",Hughes,4/26/2054,MURDER,7/29/2021,4/20/2018,33
8229757,2007961,"SOLIS,ISIDRO ESPINOSA",Huntsville,12/1/2026,FAIL STOP/RENDER AID/DEATH,6/17/2015,1/15/2014,20
8231146,2581316,"RODRIGUEZ,JAIRO",Briscoe,12/28/2028,FRAUD USE/POSS ID INFO 10-50,9/15/2025,4/8/2023,8
8231164,2253748,"ESTRADA,JOHNNY",Allred,7/19/2037,MURDER,3/18/2019,5/12/2017,20
8231796,2268377,"CASTILLO,RYAN",Beto,11/6/2034,BURG HABIT INTENT COMMIT FEL,6/3/2019,9/20/2018,12
8232631,2542095,"ROMO,ELIZABETH FLORES",Hobby,9/11/2030,ARSON HABIT/PLACE OF ASSEMBLY,2/4/2025,8/4/2022,6
8233871,2413527,"LUCIO,MANUEL",Huntsville,4/10/2029,AGG ASLT W/DWPN REPEATER,9/19/2022,3/23/2022,7
8234899,2495263,"SMITH,SEAN AARON",Willacy County,3/5/2030,FELON POSS FIREARM,3/7/2024,7/20/2020,15
8234947,1940965,"SANCHEZ,DIEGO",Coffield,10/1/2050,CONT SEX ABUSE-CHILD,6/9/2014,11/13/2007,38
8234980,2510877,"ARREOLA,SAMUEL",Connally,1/29/2027,ONLINE SOL MINOR U/14 YOA,6/26/2024,12/5/2023,3
8235358,2614164,"MALDONADO,JOE JR",Byrd,1/5/2028,ASLT PEACE OFFICER JUDGE,4/16/2026,10/31/2024,2
8235617,2180370,"RODRIGUEZ,RYAN",Bartlett,1/18/2028,CRIM NEG HOMICIDE,1/30/2018,6/28/2016,10
8237176,2102868,"TUBBS,CALVIN",Montford,1/5/2044,AGG ROBBERY,12/13/2016,11/27/2015,25
8237730,2134002,"YANEZ,LUIS DANIEL",Beto,11/30/2031,COMPEL PROST-CAUSE CHILD TO CO,5/8/2017,11/30/2016,15
8238052,2609331,"ORTEGA,ABRAAM",Segovia,3/5/2027,ASLT FAM/HOU MEM PREV CONV,3/16/2026,6/26/2024,2
8238124,2444972,"GAITAN,GABRIELLE ANN",Coleman,4/4/2034,INTOXICATION MANSLAUGHTER,4/13/2023,9/13/2021,12
8239895,1705122,"BORJON,KIMBERLY M",Marlin,12/23/2039,AGG ROBBERY,2/25/2011,5/8/2009,30
8240467,2470990,"LAMPLEY,QUINTON",Connally,11/23/2026,VIOL SEX OFF REG ANNUAL,1/18/2023,10/4/2021,4
8240954,2388399,"ALTAMIRANO,OSCAR JAMES",McConnell,6/15/2033,AGG KIDNAPPING,3/31/2022,6/15/2020,13
8241235,2496484,"PACE,PERRY ANTHONY",Willacy County,8/4/2029,AGG ROBBERY,3/20/2024,8/5/2023,6
8241367,2309135,"DIAZ,OMAR P",Stevenson,9/23/2033,AGG SEX ASLT CHILD,2/19/2020,4/10/2017,15
8241752,1784184,"CRAIG,LORENZO DERON",Estelle,4/24/2050,AGG ASLT PUB SERV,9/14/2010,4/24/2010,40
8242057,2603027,"HORNER,JOHN EDWARD",Lopez,1/1/2027,EVAD ARREST DET W/PREV CONV RPT,2/5/2026,5/28/2024,3
8242820,2056068,"SMITH,ANTHONY LEE",C.T. Terrell,1/1/9999,MURDER,3/14/2016,7/28/2013,Life
8243183,2537053,"TELLEZ,CARLOS WENCES",Wynne,6/4/2026,POSS CS PG1/1-B L/1G,12/9/2024,6/4/2024,2
8243435,1899431,"RENTZ,FELIX FRANCIS",Lewis,2/4/2038,AGG SEX ASLT-CHILD,12/5/2013,1/30/2013,25
8243446,2436071,"BRISENO,ROBERT",Roach,4/12/2032,INDECENCY W/CHILD CONTACT,2/16/2023,6/1/2020,10
8243926,2585404,"CASTANEDA,SALATIEL",Segovia,4/25/2027,AGG ASLT W/DWPN,10/16/2025,5/3/2024,2
8245525,2560760,"AVALOS,ROBERTO JR",Garza East,9/30/2027,POSS CS PG1/1-B 4-200G,5/15/2025,8/21/2023,6
8246090,2405360,"NELSON,MICHAEL A",McConnell,7/1/2046,AGG ROBBERY,7/26/2022,6/29/2021,25
8247350,2532661,"FERNANDEZ,XAVIER RAY",Ferguson,8/7/2026,EVADING ARREST DET,12/4/2024,8/7/2024,2
8248162,2559116,"MENDIOLA,MATTHEW",Stevenson,8/15/2030,EVADING ARREST DET W/VEH,5/6/2025,4/21/2025,6
8249279,2550468,"SMITH,ERIC MICHAEL",Ney,4/26/2040,POSS CHILD PORN 500 VISUAL DEPIC,3/17/2025,11/8/2023,40
8249659,2397218,"ZELAYA,JULIO CESAR",Stiles,3/6/2050,BURG HABIT INT COMM FEL-FOR,5/26/2022,3/6/2020,30
8249684,2090711,"MARBLE,EARNEST RAVEN",Smith,12/8/2040,AGG ROBBERY,9/19/2016,12/9/2015,25
8250554,2540208,"MULLER,CASEY CHRISTIAN",Garza East,5/23/2028,ASLT FAM/HSEHLD MEM PREV CONV,1/17/2025,4/17/2024,4
8250892,2272487,"MOORE,DONALD MARTIN",Allred,4/5/2043,MURDER,7/5/2019,3/14/2016,25
8252655,2517963,"ORTIZ,JOHN ANTHONY",McConnell,2/16/2032,POSS W/INT DEL CS PG1 4-200G,8/7/2024,2/16/2024,8
8253120,2058560,"KIRSCHBERG,JOSEPH MICHAEL",McConnell,6/26/2039,AGG ROBBERY,3/21/2016,6/25/2014,25
8253730,2561525,"RODRIGUEZ,JONATHAN JOEL",McConnell,2/10/2029,UNL POSS FIREARM FELON,5/15/2025,8/29/2024,4
8254064,2401697,"PEREIDA,JAMES",Garza West,7/16/2027,BURG HABIT FORCE,6/30/2022,5/2/2021,5
8254367,2577966,"AGUILAR,ADAM",Garza West,8/28/2026,ASLT ON SECURITY OFFICER REP,3/3/2025,6/16/2024,2
8254464,2588256,"GARCIA,RYAN BLASE",Cotulla,5/29/2033,AGG ASLT DW,10/29/2025,11/4/2024,8
8255185,2426702,"LEOS,JACOB ANTHONY",Connally,1/1/2027,THEFT 2500-30K VEHI,12/14/2022,9/18/2022,5
8255291,1689787,"COVARRUBIAS,ANTONIO",Luther,11/27/2040,AGG SEX ASLT CHILD,1/3/2011,3/20/2006,30
8255828,1576887,"GOMEZ,JOHN PAUL",Wynne,10/10/2028,AGG ASLT PUB SERV,5/29/2009,10/10/2008,20
8256883,1676824,"GODIN,ALAN DENNIS",Lychner,10/13/2033,MURDER,10/13/2010,10/13/2008,25
8257485,2248762,"MOLINA,JOSHUA",Ellis,8/4/2033,AGG ROBBERY,2/14/2019,3/25/2017,15
8258735,2507129,"KARA,DAVID EDWARD",Hamilton,7/24/2026,FELON POSS FIREARM,5/29/2024,1/6/2021,4
8261070,2310315,"DUNN,ADRIAN ANTOINE",Robertson,1/1/9999,MURDER,12/17/2018,7/16/2012,Life
8261258,2508747,"GARZA,JACOB MATTHEW CAMPOS",Chasefield Wilderness,3/1/2027,DWI 3D/M,6/4/2024,10/21/2023,6
8262344,2388431,"TREJO,RUEBEN",Goree,2/28/2036,AGG ASLT W/DW,3/30/2022,9/9/2020,15
8264963,2584961,"HAMOUD,LAWRENCE",Dalby,3/17/2030,BURG HABIT INT OTH FEL,10/8/2025,3/17/2025,5
8265492,2145370,"SLEDGE,DARIUS MAURICE",Robertson,6/6/2028,AGG ROBBERY,7/6/2017,3/31/2016,12
8265589,2590103,"GOFF,AARON CHRISTOPHER",Connally,1/5/2029,ROBBERY,11/12/2025,7/8/2024,4
8266112,2059967,"GAUNA,ROBERTO",Connally,1/9/2064,CONT SEX ABUSE-CHILD,3/31/2016,12/21/2013,50
8266292,2570200,"ZAVALA,GABRIEL II",Dominguez,8/21/2030,BURG OF HABIT,6/18/2025,5/28/2024,6
8267562,1627897,"HERNANDEZ,JESSE",Wainwright,2/11/2035,ATT CAPITAL MURDER-PO,2/22/2010,2/11/2009,23
8268313,2584972,"POWER,LEE COLLUM",Garza West,4/11/2028,ARSON,10/6/2025,11/13/2024,8
8268959,1772696,"VELASQUEZ,EDGAR",Beto,1/1/9999,AGG ROBBERY,3/8/2012,10/10/2008,Life
8269072,2393116,"GOOSBY-CHASE,KYREN RASHAUD",Goree,12/22/2044,MURDER RPT,4/6/2022,12/23/2019,25
8269578,2606781,"ARAGON,BRANDON",Garza West,11/17/2032,ASLT INT/RCK BRT/CIR FAM PREV,3/2/2026,11/18/2025,7
8271708,2499684,"PRESAS,ELIMELEC",Willacy County,7/15/2029,AGG ASLT W/DWPN,4/15/2024,7/16/2023,6
8272050,2563582,"WORLEY,MATTHEW CAMERON",Clemens,1/26/2029,PROH SUB/ITEM CORR/CIV COM FAC,5/30/2025,1/26/2025,4
8272125,2326459,"MASCH,VICTOR",Memorial,12/15/2031,ROBBERY,10/12/2020,7/28/2019,10
8272130,2450552,"GALAN,ABRAHAM LOZANO",C.T. Terrell,12/1/2026,FELON POSS FIREARM,5/16/2023,4/3/2022,6
8272422,2476085,"FRAZIER,ASHLEY DEWAUNS",Gurney,6/1/2026,PWID CS PG 2-A 4-400G,11/3/2023,6/3/2021,5
8272912,2474550,"DELAROSA,EDUARDO",Dalhart,8/29/2036,AGG ASLT W/DWPN,10/24/2023,8/15/2021,15
8274410,2147937,"PEREZ,MICHAEL GABRIEL",Connally,4/20/2042,MURDER,2/6/2020,8/13/2016,25
8275155,2586951,"RODRIGUEZ,ALFREDO",Dominguez,10/8/2026,POSS CS PG1 1-4G,10/13/2025,11/6/2022,4
8275239,2396585,"COMMON,JOSHUA CHARLES",Ferguson,2/1/2028,UNL POSS FIREARM FELON,11/17/2025,1/16/2025,3
8275557,2166079,"CRUZ,ZACHARY MONETTE",Ellis,1/31/2029,POSS WID 4-200G,10/31/2017,1/31/2017,10
8275800,1653431,"EVANS,RAY",Allred,11/25/2036,AGG KIDNAPPING,9/15/2010,11/16/2008,28
8276018,2330072,"CASAS,ERICK EDUARDO",Lynaugh,2/17/2028,INTOX MANSLAUGHTER,11/10/2020,2/17/2020,8
8276413,2594736,"MARTINEZ,LEE ANDREW",Jester III,12/21/2026,POSS CS PG 2 4-400G,12/2/2025,12/29/2020,6
8277538,1591897,"TORRES,RICARDO ESTRADA",Boyd,2/17/2039,AGG SEX ASLT CHILD,8/10/2009,3/9/2003,30
8279331,2452485,"CAVIT,LAVON NICOLE",Hobby,12/15/2028,AGG ASLT W/DWPN,6/6/2023,12/16/2022,6
8279813,2480341,"DIAZ,ROLAND",Telford,7/17/2043,AGG ROBBERY,12/5/2023,10/21/2022,20
8280945,2481447,"SANCHEZ,JOSE FRANCISCO",Garza East,7/26/2028,AGG ASLT AGAINST PUB SERV,12/8/2023,7/27/2023,5
8284713,2493669,"RODRIGUEZ,BERNARDINO",Clemens,7/14/2026,ASLT FAM CHOKING/STRANGU,3/5/2024,12/20/2020,4
8285039,2609574,"JIMENEZ,STEVEN ANTHONY",Garza West,3/16/2030,ASLT FAM/HSEHOLD MEM PREV CONV,3/17/2026,1/10/2025,4
8286065,2501423,"MARTINEZ,MARK JOHNATHAN",Estelle,9/20/2026,ATT ROBBERY,3/22/2024,9/21/2023,3
8286096,2497077,"WILLIAMS,KENDRICK PERENELL",Beto,6/12/2026,BURG HABIT,10/2/2019,11/21/2018,8
8286254,2447734,"COSTELLO,PETE JR",Dominguez,3/4/2029,POSS CS PG1/1-B 400G,5/2/2023,1/22/2023,15
8286443,2596284,"MARTINEZ,SHERYL MARIE",Plane,9/30/2032,ROBBERY,12/18/2025,9/28/2025,7
8286478,2577982,"THORPE,ANTHONY MARK",Jester III,4/26/2030,ASSAULT PEACE OFFICER/JUDGE,8/25/2025,4/26/2025,5
8287305,2529363,"BOUDE,BRANDON LEE",Connally,4/7/2028,FORGE GOVT INST,10/14/2024,4/23/2024,7
8288209,2541201,"MARTINEZ,HECTOR",Ellis,6/25/2027,DWI,1/23/2025,4/20/2024,6
8288827,2337673,"KORSLUND,EDWARD VINCENT",Connally,1/1/2035,INTOX MANSLAUGHTER,1/14/2021,2/2/2019,15
8289617,2548529,"GARCIA,ENRIQUE IV",Garza West,9/24/2029,INDEC W/CHILD EXPOSE,3/3/2025,6/1/2024,5
8290555,2456642,"PAIGE,MICHAEL KENDELL",Garza East,6/23/2031,INDECENCY W/CHILD CONTACT,6/30/2023,8/1/2018,8
8290703,1615120,"DELEON,ALFONSO",Ellis,12/17/2038,AGG SEX ASLT CHILD,12/7/2009,11/10/2008,30
8291781,2584962,"JOHNSON,TRAVON MAURICE FARROW",Cotulla,2/24/2027,OBSTRUCTION OR RETALIATION,10/3/2025,2/24/2025,2
8293176,2437793,"RUTAN,CHRISTOPHER GILES",Connally,9/2/2028,ARSON HABIT/PLACE OF AS,3/1/2023,8/29/2021,7
8295471,2531981,"PEREZ,JOSHUA DANIEL",McConnell,9/19/2027,AGG ASLT DW,11/14/2024,3/17/2021,5
8295943,2518746,"ANDERSON,AVERY",Garza West,2/14/2034,ROBBERY,8/8/2024,2/15/2024,10
8296286,1661836,"MARTINEZ,JORGE LUIS",Roach,7/17/2030,AGG SEX ASLT-CHILD,7/19/2010,1/31/2001,20
8297147,2592840,"SALAZAR,ERIKA ELVIRA",Plane,8/31/2027,POSS CS PG1/1-B 4-200G,12/1/2025,12/17/2023,2
8298108,2589363,"ANDRADE,JACOB ANDREW",Huntsville,5/4/2029,ROBBERY,10/28/2025,5/4/2025,4
8298252,2555046,"BARRERA,MICHAEL STEPHENS",Garza West,12/26/2026,ASLT PEACE OFFICER/JUDGE,3/25/2025,4/28/2021,3
8300412,2132276,"AMEZQUITA,RICHARD LUIS",Clemens,5/16/2077,MURDER,5/24/2017,11/7/2015,60
8300579,2375133,"PEOPLES,MELISSA NICOLE",Coleman Work Facility,1/6/2028,INTOXICATION MANSLAUGHTER,12/14/2021,2/4/2019,15
8300882,2466900,"RODRIGUEZ,ALEXIS",Plane,8/7/2026,VIOL BOND/PROT ORDER ASLT/S,9/25/2023,9/15/2021,3
8301036,2613029,"MARTINEZ,SAXON SAGE",Garza West,6/5/2029,EVAD ARREST VEH,4/7/2026,3/13/2026,7
8301374,2596288,"PEREZ,ANGELA",Plane,7/6/2026,POCS PG1/1-B<1G,12/16/2025,1/10/2024,0.8
8301658,2604005,"BEASLEY,ROMAN EVERETT",Dominguez,11/13/2029,ROBBERY,2/6/2026,6/2/2021,6
8301906,2594065,"JUELG,KRISTA JOLENE",Marlin,10/5/2026,POSS CS PG1 200-400G,9/23/2025,8/31/2021,8
8302101,2265787,"SMITH,DURIEL R",Lewis,7/9/2029,AGG SEX ASLT,5/24/2019,12/20/2015,8
8302857,2392210,"PEREZ,JORGE ALONZO",Byrd,11/14/2026,POSS WID CONT SUB PG1 O/400G,4/20/2022,6/22/2021,15
8303949,2388417,"IBARRA,JUSTIN",Lopez,11/1/2026,AGG ROBBERY,3/25/2022,12/25/2020,6
8305606,2595677,"BOOKER,MARCUS ANTWAIN",Segovia,7/1/2026,POSS CS PG1/1-B 1-4G,12/16/2025,7/20/2025,2
8305835,2485271,"MCNEELY,SPENCER DEAN",Connally,9/6/2028,BURGLARY HABITATION-FORCE,1/24/2024,8/27/2022,5
8306058,2613024,"HERNANDEZ,IRVIN ERIC",Garza West,2/15/2029,AGG ASSAULT W/DEADLY WEAPON,4/8/2026,2/7/2023,4
8306068,2602841,"WALKER,MAURICE LAMONT",Dominguez,12/1/2026,ASLT FAM/HSE MEM PREV CONV,2/3/2026,1/31/2025,2
8306379,2549201,"MENDIOLA,GERARO JR",Stevenson,5/6/2043,AGG ASLT AGNST PUB SERV,2/27/2025,5/5/2023,20
8307554,2478921,"VALDEZ,GABRIEL",McConnell,2/1/2027,BURG HABIT FORCE,11/17/2023,8/8/2022,6
8308989,2600449,"CALDERA,ANDREW ADAM",Dominguez,10/30/2026,THEFT MAT ALUM/BRNZ/COP/<$20K,1/13/2026,9/1/2025,1.2
8309644,2540494,"GONZALEZ,JOSE GUADALUPE",Torres,6/27/2033,INJ ELD PERSON INT BI,1/13/2025,3/25/2024,10
8309699,2573519,"GOMEZ,JACOB H JR",Luther,1/26/2027,IND W/A CHILD EXPOSES,7/29/2025,5/8/2023,3
8309879,2463777,"CARRIZALES,JOSE",Jordan,2/4/2033,AGG ROBBERY,8/14/2023,11/10/2022,10
8310321,2581270,"CHAVEZ,LUIS F JR",Segovia,8/1/2026,COLLISION INV INJ,9/12/2025,1/5/2024,2
8310460,2550874,"GONZALEZ,JUAN ORTIZ",Clemens,12/11/2038,UNL CARRY WEAPON W/FELONY CONV,3/17/2025,12/12/2023,15
8310517,2581262,"ALFARO,RAFAEL",Garza East,10/15/2027,POSS CS PG1/1-B 1-4G,9/10/2025,3/24/2025,6
8310552,2106147,"ELIZONDO,JESSE J",Luther,6/2/2031,AGG ASLT W/DW,12/13/2016,1/5/2015,15
8310938,2194549,"STOKES,JOVANTE JOSEPH",Michael,9/14/2051,AGG ROBBERY,4/11/2018,9/14/2016,35
8310971,2122423,"MOSLEY,TYLER GLENN",Lewis,1/21/2047,INTOXICATION MANSLAUGHTER,3/9/2017,7/5/2015,20
8311024,2172452,"FARIAS,JIMMY ALEXIS",Stevenson,12/12/2032,AGG SEX ASLT-CHILD,12/14/2017,7/25/2015,15
8311415,2594733,"LIMON,JOHNNY ARMANDO JR",Segovia,10/1/2026,POSS CS PG1/1-B 4-200G,12/2/2025,9/24/2025,5
8312100,2569184,"ZIMMERLE,JOSHUA LEE",McConnell,7/1/2029,POSS CS PG 1/1B 4-200G,7/8/2025,8/7/2024,6
8312165,2506028,"DEJESUS,JUAN CARLOS",Willacy County,9/1/2026,BURG HAB INT COMM ASLT,5/20/2024,8/8/2023,5
8315177,2410728,"GARCIA,RENE GUILLERMO",Clements,1/1/9999,AGG ROBBERY REPEAT,8/29/2022,1/17/2020,Life
8315184,2501426,"OLIVO,ROGELIO ANTONIO",Lopez,11/1/2026,EVADING ARREST/DET W/VEH (REP),4/16/2024,7/25/2023,8
8315291,1995705,"REYES,DANIEL",Coffield,10/5/2043,MURDER,4/21/2015,1/13/2012,30
8315569,2423342,"JUAREZ,MARISA",Murray,6/10/2029,AGGRAVATED ROBBERY,11/17/2022,3/8/2018,8
8315625,1946555,"CHARLES,DAVID",McConnell,6/22/2034,INDECENCY W/CHILD-CONTACT,7/31/2014,2/2/2009,20
8316115,2321329,"MONTEZ,MARK ANTHONY",Hightower,1/19/2027,SEX ASLT CHILD,6/25/2020,4/5/2019,8
8317812,2584951,"ESPINOZA,KENNETH FORREST",Dominguez,7/16/2026,POSS CS PG1 4-200G,10/3/2025,8/9/2020,3
8318248,2035377,"DELUNA,LIZETTE",Halbert,10/6/2026,TRAFF CHILD INT/FORCED LABO,10/26/2015,6/11/2014,15
8319178,1667507,"ARCOS,LETICIA",O'Daniel,8/4/2050,MURDER,8/20/2010,2/10/2009,40
8320905,1986518,"RIVERA,JESUS",McConnell,9/16/2080,MURDER,2/24/2015,11/22/2012,66
8321127,2512878,"MOORE,MALIK",Lewis,3/21/2028,BURG HABIT,6/6/2024,5/29/2023,4
8321564,1889195,"GARZA,STEVEN",Stringfellow,11/22/2027,AGG ROBBERY,10/8/2013,10/13/2012,12
8321607,2502708,"SILVA,BRANDON LEE",Young,6/1/2026,POSS CS PG1 200-400G,5/1/2024,10/18/2023,10
8321638,2222964,"MARTINEZ,LORIBETH KRYSTIAN",Murray,3/9/2070,MURDER,5/11/2023,6/8/2015,50
8323537,1660501,"TAYLOR,ADRIAN",Bartlett,5/12/2040,AGG SEXUAL ASLT-CHILD,7/30/2010,6/1/2006,30
8324752,2260848,"ARELLANO,RUBEN",Stevenson,7/24/2033,AGG ROBBERY,4/30/2019,5/12/2017,16
8324787,2466135,"GUERRA,JOHN ERIC",Gist,6/17/2026,ROBBERY,9/12/2023,4/13/2023,3
8326143,2560791,"TALAMANTEZ,HENRY",Hightower,9/29/2026,AGG ASLT W/DDLY WPN,5/12/2025,8/10/2020,3
8329058,2600659,"RAMIREZ,JUAN III",Willacy County,2/22/2027,UNL POSS FIREARM BY FELON,1/20/2026,10/3/2025,3
8329485,2348206,"DAVIS,JESSE E",Torres,10/23/2027,POSS CONT SUBS PG1 4-200G,4/30/2021,10/23/2020,7
8329542,2568149,"RIOS,ROBERTO JAMES",Dominguez,9/1/2026,MAN/DEL CS PG1 4-200G,6/13/2025,12/2/2024,4
8329606,2535042,"NEIRA,JACOB MIGUEL",Garza West,4/5/2030,AGG ASLT DW,11/20/2024,2/25/2024,6
8330249,2276316,"GUZMAN,CHRISTOPHER",Stiles,1/1/2027,INJURY TO CHILD BI INTENT/KNOW,7/30/2019,8/12/2018,10
8330944,2561504,"CONTRERAS,THOMAS",Garza West,2/1/2029,ASLT PEACE OFFICER/JUDGE,5/19/2025,2/1/2024,4
8331683,2608000,"GOLDBACH,PATRICK",Willacy County,2/2/2027,ASLT FAM/HOU MEM PREV CONV,8/6/2025,12/26/2024,2
8331688,2498427,"HUNT,JUSTIN RASHAAD",Clements,1/24/2057,MURDER HABITUAL,4/3/2024,11/11/2022,34
8332026,2580232,"ROSAS,RICHARD",Dominguez,6/24/2027,DWI,9/2/2025,8/10/2024,5
8332346,2612775,"GONZALEZ,DAVID IVAN",Byrd,2/26/2027,MAN DEL CS PG 1 >=4G<200G,,5/31/2025,7
8332719,2531726,"SALAS,MARK",Stevenson,12/5/2031,SEX ASLT CHILD,11/4/2024,10/16/2023,8
8333090,2085479,"GUIDRY,JIREH",Dominguez,9/19/2027,ROBBERY,8/23/2016,5/2/2015,10
8333742,2423361,"LANGE,TERRY T",Boyd,8/10/2028,ASLT FAM CHOKING/STRANG,8/12/2022,2/22/2022,6
8334234,2601700,"HERNANDEZ,LARRY JOE",Willacy County,5/20/2029,UNL POSS FIREARM BY FELON,1/23/2026,5/20/2025,4
8334672,2500490,"CRUZ,ROLAND",Garza West,11/16/2029,AGG ASLT DW,7/6/2023,6/12/2020,6
8335995,1883576,"HARRIS,ANTHONY LAMONTE",McConnell,12/25/2048,AGG ROBBERY,9/17/2013,10/30/2012,30
8336044,2487206,"TORRES,DAVID",Segovia,7/27/2027,FELON POSS FIREARM,1/26/2024,12/16/2019,3
8337603,2594745,"ROSALES,WILLIAM ANTONIO",Connally,6/10/2043,AGG ROBBERY,12/8/2025,6/10/2025,18
8338773,1822330,"BROWN,TRACY DEVON",Murray,7/27/2050,MURDER,11/16/2012,3/8/2009,40
8339951,2609575,"JUAREZ,ROLAND RYAN",Garza West,9/24/2029,AGG ASLT W/DWPN,3/16/2026,9/24/2025,4
8341700,1893492,"RODRIGUEZ,DAVID ANTHONY",C.T. Terrell,4/10/2030,AGG ROBBERY-RPT,10/28/2013,4/11/2013,15
8341724,2613283,"MALDONADO-JACO,EDUARDO ANTONIO",Garza West,11/15/2038,SEX ASLT CHILD,4/13/2026,8/16/2025,13
8343038,2496458,"CAMPOS,MICHAEL A",Willacy County,11/19/2036,ROBBERY,3/25/2024,11/8/2023,13
8343425,2394477,"LARSEN,CHRISTOPHER TRAVIS",Wainwright,7/18/2031,ENGAGE ORG CRIM,5/16/2022,11/10/2020,10
8343550,1676838,"PALMER,JULIAN A",Hughes,7/1/2038,AGG ROBBERY,10/22/2010,7/1/2009,23
8343717,2580227,"ORELLANES,DANNY ALFONSO",Polunsky,11/14/2027,INTOX ASLT W/VEH SBI,9/2/2025,4/12/2021,5
8343760,2611800,"DOMINGUEZ,CARLOS ORTEGA JR",Garza West,10/29/2033,AGG ASLT DW,3/26/2026,10/29/2025,8
8344684,2578438,"COLOMBRITO,ANTOINETTE MARIE",Plane,6/1/2026,UNAUTH USE OF VEH,9/12/2025,4/30/2025,3
8344902,2604020,"MEDINA,GILBERT JOSE JR",Garza East,7/29/2028,ROBBERY,2/12/2026,7/29/2025,3
8346074,2557583,"FUENTES,MIGUEL ANGEL",Stringfellow,11/25/2058,AGG SEXUAL ASSLT CHILD,4/28/2025,8/5/2015,35
8347179,2244452,"ARRIOLA,CODY RAY",Allred,2/17/2049,MURDER,9/9/2019,1/5/2017,30
8347394,2492415,"DAVIS,JULIO ANGEL",Torres,10/23/2033,ASLT FAMILY CHOKING/STRANG,2/20/2024,6/20/2021,12
8348160,1729946,"MIEARS,JASON CHRISTOPHER",Robertson,3/26/2059,AGG ROBBERY,7/15/2011,3/22/2009,50
8348794,2606804,"OROSCO,RUBEN JR",Glossbrenner,10/9/2026,DRIVING WHILE INTOXICATED 3RD OR,,2/25/2024,5
8350375,2285926,"REEL,ERIC NATHANIEL",Ramsey,7/27/2048,ARSON-REPEATER,9/23/2019,7/6/2018,30
8350497,2587778,"REY,SEANIDA",Plane,6/30/2028,INJ CHILD W/INT BI,11/3/2025,8/15/2016,6
8350771,2593428,"HIGA,ALEXANDRO SANCHEZ",Segovia,2/11/2027,DWI 3RD MO,12/2/2025,8/16/2020,3
8351254,2526674,"MORENO,CHRISTIAN ALEXANDER",Connally,12/15/2031,ATTACK BY DOG RESULTING DEATH,9/20/2024,2/24/2023,18
8351705,2414480,"MUNOZ,PABLO ORTIZ",Pack,9/11/2034,AGG ROBBERY,9/21/2022,11/6/2020,12
8352482,2142979,"FONTENOT,MATHEW N",Torres,5/11/2034,MURDER,6/23/2017,2/21/2016,18
8352526,2228218,"MEDINA,JAIME ALBERTO",Allred,8/3/2028,EVADING ARREST/DETN W/VE,10/22/2018,7/24/2018,10
8353852,2045623,"CLINES,CAMEO MARCUS",Clemens,1/1/9999,MURDER,1/13/2016,6/26/2014,Life
8354252,2389573,"HERNANDEZ,MARC ANTHONY",Garza West,3/30/2036,AGG ASLT SBI,6/18/2024,10/2/2021,14
8354277,2549189,"BUSTOS,JASON GIOVANNI",Lychner,3/12/2028,AGG ASLT W/DW,3/3/2025,3/9/2024,4
8355398,2605015,"CRUZ,ROBERT DEAN",Briscoe,3/14/2027,SEXUAL ASLT CHILD,2/5/2026,2/20/2011,2
8355503,2255144,"ANDERSON,CHASE EUGENE",Ferguson,12/19/2052,AGG ROBBERY,3/12/2019,9/9/2017,35
8356462,2279565,"CAMACHO,RUDY RENE",Clements,7/25/2077,MURDER,8/15/2019,3/19/2017,60
8356986,2592051,"VILLEGAS,ULISES JESUS",Travis County,10/31/2028,DWI 3RD OR MORE,11/18/2025,12/3/2024,7
8357356,1883574,"GONZALES,ZECHARIAH",Michael,9/26/2026,SEXUAL ASLT-CHILD,8/26/2013,4/9/2009,15
8357569,2425608,"RODRIGUEZ,ARTURO LEAL",Stiles,6/21/2026,TERRORISTC THRT-IMP POW-GAS,12/8/2022,6/21/2022,4
8358062,2560761,"AVILA,ERNEST III",Garza West,12/13/2027,VIOL BOND PROT ORD 2+ IN 12M,5/14/2025,11/26/2023,4
8358678,2550863,"ALVAREZ,DAVID",Willacy County,8/23/2027,AGG ASLT W/DWPN,3/17/2025,8/19/2023,3
8359157,2547044,"RAMOS,FRANK JR",Willacy County,1/3/2028,EVADING ARREST DET W/VEH,2/19/2025,8/28/2024,8
8359659,2608004,"LOPEZ,ELI VINCENT",Dominguez,12/31/2027,POSS CS PG1/1-B 1-4G,3/5/2026,11/21/2025,2
8359920,2602811,"CANTU,JOHN RAYMOND",Ney,8/8/2033,ROBBERY,2/4/2026,10/7/2024,8
8360127,2583807,"PIMPTON,TIMMY MASHAWN",Stringfellow,8/13/2026,POSS CS PG 1 <1G,,5/2/2021,4
8360906,2197084,"GRESHAM,BRYAN LAMAR",Garza East,7/4/2031,AGG ASLT W/DEADLY WPN,5/4/2018,8/30/2015,14
8361003,2394024,"PERKINS,DREVON ALEXANDER",Stevenson,3/4/2029,AGG SEXUAL ASSAULT-CHILD,5/6/2022,1/15/2019,10
8361276,2394530,"ANGEL,SABRINA",Marlin,4/13/2032,AGG ASLT W/DW,5/3/2022,11/2/2021,10
8362060,2473757,"RIVERA,JESSE",Lopez,12/1/2026,ASLT FAM CHOKING,10/19/2023,9/11/2021,6
8362195,2373632,"CHRISTOPH,JASON",Segovia,6/30/2027,ASLT FAM 2ND,11/22/2021,8/16/2020,5
8362368,2613949,"GARCIA,TONY JR",Dominguez,9/29/2026,POSS CS PG1/1-B<1G,3/31/2026,1/5/2025,0.7
8363205,2387511,"MARQUEZ,JAUN JAVIER",Stevenson,5/15/2041,AGG SEX ASLT,3/25/2022,5/15/2021,20
8364176,1976969,"BELTRAN,ROLAND",Coffield,1/25/2039,AGG ROBBERY,1/16/2015,1/24/2014,25
8364935,2460985,"BURCIAGA,MICHAEL ANTHONY",Ferguson,12/26/2026,POSS W/I DEL CS PG2 400G,8/4/2023,4/21/2022,12
8365168,1673308,"GARZA,SERGIO",Coffield,4/27/2049,MURDER,10/7/2010,11/9/2007,40
8365551,2588247,"CAMPOS,ALCADIO A IV",Torres,4/12/2028,UNL POSS FIREARM FELON,10/20/2025,7/4/2025,6
8365594,1957579,"MIDDLETON,RONJEE",Willacy County,3/2/2040,AGG ASLT W/DWPN,9/19/2014,10/27/2012,27
8366122,2483929,"CAMPBELL,PATRICK ELIAS",Memorial,7/17/2029,AGG ASLT W/DWPN,1/2/2024,7/18/2023,6
8366558,2565953,"HUNT,DEANDRE EUGENE",Torres,1/12/2027,MANSLAUGHTER,6/16/2025,1/2/2022,10
8366971,1626248,"MARTINEZ,JOSE ANTONIO",Wynne,1/1/9999,MURDER,2/18/2010,8/16/2009,Life
8369704,2449603,"PONCE,RONALD R",Briscoe,12/14/2039,AGG SEX ASSLT - CHILD,5/17/2023,8/1/2015,18
8369817,2591889,"MARTINEZ,RYAN M",Dominguez,9/12/2026,UNL POSS FIREARM,11/17/2025,11/6/2024,4
8370146,2520445,"NABERS,MASON CYRUS",Briscoe,5/2/2028,UNL CARRY WPN W/FEL CONV,8/21/2024,7/25/2024,5
8370175,2608870,"MARTINEZ,RICHARD",Dominguez,9/12/2027,THEFT PROP $750<2500 ENH IAT,3/17/2026,11/17/2023,1.5
8371827,2595151,"GARCIA,JOSE OLEGARIO",Lopez,8/1/2026,ASLT PUBLIC SERV,12/8/2025,9/2/2025,2
8372973,2439878,"ARIAS,BRYCE DANIEL",Connally,11/22/2030,FELON POSS FIREARM,3/20/2023,11/9/2022,10
8374275,2374426,"MEDEL,RAUL ANTONIO",Clements,3/27/2074,ROBBERY,12/2/2021,3/19/2019,55
8374574,2162835,"WILLIAMS,DARIEUS MALIK",Ferguson,4/23/2037,COMPEL PROST-CAUSE CHILD TO CO,10/16/2017,8/16/2016,20
8374750,2079273,"GANDY,MALCOLM",LeBlanc,4/26/2041,MURDER,7/19/2016,9/1/2011,25
8378174,2268381,"HARRIS,TREVOR PEYTON",Garza West,8/28/2026,POSS W/INT DEL CS PG1 200G 400G,6/12/2019,5/17/2018,10
8378912,2527602,"GOMEZ,JARED MATTHEW",Segovia,1/14/2028,ASLT FAM/HSEHOLD MEM PREV CONV,10/1/2024,1/14/2024,4
8380118,1661537,"CANO,RUDY",McConnell,5/22/2049,MURDER,8/9/2010,5/10/2009,40
8382257,2196043,"RIVERA,JOSE",Garza West,11/10/2031,POSS WID CONT SUB 4-200G,4/20/2018,2/16/2017,10
8382605,2510939,"RODRIGUEZ,DANIEL",McConnell,3/4/2033,POSS CS PG1 4G-200G,6/18/2024,5/20/2023,9
8383548,1882234,"STANLEY,DILLAN WILLIAM",Memorial,5/17/2058,MURDER,9/11/2013,6/27/2011,45
8384069,2469900,"CRAWFORD,SAMUEL",Connally,5/5/2045,AGG ROBBERY,9/22/2023,4/10/2023,22
8384452,2510922,"MCFERRIN,ERVIN LEE",Dominguez,2/1/2027,FELON POSS F/ARM,6/13/2024,3/8/2024,6
8384751,2575605,"GAMBOA,AARON RENE",Dominguez,11/1/2026,ASLT FAM HSEHLD MEM PREV CONV IA,6/6/2025,12/28/2024,3
8384821,2572775,"MORENO,ISRAEL",East Texas Treatment Facility,6/1/2026,THEFT $2500-$30K VEH HABITUAL,7/18/2024,2/3/2023,6
8385191,2566880,"RAMIREZ,MATTHEW ROMAN",Torres,8/23/2042,INDEC CHILD SEX CONT,6/17/2025,8/23/2024,18
8388516,2203343,"CAVALLARO,JACOB MITCHELL",Wainwright,2/19/2037,AGG ROBBERY,6/5/2018,6/8/2014,20
8389828,2608280,"ADAMS,DAVID RAY",Garza West,4/26/2030,AGG ASLT W/DEADLY WPN,3/11/2026,4/26/2025,5
8391068,1730381,"MERRYMAN,BRUCE RANDOL",Pack,6/21/2027,FID MISAPP-ELDERLY $20K-$100K,6/24/2011,2/1/2008,16
8391132,1741221,"VASQUEZ,LYZETTE",Hobby,9/2/2031,INJ-CHILD-SBI-INT/KNO,9/6/2011,2/24/2009,20
8393301,2582507,"KO,BRIAN",Dominguez,6/1/2026,ASLT FAM HOU IMP BRTH/CIRC,8/6/2021,2/6/2017,3
8393904,1739576,"VASQUEZ,HERMES",Estelle,8/31/2046,INJ CHILD-SBI-INT/KNOW,9/6/2011,2/24/2009,35
8393905,1794650,"NG,ANDRISELA MARIE",O'Daniel,6/22/2062,MURDER,6/26/2012,12/3/2008,50
8394285,2601893,"PADILLA,FERNANDO",Dominguez,10/21/2028,EVADING ARREST DET W/VEH,1/27/2026,5/30/2023,3
8396463,2151014,"MEIMAR,PAMELA",Murray,9/22/2036,MURDER,8/25/2017,9/17/2016,20
8396902,2180371,"RUIZ,DAVID",Huntsville,5/1/2035,AGG SEXUAL ASLT/CHILD,1/26/2018,11/1/2016,18
8397029,1730384,"ORELLANA,NEPTALI ARMANDO",Dalby,6/20/2054,MURDER,7/25/2011,6/20/2009,45
8398614,2502704,"RAMIREZ,JONATHAN ALEXANDER",Stringfellow,2/5/2029,FELON POSS FIREARM,5/1/2024,2/6/2024,5
8399193,2406442,"ESCAMILLA,MARVIN",Segovia,12/31/2026,ASLT FAM 2ND OFFENSE,8/1/2022,4/25/2021,4
8399992,2603623,"MARTINEZ,BRANDIE NICOLE",Plane,1/1/2027,ROBBERY,2/12/2026,8/2/2023,4
8400519,1751804,"HALLMON,DAVID R",Wynne,6/26/2039,AGG ASLT DW,10/31/2011,6/26/2009,30
8401472,2575828,"SUTTON,TREVON SHACOR",Torres,5/9/2027,POSS CS PG1/1-B 1-4G REPEAT,8/13/2025,5/9/2025,2
8401785,2606154,"DAVIS,MARK",Segovia,11/12/2026,MAN/DEL CS PG1 1-4G,2/25/2026,7/14/2020,6
8402880,2464840,"FARIAS,RICHARD",Stevenson,1/21/2033,AGG ASLT W/DEADLY WPN,8/23/2023,1/22/2023,10
8402956,1739557,"MENDOZA,ALONSO TARANGO",Estelle,1/1/5555,CAPITAL MURDER-MULTI PERSON,8/30/2011,7/1/2009,LWOP
8404501,2564340,"GARZA,PAUL LUIS",Gist,7/10/2026,EVADING ARREST DET W/VEH,6/4/2025,3/1/2024,2
8404749,2577969,"CORONA,JOSHUA",Stevenson,2/27/2028,UNL CARRY WPN FEL CONV,8/27/2025,10/1/2024,8
8405563,1737041,"SANCHEZ,ANDY",Connally,11/16/2040,AGG KIDNAPPING,8/17/2011,8/26/2010,30
8406181,2213728,"HERNANDEZ,JACOB",Polunsky,4/8/2035,AGG ASLT W/DDLY WPN,5/19/2017,6/8/2014,20
8406482,2602332,"BALLENGER,MARY ARLEN",Henley,12/17/2026,POSS CS PG 1/1-B<1G,,5/28/2024,2
8406499,2577710,"LOPEZ,JAIME",Ney,7/25/2027,AGG ASLT W/DWPN,7/17/2025,11/14/2023,3
8408148,2444341,"MARSHALL,PHILIP",Bartlett,9/28/2027,UNL CARRY WPN W/FEL CONV,4/6/2023,9/28/2022,5
8409082,2552884,"RAMIREZ,JAMIE",Lopez,10/13/2027,OBSTRUCTION/RETALIATION,3/25/2025,10/13/2024,3
8410825,2540197,"HOWARD JR,SHANNON ROYALE",Cotulla,7/23/2034,POSS FIREARM FELON,1/7/2025,7/23/2024,10
8411642,2502473,"SCOTT,AARON MICHAEL",Lopez,4/9/2028,POSS CS PG1 400RAMS,1/16/2024,10/11/2022,10
8411888,2397467,"SAMBE,ABDOU A",Gist,6/1/2026,AGG ROBBERY,6/6/2022,3/19/2020,10
8411948,2450563,"THOMAS-TYRONE,DEVEON MARQUEE",Estelle,12/4/2028,BURG HABIT FORCE,5/16/2023,9/8/2022,6
8413027,1979501,"AGUERO,ANDREW A",Lynaugh,3/30/2054,AGG SEX ASLT CHILD,2/2/2015,3/1/2014,40
8414437,2384737,"ZAVALA,ANDREW DAVID",Telford,7/2/2027,INJURY TO CHILD BI INT/KNOW,2/17/2022,8/31/2020,6
8414548,2086746,"RODRIGUEZ,ARTHUR",Stevenson,8/27/2031,INDECENCY W/CHILD CONTACT,8/30/2016,2/2/2016,15
8415321,2053061,"OLIVO,JACQUELEEN HEATHER",O'Daniel,9/9/2057,AGG ROBBERY,2/26/2016,5/14/2013,43
8415770,2490128,"MARTINEZ,BALDEMAR",Stringfellow,9/14/2030,DEADLY CONDUCT-FIREARM,2/12/2024,9/13/2022,8
8416559,2554376,"GARCIA,GILBERTO",Garza East,6/1/2026,POSS CS PG1/1-B 4-200G,4/11/2025,3/14/2024,3
8416683,2283239,"ERNST,MICHAEL",Luther,3/1/2027,ATT ONLINE SOL MINOR-MEET/INT,9/9/2019,7/12/2009,10
8417672,2535050,"VASQUEZ,ADRIAN ALBERT",Lopez,4/28/2028,AGG ASLT DW,11/19/2024,4/28/2024,4
8417738,2614163,"LUGO,ABEL",Garza West,10/22/2027,EVADING ARREST DET W/VEH,2/15/2024,8/5/2023,3
8418112,2546569,"MONTGOMERY,STEPHANIE",Plane,11/10/2028,ROBBERY,3/5/2025,9/13/2024,4
8419983,2284631,"RANDOLPH,SIR ALEX MEYERS",Clements,5/18/2032,COMPEL PROST-CAUSE CHILD TO CO,9/13/2019,10/13/2016,15
8420526,1927323,"GONZALES,JOHN III",McConnell,11/19/2033,MURDER,4/23/2014,10/19/2012,20
8421612,2406463,"MARTINEZ,ELISANDRO CALDERON",Wallace,1/1/2027,POSS WID CONT SUB 4-200G,8/8/2022,11/16/2021,8
8424116,2063423,"GUERRERO,AUDREY ROSE",Murray,3/5/2039,INJURY TO CHILD-SBI-OMISSION,10/22/2015,7/9/2013,25
8425569,2197074,"CADOR,JASON",Dalby,4/1/2027,AGG ROBBERY,5/1/2018,12/24/2015,13
8425849,2514765,"WILLINGHAM,MARK ANTHONY",Dominguez,2/20/2027,VIOL BOND/PROT ORD 2 PRIORS,7/22/2024,2/19/2024,3
8426159,2541204,"MORSE,TREVOR TABIAS WAYNE",Lopez,12/27/2030,UNL POSS F/ARM BY FELON,1/24/2025,12/28/2023,7
8426302,2125186,"CLARK,JONATHAN",Luther,8/9/2028,SEX ASLT,3/30/2017,9/1/2015,12
8426368,2458716,"PENA,LORENZO ALBERTO",B. Moore,2/1/2027,ASLT-PEACE OFFICER/JUDGE-B,7/17/2023,12/6/2022,6
8427875,2564353,"PERKINS,ANDRAE DEJON",Gist,6/11/2026,POSS CS PG1/1-B 1-4G,6/4/2025,1/3/2025,2
8428330,2606156,"ESCALERA,JOSHUA",Garza West,6/19/2026,AGG ASLT W/DWPN,3/2/2026,3/25/2022,3
8429872,2468191,"RANGEL,MIGUEL ANGEL",Garza East,8/3/2026,EVADE ARREST/DET W/VEH,9/12/2023,2/1/2022,8
8430573,2573515,"DIAZ,MARK ANTHONY",Segovia,8/5/2026,ASLT FAM 2ND OFFENSE,7/30/2025,8/31/2022,4
8430763,2277417,"KINNEY,DANDRE MARQUIS",Polunsky,9/11/2030,AGG ROBBERY,7/26/2019,8/16/2018,12
8431837,2588266,"LAMPKIN,VERLIN ANTHONY",Garza East,8/30/2027,POSS CS PG1/1-B 1-4G,10/22/2025,5/8/2025,5
8432188,2479840,"HERNANDEZ,ELISEO",Segovia,5/31/2027,ASLT FAM 2ND OFF,12/4/2023,4/23/2023,4
8434293,2571528,"CANTU,CHRISTIAN MATEO",Segovia,6/27/2027,ASLT FAM/HSE MEM IMPEDE BRTH/CIR,10/5/2022,1/12/2021,5
8435103,2381770,"MELLO,THOMAS JACOB",Estelle,11/25/2030,AGG ROBBERY,1/27/2022,11/21/2020,10
8435186,2354530,"FALCON,GABRIEL",Clements,10/7/2026,AGG ASLT W/DDLY WPN,6/30/2021,10/7/2020,6
8435682,1948289,"SUTTON,SUSAN MARIE",Crain,8/28/2037,MURDER,8/1/2014,1/13/2010,25
8435826,2608285,"GLEASON,KENNETH SAM",Garza West,7/27/2027,COLLISION INVOLVING INJURY,3/9/2026,10/10/2025,3
8436454,1661570,"WALTERS,DONALD",Fort Stockton,8/26/2039,AGG SEX ASLT-CHILD,8/2/2010,7/1/2004,30
8437159,2460994,"YBARBO,HENRY MARQUIS",Stiles,1/5/2028,ASLT FAMILY,8/1/2023,11/10/2022,7
8438211,2512873,"CONTRERAS,EMILIANO",Hightower,1/7/2042,FELON POSS FIREARM,7/10/2024,1/9/2024,18
8438434,2110570,"RAMOS,MICHAEL",Michael,1/8/2066,BURG HABIT FORCE,10/6/2016,9/7/2012,11
8438595,2612638,"DUNN,HEIDI JEAN",Henley,10/9/2026,THEFT PROP <$100 W/PREV CONVIC E,,12/18/2022,4
8439936,2468035,"GARZA,ROGER",Dominguez,3/13/2032,AGG ASLT AGAINST PUB SERV,9/8/2023,3/14/2023,9
8441644,2400122,"GUTIERREZ,JONATHAN C",Byrd,8/16/2027,EVADING ARREST/DET W/VE,6/14/2022,11/17/2020,4
8441703,2573536,"VASQUEZ,FRANKLIN MAURICIO",Briscoe,3/19/2028,POSS CS PG1/1-B 4-200G,7/29/2025,3/20/2025,3
8442388,2119677,"GITTENS,KERRY",Ferguson,12/11/2066,MURDER,3/10/2017,11/15/2014,50
8442667,1978334,"GARCIA,ARTHUR DANIEL",Torres,3/8/2027,AGG SEX ASLT CHILD,1/22/2015,8/18/2007,12
8443098,2416748,"RACKLEY,CHRISTOPHER ALAN",Memorial,4/26/2027,AGG ROBBERY,10/7/2022,4/26/2022,5
8443401,2543829,"LOPEZ,TOMMY JR",Segovia,8/22/2026,AGG ASLT W/DEADLY WPN,2/3/2025,8/22/2024,2
8444906,1636074,"RUIZ,JESSE",Boyd,9/10/2034,AGG SEX ASLT-CHILD,3/23/2010,1/1/2008,25
8445119,2374420,"JIMENEZ,WILSON DANIEL",Stringfellow,10/1/2026,MANSLAUGHTER,12/3/2021,1/2/2016,15
8445657,2170573,"VARGAS,ZACHARY",Hutchins,6/16/2026,AGG ROBBERY,12/4/2017,8/2/2016,15
8446224,1656156,"BARNETT,GERALD HAL",Lynaugh,12/14/2032,AGG SEX ASLT CHILD,6/17/2010,4/15/2007,22.5
8448036,2571537,"LAWSON,RICARDO",Lopez,12/31/2027,ASLT PEACE OFFICER/JUDGE,7/16/2025,12/26/2023,3
8448063,2031972,"RODRIGUEZ,AARON GERARD",Garza East,4/27/2030,BURG HABIT-FORCE,6/2/2015,4/27/2011,20
8449013,2588279,"RENTERIA,JUAN A",Dominguez,10/11/2029,ASLT BRTH/CIRCU FAM PREV,10/29/2025,9/20/2023,4
8449731,2609318,"CRUSE,AMOS",Cotulla,4/24/2030,POSS CS PG 1/1-B 200-400G,3/9/2026,9/12/2025,10
8451247,1746925,"BENZING,JOHN PHILIP",Lychner,9/22/2029,MURDER,10/6/2011,9/22/2009,20
8451486,2098754,"HINOJOSA,KYLE",Torres,9/19/2039,AGG ROBBERY,11/2/2016,4/29/2015,23
8451864,2591879,"GONZALES,JESSY SAMUEL",Segovia,8/1/2026,UNAUTH USE VEHICLE,11/17/2025,9/1/2025,2
8451987,2385701,"PEREZ-YANEZ,ALEX D",Polunsky,7/5/2028,AGG ASLT DWPN REP,3/2/2022,7/6/2021,7
8452534,1958888,"JONES,RICARDO",Jordan,8/10/2027,AGG ASLT DW,9/30/2014,3/20/2011,15
8452950,2590176,"CHAPA,AMANDA NICOLE",Hilltop,7/1/2026,ASLT PO/JUDGE,11/14/2025,7/5/2021,2
8454669,2585470,"VILLARREAL,MATTHEW GREGORY",Jester III,5/2/2027,UNL POSS FIREARM BY FELON,10/16/2025,8/17/2025,4
8456276,2600806,"GARCIA,JESSE A",Segovia,1/12/2027,UNL POSS FIREARM BY FEL,1/16/2026,3/27/2025,3
8456939,1715826,"COOPER,WINTER",Crain,10/2/2034,MURDER,4/8/2011,8/27/2009,25
8457299,2548163,"FLORES,JULIAN JOE",Segovia,6/4/2027,VIOL BOND/PROT ORD ASLT/STALK,1/31/2025,6/11/2022,3
8457938,2554369,"BAKER,RICHARD NELTON",Cotulla,10/19/2030,ASLT FAM HSEHLD MEM PREV CONV IA,4/10/2025,10/19/2024,6
8458083,1752673,"GARZA,JAMES",Wainwright,1/1/9999,CAPITAL MURDER,11/16/2011,9/6/2009,Capital Life
8458607,1969921,"SAMARRIPAS,RICHARD",Polunsky,9/10/2031,AGG ROBBERY,12/4/2014,5/4/2013,17
8458787,2253754,"HARRISON,QUINCY DONTYA",McConnell,6/14/2032,TRAFF OF PERSON L/18 PROS,3/12/2019,11/16/2016,12
8459387,2122412,"HUERTA,JUAN FRANCISCO",Boyd,2/28/2046,MURDER,3/10/2017,2/29/2016,30
8460097,2220233,"LOYD,SYMON TAYLOR",Byrd,12/2/2037,AGG ASLT SBI,6/27/2018,3/8/2010,20
8460343,2242561,"DE ANDA,EDUARDO",Ney,5/7/2033,AGG ROBBERY,1/14/2019,3/24/2017,16
8460371,2127827,"ROGERS,DARNELL",Lewis,9/18/2047,AGG ASLT PUB SERV,2/23/2017,9/18/2015,32
8462260,2353648,"GOVER,JOE ALBERT",Daniel,11/9/2049,MURDER,6/25/2021,6/26/2011,29
8462784,2075128,"GONZALEZ,XAVIER ANTHONY",Ferguson,2/15/2050,MURDER,6/24/2016,2/16/2015,35
8463217,2472641,"CARRERO,JONATHAN MEZA",Willacy County,9/13/2028,ROBBERY,10/12/2023,1/22/2021,6
8464703,2321818,"CARVER,HUNTER GAGE",Willacy County,6/28/2038,FAIL STOP RENDER AID-DEATH,7/13/2020,2/11/2017,20
8467667,2423346,"VILLARREAL,CRYSTAL ROSE",Hobby,1/13/2030,AGG KIDNAPPING,11/15/2022,1/7/2022,8
8468596,2532170,"GARZA,ALBERTO JR",Garza West,1/26/2031,ASLT SECURITY OFFICER,11/15/2024,2/28/2023,7
8470196,2083231,"LOPEZ,PAUL RAYMOND",Connally,2/15/2050,MURDER,8/2/2016,2/16/2015,35
8474977,1907321,"PEREZ-RIVERA,CHRISTOPHER",Torres,12/30/2029,AGG ROBBERY,1/22/2014,12/6/2012,16
8475197,2558549,"ROBLES,JUAN JESUS JR",Connally,11/22/2029,POSS CS PG 1/1-B 4-200G,4/25/2025,5/9/2024,5
8475776,2506020,"CANTU,ANTHONY REYNE JR",Dominguez,12/22/2028,FRAUD USE ID INFO 10-49,5/23/2024,12/23/2023,5
8476030,2465916,"SILVA,CODY RAYMON",Wainwright,4/8/2027,FELON POSS FIREARM,8/31/2023,4/8/2023,4
8477106,2442040,"GONZALES,CHRISTOPHER BRADLIE",Hightower,5/2/2033,AGG ROBBERY,3/28/2023,4/23/2019,14
8479222,2372978,"GOMEZ,LEROY ANTHONY",Polunsky,7/15/2041,POSS WID CONT SUBS PG1 400G,11/19/2021,7/15/2021,20
8479890,2578440,"GARCIA,VERONICA MICHELLE",Plane,4/13/2028,POSS CS PG 1/1-B L/1G DFZ,12/9/2024,11/16/2023,3
8480392,2605018,"GARCIA,BRIAN SOTO",Garza East,2/17/2034,INDEC W/A CHILD EXPOSE,2/17/2026,11/4/2025,8
8480540,2602816,"EVANS,ARYCK",Willacy County,7/24/2027,FAIL COMP SEX OFF DUTY REG LI/AN,2/2/2026,7/1/2025,2
8480898,2075143,"RINCON,ALEJANDRO",McConnell,5/24/2053,MURDER,6/27/2016,5/25/2015,30
8481258,2412134,"NORTON,CHRISTOPHER T",Dalhart,5/18/2037,ASLT-FAM CHOKING STRANGU,8/31/2022,10/26/2019,18
8481639,1689849,"STRONG,TABARI SHARRIEFF",McConnell,1/1/5555,CAPITAL MURDER-MULTIPLE PERSON,12/14/2010,11/14/2009,LWOP
8482025,2456633,"ISAAC,GABRIEL LARRALDE",Clemens,6/6/2031,AGG ASLT DWPN,7/5/2023,10/19/2020,8
8482287,1744930,"ESTEBES MEJIA,ALEXI",Garza East,11/14/2041,MURDER,9/21/2011,10/18/2009,32
8482702,1811811,"VOGT,STEPHEN JONATHON",Telford,1/1/5555,CAPITAL MURDER-OTHER FELONY,9/21/2012,9/6/2009,LWOP
8484211,2601693,"COX,DANIEL",Ney,10/4/2031,AGG SEXUAL ASLT CHILD,1/23/2026,5/9/2020,8
8485037,2457709,"VITELA,JOE VINCENT",Garza West,1/8/2033,AGG ROBBERY,7/10/2023,10/31/2022,10
8485077,2575806,"HERNANDEZ,FABIAN JAY",McConnell,9/5/2050,FELON POSS FIREARM,7/15/2025,1/15/2020,40
8485091,2492633,"PEREZ,CHRISTOPHER A",Stevenson,7/9/2028,MANSLAUGHTER,2/28/2024,11/23/2022,12
8485851,2285887,"GANN,CODY",Torres,12/3/2057,MURDER,9/6/2019,11/23/2017,40
8485863,2173938,"MARTINEZ,NOAH",Clemens,3/15/2044,AGG ROBBERY,12/14/2017,3/16/2017,27
8487976,2582774,"MARTINEZ,JUAN ENRIQUE JR",Dominguez,6/1/2026,POSS CS PG 1/1-B 4G-200G,3/7/2025,12/28/2023,3
8488142,1838449,"THOMPSON,LORENZO LEROY",Allred,1/1/5555,CAPITAL MURDER,8/24/2012,4/12/2010,LWOP
8489308,2063880,"DILLARD,SHAWN SAMUEL",Torres,2/17/2066,MURDER,4/19/2016,2/16/2015,45
8490238,2611807,"JEMEYSON-GARZA,RYAN LEE",Garza West,3/8/2033,ASLT PEACE OFFICER/JUDGE,3/25/2026,5/2/2025,7
8490897,2395090,"TORRES,LEONARD",Wainwright,12/29/2061,MURDER,5/25/2022,10/24/2016,45
8490933,2611500,"GARCIA,ALEX",Dominguez,2/1/2028,FAIL COMPLY REG 10YRS,8/21/2024,1/4/2022,2
8491167,2177961,"MARTINEZ,ROBERT",McConnell,6/1/2116,MURDER,1/17/2018,2/20/2015,99
8491443,2546158,"HERNANDEZ,ABRAHAM NEPTALI",Lewis,9/10/2026,ROBBERY,2/20/2025,9/10/2024,2
8491698,2494881,"LINEBERGER,JAMES CAMERON",Briscoe,6/25/2033,ROBBRY,3/13/2024,4/10/2023,10
8492169,2472498,"PEDRAZA,ITZELY GONZALEZ",Crain,9/11/2030,ROBBERY,10/31/2023,7/12/2020,10
8492249,2310359,"WATSON,DAQUAN TYREE",Lynaugh,5/3/2058,MURDER,2/27/2020,4/20/2018,40
8493608,1693894,"RAMIREZ,EDGAR",Briscoe,1/27/2031,AGG ROBBERY,1/19/2011,12/7/2009,20
8493664,2595398,"DELAGARZA,REBECCA MICHELLE",Plane,12/26/2027,POSS CS PG1/1B 4-200G,12/17/2025,4/10/2023,5
8493715,2600457,"TAFOLLA,DAVID JR",Dominguez,10/18/2026,FRAUD U/P ID INFO ITEMS L/5,1/22/2026,8/20/2025,0.7
8494775,2576712,"GOMEZ,JOHN",Garza East,3/16/2028,FAIL SEX OFFEND REG LIFE/ANN,8/12/2025,3/15/2021,3
8495134,1722714,"DELAFUENTE,ALBERTO G",Dalhart,12/8/2039,AGG SEX ASLT CHILD,5/9/2011,1/3/2005,30
8495821,2167463,"LOPEZ,CRISTIAN ENRIQUE",Allred,1/1/9999,MURDER,11/7/2017,6/1/2016,Life
8496092,2582778,"REYES,ERNESTO CHAVEZ",Skyview,11/19/2027,ASLT PUBLIC SERVANT,9/23/2025,5/7/2025,6
8496589,2576729,"SANCHEZ,JASON P",Segovia,10/23/2026,UNL CARRY WPN,8/19/2025,8/25/2024,3
8498361,2522570,"DIAZ,DAVID PAUL",Ferguson,3/22/2039,AGG ASLT W/DEADLY WPN,9/17/2024,3/30/2023,15
8499799,2216364,"JIMENEZ,ARMANDO ALEJANDRO",McConnell,5/18/2029,POSS WID CS 200-400G,1/25/2023,5/26/2022,15
8499829,2589143,"MARTINEZ,GERARDO III",East Texas Treatment Facility,9/17/2026,ASSAULT PEACE OFFICER/JUDGE,,1/28/2023,2
8500424,2601715,"TOLEDO,ISAIAH ANTHONY",Segovia,10/1/2026,ASLT FAM/HOU MEM IMP BRTH/CIRC,4/18/2023,8/11/2022,4
8500590,2072593,"MORALES,BRIAN LEE",McConnell,12/10/2044,MURDER,6/8/2016,8/24/2014,30
8501165,1875008,"LOPEZ,BELINDA ANN",Hobby,9/15/2037,INJ CHILD SBI INT/KNO,8/14/2013,9/15/2012,25
8502470,2563576,"LOPEZ,ROLAND",McConnell,10/5/2029,UNL CARRY WPN FEL CONV,5/27/2025,12/29/2024,10
8502980,2219103,"FAJARDO,KALEB ROBERT",Clemens,8/22/2030,INTOX MANSLAUGHTER,8/29/2018,2/26/2016,12
8503715,2603605,"CAMERON,JAMES SCOTT",East Texas Treatment Facility,12/24/2026,OBSTRUCTION OR RETALIATION,,3/6/2022,3
8504105,2613781,"CHAVARRIA,LINDSEY",Plane,7/21/2029,ARSON INT DAM HAB/PLACE OF WOR,4/8/2026,9/22/2020,5
8505045,2455768,"KIMBER,DEMARKUS DEMONE",Sayle,6/1/2026,AGG ASLT W/DWPN,6/22/2023,7/26/2022,6
8506026,1890560,"TORRES,ALFRED BAKARY",Wainwright,10/11/2028,AGG ROBBERY,10/14/2013,11/26/2012,15
8506682,2524306,"TANAJARA,VANESSA LYNN",Hobby,1/30/2029,ASLT PUB SERV,10/3/2024,5/21/2024,5
8506703,2589560,"VANEGAS,CHRISTOPHER RYAN",McConnell,1/14/2027,ASLT ON SECURITY OFFICER,6/4/2025,12/23/2024,2
8508535,1661857,"VANDERGRIFT,BRYCE SETON",Dalby,1/18/2040,MURDER,7/16/2010,12/31/2009,30
8508828,1658805,"CANTU,NICHOLAS DANIEL",Briscoe,12/31/2039,MURDER,6/10/2010,12/31/2009,30
8510818,2400130,"MUNOZ,EDUARDO",Connally,7/11/2027,AGG ROBBERY,6/22/2022,6/2/2019,8
8512292,2028041,"REYES,EDUARDO",Ferguson,12/2/2048,MURDER,9/9/2015,12/3/2013,35
8513093,2558781,"VILLARREAL,JOSEPH EDWARD",Briscoe,3/15/2027,POSS CS PG1/1-B 4-200G,5/8/2025,1/31/2025,5
8513160,2406438,"CORREIA,CHRISTIAN NATHANIEL",Garza East,7/23/2038,INJURY TO CHILD SBI INTENT,8/1/2022,7/23/2021,17
8515352,2373634,"CUMMINGS,DANTE LAVEY",Garza West,12/1/2026,FELON POSS FIREARM,9/30/2021,9/3/2020,4
8515668,2600661,"SMITH,CHARLES EDWARD IV",Garza East,7/8/2039,POSS CHILD PORN YOUNGER/10YOA,1/16/2026,5/20/2025,30
8515787,2437592,"LERMA,BRANDON LEE",Estelle,1/29/2057,MURDER,3/16/2023,1/30/2022,35
8516239,2485268,"LOPEZ,JORGE",Willacy County,3/30/2028,POSS W/I DEL CS PG1 4-200G,1/12/2024,7/1/2019,5
8516770,2572359,"CRUZ,JONATHAN E",Segovia,6/7/2027,ASLT FAM HSEHLD MEM PREV CONV,7/6/2022,1/19/2022,3
8517772,2179321,"RIVERA,JOSEPH KIRK",Michael,12/5/2034,TRAFF PERSON U/18-PROSTITUTION,1/25/2018,12/28/2015,18
8518261,2190652,"SALINAS,SERGIO",Connally,3/9/2027,"THEFT $30,000-$150,000 VE",12/1/2017,10/27/2016,10
8519808,2563318,"GOMEZ,GILBERT JR",Segovia,2/2/2027,UNL POSS FIREARM BY FELON,5/28/2025,1/21/2024,2
8520562,2577308,"ADAMS,NICKY NICOLE",Marlin,7/8/2026,MAN/DEL CS PG 1 4-200G,9/15/2025,6/6/2018,5
8521020,2501429,"RAMIREZ,ROBERT ANTHONY",McConnell,10/22/2028,ROBBERY,4/22/2024,10/23/2023,5
8521853,2570170,"DELEON,JONATHAN MICHAEL",Glossbrenner,9/17/2026,MAN/DEL CS PG1 4-200G,7/8/2025,12/15/2022,6
8522228,2569016,"RICHARDSON,JONTAE DEWAYNE",Glossbrenner,6/11/2026,UNL POSS FIREARM FELON,7/2/2025,8/19/2023,3
8522362,2072911,"JENKINS,CARLTON HARRISON",Garza East,2/21/2034,INTOXICATION MANSLAUGHTER,6/13/2016,2/16/2014,18
8523831,2579976,"VIDALES,ROY RAUL",Glossbrenner,7/7/2026,MAN DEL CS PG1 4-200G,6/25/2024,8/1/2023,5
8524677,2253234,"CAMERON,VANESSA",Murray,1/1/9999,MURDER,3/20/2019,1/13/2010,Life
8524774,1863079,"YANEZ,FACUNDO FEDERICO",Robertson,11/1/2035,ATT CAPITAL MURDER MULTI PERSONS,6/4/2013,7/29/2012,23
8526051,2056873,"BROWN,LAKISHA LASHAWNTA",Crain,1/25/2032,MURDER,3/22/2016,1/13/2010,22
8528808,2508740,"BALBOA,JOSEPH B",Glossbrenner,9/24/2026,POSS CS PG1 4-200G,5/6/2024,10/10/2021,7
8528853,2355349,"OZUNA,SONNY",Lewis,12/16/2045,INJ TO CHILD-SBI-INT/KNO,7/6/2021,2/2/2017,25
8529102,2584979,"YOUNG,AUSTIN MICHAEL",Dominguez,9/6/2027,DWI 3RD OR MORE,4/5/2022,10/29/2021,3
8529171,2258604,"HUNTER,ROBERT DESHAWN",Michael,1/23/2028,ROBBERY,4/10/2019,1/23/2018,10
8530010,2495242,"ALVARADO,MATTHEW RAMON",Dominguez,5/28/2028,PWID CS PG 2-A 4-400G,3/14/2024,2/10/2017,6
8530347,2591883,"GUZMAN,DAMIEN DANIEL",Dominguez,12/18/2026,MAN DEL CS PG1 4-200G,11/24/2025,2/16/2025,5
8530626,1743935,"COLON,ELYSE MARSYL",Skyview,1/1/5555,CAPITAL MURDER CHILD U/6,9/13/2011,2/2/2010,LWOP
8531950,2489692,"PAGE,STACY MAE LYNN",Coleman Work Facility,10/11/2027,TAMP EVID INT IMP,2/26/2024,1/22/2022,10
8534593,2591886,"JARAMILLO,MICHAEL RICHARD",Willacy County,12/1/2026,ASLT FAM 2ND OFF,11/19/2025,2/23/2024,2
8536056,2094802,"SOUTHERLAND,CODEY BLU",Torres,4/26/2036,MURDER,10/7/2016,9/21/2014,20
8536417,2257443,"RODRIGUEZ,DERRICK BLAZE",Michael,3/31/2049,MURDER,4/9/2019,9/30/2016,32.5
8536535,2516950,"ESTRADA,ISAAC JEREMAIH",Connally,3/4/2058,MURDER,7/31/2024,4/5/2015,35
8537577,2350759,"CONTRERAS,JOSE GERARDO",Allred,6/22/2035,AGG ROBBERY,5/24/2021,5/2/2020,15
8537798,1682112,"FIZER,DAWNTAYE",Estelle,2/10/2028,AGG ROBBERY,11/1/2010,2/4/2010,18
8538207,2393481,"DAVIS,EDWARD DARREL III",Willacy County,2/5/2027,FELON POSS FIREARM,4/18/2022,5/23/2021,5
8541243,2590177,"GARZA,AZRIEL A",Plane,7/10/2030,POSS CS PG1 4-200G,1/17/2024,8/10/2022,5
8542191,2152901,"TREVINO,PETER",Wainwright,1/30/2059,AGG ROBBERY,6/26/2017,1/19/2016,40
8542401,2444134,"ARREDONDO,FABIAN RENE",Ferguson,9/23/2065,AGG ASSLT W/DWPN - REPEAT,4/13/2023,9/16/2020,45
8544254,1703704,"PALAFOS,ROBIN",Marlin,2/18/2045,INJURY TO CHILD-SBI-OMISSION,2/11/2011,2/18/2010,35
8544958,1943873,"MAYES,ARTHUR",Telford,7/5/2049,INJURY TO CHILD/SBI/INT & KNOW,7/15/2014,9/28/2012,35
8545387,2590097,"BEZA,GEORGE JR",Segovia,12/28/2026,UNL POSS FIREARM,11/17/2025,11/16/2018,5
8545388,2615187,"ORNELAZ,FRANCISCO",Garza West,11/26/2026,DWI,3/13/2023,12/13/2020,3
8545409,2599102,"SANDOVAL,ALEXANDRA PATRICIA",Plane,4/22/2027,ROBBERY,1/15/2026,9/6/2018,2
8546069,2514755,"MUSQUIZ,XAVIER NOEL",McConnell,3/15/2027,EVADING ARREST/DET W/VEH,5/16/2024,10/12/2023,3
8546485,2594737,"MIDDLETON,CAMERON CASILEAR",Ellis,12/1/2026,POSS CS PG1/1-B 1-4G,12/11/2025,9/20/2025,3
8547118,2263130,"RODRIGUEZ,ISAAC",Michael,11/1/2056,AGG ROBBERY,5/8/2019,8/5/2016,40
8547324,2581296,"MILLER,ABDUL LABAR",Luther,10/12/2027,UNL CARRY WPN W/FELONY CONV,9/10/2025,6/20/2025,5
8547432,2556418,"VASQUEZ,ERIC JOEL",Gurney,1/1/2027,MAN/DEL CS PG1 4-200G,4/15/2025,6/28/2023,6
8547446,2562106,"CAMPOS,ANDREW PATRICIO",Garza West,10/6/2027,AGG ASLT W/DWPN,5/22/2025,10/6/2024,3
8550176,2480179,"TORRES,ELYJAH MASON",Connally,12/1/2026,POSS CS PG2 4-400G,12/6/2023,9/10/2022,5
8550647,2513786,"GARCIA,EDWARD LARA III",Estes,12/1/2026,DWI 3D/M,7/1/2024,9/22/2023,5
8550744,2111883,"GARCIA,CHRISTOPHER ANTHONY",Allred,2/14/2041,AGG ROBBERY,2/24/2016,6/11/2014,24
8550763,2552879,"MANCHA,FELIX",Wainwright,12/3/2026,DWI 3RD/MORE,3/28/2025,11/21/2023,4
8551183,2563317,"GARCIA,DEVAN JOSEPH",Segovia,3/18/2027,UNL POSS FIREARM,4/29/2025,1/31/2025,5
8551254,2576050,"RUBIO,DOMINICK XAVIER MARTINEZ",Segovia,9/1/2026,VIOL BOND/PROT/ORDER/ASLT/STALK,9/6/2022,4/12/2021,5
8552011,2410767,"VALLEJO,RICHARD ALEXANDER",McConnell,1/1/9999,MURDER,8/26/2022,6/20/2020,Life
8552139,2586918,"RUBIO,ALICIA",Hobby,2/18/2028,ASLT FAM HOU MEM PREV CONV,6/30/2022,1/19/2022,3
8552373,2609340,"VAZQUEZ,ANTHONY CHRISTOPHER",Garza West,9/9/2027,POSS CS PG1 4G-200G,3/18/2026,8/16/2020,2
8552978,1753757,"LAMARRE,PAUL JOSEPH",Lewis,8/26/2199,POSS CHILD PORNOGRAPHY,8/19/2011,7/21/2009,10
8553464,2491939,"O BRIEN,AVERI NICOLE",O'Daniel,12/6/2026,POSS CS PG1 4-200G,3/6/2024,9/8/2022,10
8553482,2216356,"GALLEGOS,DAVID RICHARD",McConnell,7/13/2042,MURDER,8/17/2018,7/13/2017,25
8554103,2574843,"ARAUJO,JOE LUIS",Willacy County,9/6/2029,AGG ROBBERY,8/7/2025,9/6/2024,5
8554836,2567931,"KOCH,NOAH",McConnell,10/7/2030,ARON INT DMG HAB/PLACE WRSHIP,6/23/2025,10/2/2024,6
8554840,2595685,"GARCIA,DAVID BRANDON",Ney,11/28/2039,AGG ASLT DW,12/16/2025,11/28/2024,15
8554933,2321326,"MELENDEZ,RAYMOND MARK",Cotulla,2/25/2036,MURDER,7/31/2012,2/25/2012,20
8555068,2502697,"JOHNSON,DARRYL",Cotulla,5/2/2046,MURDER,5/1/2024,5/2/2021,25
8556007,2589551,"MITCHELL,KERRY",Segovia,12/1/2026,ROBBERY,10/30/2025,5/5/2024,3
8556635,2465436,"OVALLE,NICOLE",Murray,12/21/2040,INTOXICATION MANSLAUGHTER,9/11/2023,12/22/2022,18
8556744,2171810,"GARCIA,JORDAN CHRISTOPHER",Clements,11/5/2033,BURG HABIT-FORCE,12/12/2017,8/10/2017,18
8556794,1699421,"CRUZ,JESUS",Hughes,3/10/2055,AGG ASLT W/DW SBI FAM/DATING,2/10/2011,3/10/2010,45
8557803,2478198,"MALDONADO,MIGUEL",Briscoe,4/21/2028,ASSLT FAM CHOKE/STRANG,11/13/2023,4/22/2023,5
8558828,2600802,"BARRERA,KEVIN ANDREW",Dominguez,3/13/2031,THEFT PROP $30K-$150K,1/20/2026,6/20/2021,5.5
8559330,2614937,"ALVAREZ,JOHN ANDREW",Glossbrenner,11/27/2026,DRIVING WHILE INTOXICATED 3RD OR,,8/7/2025,5
8559777,2594744,"ROMERO,EDGAR RODENZO",Segovia,4/22/2027,DWI 3RD OR MORE,12/10/2025,4/22/2025,2
8560106,1709126,"CARMICHAEL,CODY JAMES",Robertson,3/26/2051,MURDER,3/31/2011,2/21/2010,40
8562120,1754943,"PRATT,CALVIN LYNN",Dalby,3/17/2055,MURDER,10/31/2011,3/14/2010,45
8562629,2590102,"FLORES,TONY",Hamilton,10/1/2026,POSS CS PG1/1-B 4-200G,11/12/2025,5/24/2024,4
8565101,2522578,"MARTINEZ,JULIAN",McConnell,6/4/2027,ASLT FAM/HSEHLD MEM PREV,9/17/2024,7/14/2020,5
8569863,2475460,"CANTU,KANE ANTHONY",Estelle,9/1/2026,VIOL SEX OFF REG W/PREV CONV,10/30/2023,8/2/2023,5
8570735,2576539,"SANDOVAL,GUADALUPE T III",Dominguez,4/4/2027,POSS CS PG1/1-B <1G,8/13/2025,9/28/2024,2
8571255,2580209,"DALLO,DIEGO AGUSTIN",Garza West,12/1/2026,EVADING ARREST DET W/VEH,9/2/2025,7/1/2017,3
8572071,2606699,"CONTRERAS,RICK ANTHONY",Stringfellow,1/8/2027,POSS CS PG 1 >=4G<200G,,1/14/2021,4
8572232,2446463,"ADAIR,LANCE MURPHY",C.T. Terrell,12/27/2028,SEXUAL ASLT-CHILD,4/25/2023,7/4/2021,6
8572509,2579974,"URRABIAS,ERNEST",Dominguez,11/1/2026,AGG ASLT W/DWPN,9/11/2025,12/23/2021,4
8573044,2568135,"BUSTAMANTE,MICHAEL ANDREW",Stevenson,9/27/2027,INJ CHILD/ELD/DIS W/INT BI,6/25/2025,5/5/2024,7
8573909,1784504,"LEE,SHAWN PIERRE",Jester III,4/2/2045,BURG HABIT INT COMM FEL-FOR,5/3/2012,4/3/2010,35
8574318,2576035,"GARATE-CREDA,JUAN",Briscoe,4/9/2030,AGG ASLT IN RETALIATION,8/15/2025,11/24/2023,6
8575934,2374843,"AGUILAR,STEPHAN PATRICK",Vance,3/18/2031,AGG ROBBERY,12/14/2021,3/18/2021,10
8576881,2525568,"DAVILA,CHRISTOPHER JAMES",Garza East,8/1/2036,INTOX MANSLAUGHTER,9/30/2024,5/29/2023,12
8577143,2303941,"PEREZ,PAOLA",Murray,5/14/2042,MURDER,1/24/2020,3/29/2018,24
8577212,2581937,"MARTINEZ,TIFFANY A",Plane,10/6/2031,ROBBERY,10/9/2025,7/23/2023,6
8577515,2531708,"LUJAN,ARMANDO JR",Ferguson,10/16/2032,ASLT PEACE OFFICER/JUDGE,11/7/2024,10/16/2024,8
8578105,2508761,"RAMOS,ANTHONY YONG",W. Scott,10/21/2027,AGG ASLT W/DEADLY WPN,6/4/2024,7/12/2020,7
8578197,2267138,"MENA,ELOY ENRIQUE",Briscoe,9/27/2027,POSS W/I DEL CONT SUB PG1 4-200G,5/23/2019,7/26/2018,10
8578626,2558777,"SANCHEZ,DAVID MANUEL",Dominguez,6/1/2026,ASLT FAM/HSEHLD MEM PREV CONV,5/5/2025,9/13/2024,2
8578942,2221499,"GUADIANA,BRUCE RYAN",Estelle,2/23/2056,MURDER,9/10/2018,11/10/2015,40
8578961,2541328,"STEEN,DREVONTE DESHAWN",Dominguez,3/2/2027,EVADING ARREST DETN W/PREV CONV,1/13/2025,10/11/2023,4
8579029,2365443,"MATA,JULIAN ANGEL",Dalby,8/20/2034,FELON POSS FIREARM,9/15/2021,9/25/2019,25
8579221,2540484,"BANDA,ROBERT CARLOS",Briscoe,12/5/2044,AGG ASLT W/WPN BRAN INJ/PARAL,1/7/2025,11/4/2023,20
8579967,2196044,"RODRIGUEZ,AUGUSTINE PATRICK",Luther,4/18/2030,INTOX MANSLAUGHTER,4/24/2018,7/24/2017,12
8581309,2563578,"MOODY,ANDRE ALONZO",Garza West,8/28/2026,ASLT FAM/HSE MEM IMP BRTH/CIR,6/24/2020,12/27/2018,3
8581397,2558771,"ELY,JOSHUA JOE",Lewis,1/25/2028,POSS CS PG1/1-B 1-4G,5/6/2025,1/25/2025,3
8582623,2324462,"CARRASCO,ALBERTO",Chasefield Wilderness,5/30/2028,FELON POSS FIREARM,9/8/2020,2/27/2020,6
8583257,2052236,"SIERRA-IBARRA,FABIAN SERGIO",Cotulla,12/1/2026,ROBBERY,2/24/2016,7/11/2014,13
8584614,2191917,"UVALLE,ELIJAH",Lewis,3/24/2028,INJ CHILD SBI OMISSION,3/28/2018,9/21/2015,10
8585281,2143012,"RAMOS,JESUS",Smith,10/6/2035,MURDER,6/23/2017,9/30/2015,20
8588140,2457706,"RODRIGUEZ-MORENO,JOSE",Torres,8/26/2046,MURDER,6/28/2023,6/27/2021,25
8588536,2395832,"GUTIERREZ,MARCELO",Memorial,3/24/2028,POSS WID CS PG1 4-200G,5/17/2022,3/25/2022,6
8589195,2521011,"MEDINA,ROBERTO GARCIA",Jester III,6/6/2026,POSS W/I DEL CS PG1 4G-200G,7/12/2024,11/9/2023,6
8590867,2581272,"COURTNEY,CHAD ROBERT",Dominguez,9/1/2026,POSS CS PG 1 1-4G,9/8/2025,3/6/2023,2
8592082,2395072,"CALVILLO,DANIEL",Coffield,12/10/2060,MURDER,5/24/2022,12/9/2020,40
8593363,2540492,"GARCIA,ALEX ANTHONY",Willacy County,6/5/2032,SEXUAL ASLT CHILD,1/10/2025,4/20/2024,8
8594572,2458726,"WOODARD,MICHAEL DAVONTE",Daniel,8/7/2030,FELON POSS FIREARM,7/14/2023,8/7/2020,10
8594740,2427415,"CASTELLANOS,JUAN VICENTE",Lopez,7/22/2030,AGG ASLT DW,12/19/2022,7/22/2022,8
8595004,2313107,"RODRIGUEZ,PEDRO ROSALES",Connally,7/23/2039,MURDER,3/16/2020,10/3/2014,20
8598837,1908994,"ORCASITAS,JOSHUA",Connally,11/20/2033,MURDER,1/17/2014,7/11/2012,20
8598838,2560768,"ESTRADA,JOHN RICHARD",Garza West,1/13/2027,VIOL BOND PROT ORD 2+/T W/I 12MO,11/20/2024,6/7/2023,5
8598852,2579247,"RUIZ,GILBERT",Wynne,9/14/2027,ROBBERY,1/30/2025,9/14/2024,3
8599264,2526868,"BEAMAN,JESSIKA MARIE",Skyview,6/25/2026,ASLT PEACE OFFICER JUDGE,10/21/2024,1/20/2024,3
8599816,1741030,"SMITH,STEPHEN R",Pack,8/29/2041,INDEC W/CHILD CONTACT,9/2/2011,4/15/2004,16
8599963,2464859,"VALLEJO,DANIEL",McConnell,2/24/2027,VIOL SEX OFF REG ANNUAL,8/23/2023,2/21/2023,4
8604831,1853987,"AGYIN,KWAKU",Beto,10/12/2056,COMPEL PROSTITUTION,10/29/2012,9/18/2011,25
8606913,2504648,"MELCHOR,JUSTIN DANIELS",Boyd,3/7/2027,ASLT-FAM-2ND OFFENSE(REPEATER),5/13/2024,6/5/2023,3
8608895,2304451,"JOHNSON,JAMES DEANGELO LEMON",Allred,9/4/2053,MURDER,1/15/2020,9/5/2018,35
8608953,2051646,"QUINTANILLA,DANIELLE PAULINA",Murray,8/20/2033,AGG ROBBERY,2/16/2016,8/19/2015,18
8608959,2179322,"RODRIGUEZ,FRANCISCO",Polunsky,2/28/2032,AGG ROBBERY,1/24/2018,2/28/2017,15
8609720,1761282,"VIDAL,JOSEPH ANTHONY",Stiles,5/25/2030,AGG SEX ASLT CHILD,1/4/2012,5/15/2009,20
8610489,2522435,"PARDO,ALEX JOE",Garza East,1/21/2036,AGG ROBBERY,9/9/2024,1/21/2024,12
8611021,2613043,"SMITH,AMADEYON JOURDON",Garza West,4/1/2028,HARRASSMENT OF PUB SERVANT,3/4/2024,12/15/2023,3
8611590,2205750,"NANEZ,LEIDY R CASTILLO",Murray,4/21/2027,AGG ASLT W/DEADLY WPN,6/29/2018,4/12/2017,10
8612780,2588250,"DUENEZ,JOSEPH",W. Scott,6/15/2027,ASLT PUBLIC SERVANT,3/7/2025,1/5/2023,2
8613292,2156875,"MARTINEZ,MARIA",Hobby,6/29/2031,INJURY TO CHILD SBI OMISSION,9/22/2017,6/29/2016,15
8613506,2605012,"BURLEY,CECIL TYRONE JR",Willacy County,1/26/2039,UNL CARRY WPN PROH PLACES,7/27/2021,12/22/2020,8
8614444,1772698,"WOODS,JUSTIN JEROME",Hodge,5/1/2027,AGG SEX ASLT-CHILD,3/2/2012,5/20/2010,20
8615064,2545949,"BROWN,AHMAD DE SHAWN",Dominguez,8/1/2029,POSS CS PG1/1-B 1G-4G,2/13/2025,8/1/2024,5
8616220,2580237,"VILLEGAS,JESSE RAY",Hamilton,7/24/2026,POSS CS PG 1 4-200G,12/11/2023,9/25/2021,3
8616584,2394838,"DELAGARZA,ERIC MICHAEL",Segovia,12/31/2026,POSS WID CONT SUB PG2-A 4-400G,3/24/2021,6/27/2019,5
8616585,2132711,"MORIN,DAVID ANTHONY",Connally,10/21/2056,MURDER,5/8/2017,10/21/2016,40
8617101,1710417,"LOREDO,JESSE ANGEL",Ferguson,6/8/2028,AGG ROBBERY,4/6/2011,6/5/2010,15
8617833,2369068,"SANCHEZ,EMILIO G",Torres,10/14/2026,INDECENCY W-CHILD-CONTACT,10/19/2021,11/13/2018,5
8617909,2348199,"BYRD,LAMAR JAMES",Torres,9/20/2028,AGG ROBBERY,5/17/2021,9/20/2020,8
8617982,2539270,"SALAZAR,JESSE",McConnell,3/16/2033,ASLT FAM 2ND OFF,5/29/2024,7/20/2022,10
8617984,2449605,"RIOJAS,PAUL LEONARD",Connally,5/2/2027,FELON POSS FIREARM,5/16/2023,3/27/2023,10
8617987,2172494,"RODRIGUEZ,JEREMIAH",Telford,12/10/2028,SEX PERF BY A CHILD,9/28/2017,1/25/2016,12
8620049,2512877,"MIRELES,GABRIEL LEE",Connally,7/14/2026,FELON POSS FIREARM,7/1/2024,7/15/2023,3
8620525,2581263,"ANDERSON,RONNIE JOE VON",Garza West,7/10/2027,VIOL BON/PRT ORD ASLT/STALK,8/29/2025,11/28/2024,5
8620930,2597469,"MONTELONGO,MATHEW ANTHONY",East Texas Treatment Facility,11/11/2026,ASSAULT FAM/HOUSE MEM IMPEDE BRE,,4/17/2021,6
8621296,1841211,"GARCIA,JOSHUA LOUIS",Lewis,4/4/2047,MURDER,2/8/2013,4/4/2012,35
8621911,2603736,"RIOS,CHRISTOPHER JOHN",Dominguez,7/12/2026,THEFT MATER ALUM/BRNZ/COPP/BRASS,3/31/2025,9/27/2024,1
8621995,1754942,"OSEGUERA GARCIA,DEAGOBETO",Garza East,6/12/2045,MURDER,11/30/2011,6/13/2010,35
8622109,2590128,"WATSON,LUCANDO JR",Briscoe,5/6/2043,AGG SEX ASLT CHILD,11/12/2025,10/29/2023,18
8623368,2588740,"DAMRON,HANNAH KATRYCE",Halbert,6/16/2026,POSS CS PG1 1G-4G,2/5/2024,7/8/2021,5
8623631,2498129,"CRADER,CHRISTIAN ROBERT",Allred,11/1/2033,AGG ROBBERY,4/1/2024,11/2/2023,10
8624293,2608012,"OLIVER,DARRICK DAVON",Byrd,1/1/9999,MURDER,3/5/2026,9/11/2022,Life
8624312,2073807,"DELCID,ROBERT CARLOS",Jester III,1/1/9999,MURDER,6/16/2016,7/2/2014,Life
8625492,2519870,"MAGALLANES,DAVID",Torres,8/27/2026,ASSLT FM/HHOLD MEMB PREV CONV,7/16/2024,12/9/2023,2
8626042,1792600,"RIVERA,JUAN ANTONIO",Telford,5/19/2044,MURDER,6/5/2012,5/20/2011,33
8626430,2411528,"GARZA,SERGIO",Wallace,4/29/2031,AGG ROBBERY,8/29/2022,3/24/2021,10
8629453,2406454,"IZQUIERDO,JORGE",Connally,8/30/2070,MURDER,8/4/2022,8/20/2020,50
8629593,2563923,"AREVELO,ERICA ANN",Hobby,1/1/2027,MAN/DEL CS PG 1 4-200G,6/12/2025,2/12/2020,5
8632483,2390516,"FEIBELMAN,MICHAEL DAVID",Daniel,7/7/2029,INJURY TO CHILD BI-INT/KNOW REP,4/7/2022,2/27/2019,8
8632821,2482972,"ZAPATA,JUAN ANGEL",Briscoe,6/4/2029,FELON POSS F/ARM,12/21/2023,7/6/2023,12
8633425,1871733,"AVILES,CIRILO",Boyd,12/23/2027,AGG SEX ASLT CHILD,7/16/2013,6/30/2010,15
8633549,2457688,"ARIAS,CHRISTOPHER ALEXANDER",Lopez,10/30/2029,MAN DEL CS PG1 4-200G,3/6/2026,5/26/2025,8
8637396,1890740,"MARTINEZ,JOHN ANTHONY",Stevenson,8/16/2030,INDEC W/CHILD CONTACT,10/16/2013,11/29/2012,15
8637934,2136521,"RAMIREZ,WILLIAM A",Huntsville,3/1/2038,AGG SEXUAL ASLT-CHILD,5/25/2017,2/28/2015,21
8637951,2593139,"CASH,ZHENELLE",East Texas Treatment Facility,10/14/2026,AGG ASSAULT W/DEADLY WEAPON,,10/18/2023,7
8638080,2487008,"GOODMAN,KEVIN BRUSHAE",Torres,8/12/2031,POSS CHILD PORN,1/12/2024,4/4/2017,10
8640642,2522574,"GUTIERREZ,JONATHAN DAVID",Dominguez,9/20/2029,BURG OF HABIT,9/16/2024,9/21/2023,6
8640744,2574869,"MONTELONGO,RONALD L",Dominguez,5/21/2028,THEFT PROP 30K-150K,8/11/2025,10/27/2024,3
8643592,2516108,"HERRADA,RUBEN JR",Memorial,8/18/2027,INTOXICATION ASLT,7/1/2024,10/29/2021,5
8644361,2460761,"ARGUETA,JAIME ERNESTO",Lopez,8/2/2026,ASSAULT-FAM 2ND OFF REPEAT,1/9/2019,2/27/2016,4
8644539,2109711,"HERNANDEZ,REYNALDO",W. Scott,6/9/2026,AGG ROBBERY,1/6/2017,11/1/2015,10
8645092,2050848,"PEREZ,JACINTO",Hightower,8/24/2026,AGG SEX ASLT-CHILD,2/8/2016,2/15/2013,15
8646441,2362553,"AVERITT,SAMANTHA RENEE",Hobby,6/15/2035,AGG ASLT W/DWPN,9/15/2021,6/15/2020,15
8646450,2353645,"EMBREY,JACOB RILEY",Briscoe,6/3/2043,MURDER,6/28/2021,6/1/2020,20
8646482,2333512,"PONCE,ERIK ALEJANDRO",Estelle,2/28/2028,ROBBERY,11/30/2020,2/28/2020,8
8646557,2569713,"HERNANDEZ,KRISTINE",Marlin,9/9/2026,PROH SUB CORR FACIL/DET JUV,7/27/2023,3/10/2020,6
8646788,2591881,"GUEVARA,JORGE ALBERTO CUELLAR",Garza West,11/19/2026,ONLINE SOLICIT MINOR SEX COND,11/20/2025,9/5/2024,3
8647463,2007987,"PADILLA,CHRISTOPHER",Connally,5/20/2066,MURDER,6/16/2015,3/29/2013,52
8647568,2489057,"CEPEDA,CESAR",Garza East,9/1/2026,ASLT FAMILY 2ND OFFENSE,6/3/2021,9/18/2019,6
8647601,2409462,"VILLANUEVA-ALVARADO,MARVIN DAN",Stevenson,2/29/2032,AGG SEX ASLT-CHILD,8/19/2022,1/6/2020,12
8649902,1762562,"MCFADDEN,MILES MONROE",Clements,1/1/5555,CONT SEX ABUSE CHILD,1/6/2012,7/23/2010,LWOP
8650870,1876804,"LANGDON,DAVID KENT",Beto,1/1/5555,CAPITAL MURDER/OTHER FELONY,8/15/2013,12/29/2011,LWOP
8652041,2455757,"DIAZ,MIGUEL",McConnell,10/29/2033,MURDER,6/23/2023,10/17/2018,15
8652153,2542629,"NELSON,ANTHONY GEORGE JR",Dominguez,11/7/2032,POSS CS PG1/1-B 4G-200G,1/29/2025,8/9/2024,20
8652264,1742409,"CERVERA,ERIC",Hughes,1/1/5555,CAPITAL MURDER U/6,9/20/2011,7/30/2010,LWOP
8652637,2159074,"KINES,DWAYNE ANTHONY",Ferguson,7/23/2041,MURDER,10/9/2017,7/5/2016,25
8652812,2437232,"WASHINGTON,BRASHAUD DEION",Wainwright,4/1/2027,FELON POSS FIREARM,2/22/2023,7/1/2022,8
8654923,2313114,"VERA,CHARLES EDWARD",Jordan,2/19/2029,ROBBERY,3/16/2020,1/24/2019,10
8656520,1965662,"MEZA,JUAN MANUEL",Ferguson,10/7/2042,MURDER,11/10/2014,1/8/2012,30
8657187,1893954,"CRUZ,PRISILA",Hobby,8/7/2040,AGG ROBBERY,12/6/2012,8/8/2010,30
8658933,2605429,"CUVILLIER,CORBIN JAMES",Glossbrenner,10/2/2026,CONTINUOUS VIOLENCE AGAINST THE,,4/30/2023,3
8663298,2350766,"GALLEGOS,ALEX",Segovia,12/25/2026,DWI 3D/MORE,2/14/2019,11/24/2017,4
8664364,2595141,"AGUILAR,ARTURO MANUEL JR",Garza East,10/31/2027,FAIL COMP SEX OFF REG W/PREV,12/9/2025,10/23/2023,2
8671460,1785735,"BAILEY,JOSHUA JAMES",Torres,8/29/2040,AGG ASLT W/DW-SBI FAM/DATING,5/10/2012,8/30/2010,30
8671484,2200775,"WHITE,TAVON MALIK DASHAWN",Roach,2/23/2037,AGG SEX ASLT CHILD,5/22/2018,11/30/2016,20
8672376,2532167,"FLORES,SAMUEL",W. Scott,6/12/2026,HARASSMENT OF PUB SERV,11/20/2024,5/31/2023,2
8673451,1741026,"RAY,JOHN ROBERT",Hightower,9/1/2045,AGG SEX ASLT CHILD,9/2/2011,12/1/2005,35
8674427,2601703,"MARTINEZ,MICHAEL JESSE",Dominguez,6/26/2026,POSS CONT SUB 4-200G,1/23/2026,6/29/2025,2
8676187,2211219,"MONROY,MARC",Stevenson,12/14/2037,AGG SEXUAL ASLT CHILD,7/17/2018,10/13/2016,20
8676585,2125212,"MORALES,SALVADOR",Boyd,5/17/2046,AGG ROBBERY,3/27/2017,5/14/2016,30
8677011,2433287,"BRANDES,TAYLOR HENRY",LeBlanc,8/10/2027,ASLT FAM CHOKING/STRANG,1/24/2023,12/5/2021,5
8677868,2604016,"GONZALES,NATHAN ANTHONY",Segovia,2/1/2027,MAN/DEL CS PG1 4G-200G,2/9/2026,5/6/2015,5
8679321,2541206,"PETSCH,HENRY A",Garza East,2/13/2027,INJ CHILD/ELDERLY/DISABLE W/I BI,1/23/2025,11/1/2016,7
8679909,2572714,"OCKELS-TALBOTT,ANGUS",Torres,3/25/2054,MURDER,7/22/2025,12/14/2023,30
8679958,2540210,"QUINTANILLA,GEORGE MICHAEL",Clemens,7/7/2027,POSS CS PG1/1-B 200-400G,1/6/2025,9/20/2023,6
8680211,2576727,"RODRIGUEZ,JOHN JOSEPH",Willacy County,3/27/2028,CONT VIOL AGAINST FAM,8/19/2025,3/2/2024,4
8680922,2529369,"SPENCER,ERIC F",Lopez,9/22/2027,VIOL BOND/PROTEC ORDER 2 TIMES,10/21/2024,10/9/2022,10
8681176,2444566,"LOPEZ,DAMIEN ANDREW",Garza East,8/27/2034,AGG ASLT W/DW,1/27/2026,12/19/2019,10
8682425,1770019,"GONZALEZ,LUIS ALFONSO",Dalhart,9/16/2030,MURDER,2/15/2012,9/16/2010,20
8682613,2197093,"MARTINEZ,JOE MANUEL",McConnell,5/17/2027,ROBBERY,5/8/2018,5/17/2017,10
8682724,1828423,"KELLY,KENDRICK",Vance,5/7/2028,AGG ROBBERY,12/7/2012,12/3/2011,10
8682887,1965386,"PARTON,ROBERT",Clements,12/10/2032,SEX ASLT CHILD,10/27/2014,4/10/2011,20
8684806,2581269,"CASTILLO,GUADALUPE",Torres,8/5/2035,AGG ASLT W/DWPN,9/16/2025,4/12/2024,10
8685944,2430587,"MARTINEZ,JONATHAN JOSEPH",Allred,10/26/2036,AGG ROBBERY,1/18/2023,10/27/2021,15
8686379,2557591,"PATLAN,ELIJAH CHRISTOPHER VIIE",Wainwright,12/18/2027,POSS CS PG1/1-B 4G-200G,4/24/2025,12/18/2024,3
8686623,2565454,"SANDOVAL,STEPHANIE",Marlin,7/1/2026,ASLT PEACE OFFICER/JUDGE,6/23/2025,6/1/2018,3
8689510,2541331,"VERA,MICHAEL GEORGE",Garza East,9/15/2038,AGG ROBBERY,1/10/2025,9/16/2023,15
8689953,1932714,"BAEZ,LUIS ARNALDO",Clements,1/1/5555,CONTINUOUS SEX ABUSE-CHILD,5/23/2014,10/1/2007,LWOP
8690112,1924395,"FLORES,PAULINO",McConnell,7/15/2048,MURDER,4/7/2014,9/26/2010,35
8690231,2532683,"SMITH,CHRISTOPHER TREYVON KHAL",Garza West,3/2/2027,UNL POSS FIREARM FEL,9/30/2024,2/18/2023,5
8694464,2571616,"BELTRAN,MARK BLADE",Segovia,3/19/2028,INTOX ASLT W/VEH SBI,6/20/2025,5/3/2021,3
8694575,2569005,"HAMPTON,JONATHAN LEE",Lewis,8/17/2038,EVADING ARREST DET W/VEH,7/7/2025,4/21/2023,15
8694902,2567481,"SILVA,CARMEN",Marlin,8/3/2026,POSS CS 4-200G,7/11/2025,8/29/2022,5
8695011,2551396,"RODRIGUEZ,JORGE ANTONIO",Memorial,8/19/2031,INDEC CHILD SEX CONTACT,3/18/2025,2/2/2020,7
8695112,2281707,"HERNANDEZ,RICARDO",Ferguson,8/22/2056,MURDER,8/28/2019,8/20/2016,40
8696128,2561678,"GONZALES,DEZIREE GWENDOLYN",Young,8/15/2026,UNL POSS OF FIREARM BY FELON,10/3/2024,12/18/2022,2
8696234,2576726,"RIVAS,GERARDO",Garza East,4/30/2029,THEFT PROP 30K-150K,8/19/2025,4/27/2024,5
8696380,2482967,"NICHOLS,BENJAMIN RICHARD",Willacy County,4/1/2027,AGG ASSLT W/DWPN,10/20/2023,8/21/2022,5
8697382,2599544,"MONTES,JULIAN JAMES JR",Dominguez,7/6/2030,POSS CS PG1/1B 1-4G,1/8/2026,7/6/2025,5
8697930,2253790,"SNAGG,PATRICK",Hutchins,6/1/2026,AGG ROBBERY,3/7/2019,11/2/2017,8
8699075,2437219,"MARTINEZ,MARK ANTHONY",Connally,7/3/2034,POSS WID CS 4-200G,2/15/2023,7/3/2022,12
8700211,1764457,"BRIGGS,SANDRA COY",O'Daniel,1/16/2057,INTOX MANSLAUGHTER-PUBL SERV,1/20/2012,10/14/2010,45
8700282,2568138,"DRAWHORN,MATHEW WAYNE",Garza West,2/8/2032,AGG ASLT PUBLIC SERV,6/23/2025,1/24/2025,7
8700900,2585442,"MORRIS,ELIJAH DAVID",Lopez,6/28/2028,MAN DEL CS PG1 1-4G,4/3/2024,1/9/2024,8
8701069,2595153,"GARZA,JESSE III",Willacy County,12/1/2026,ROBBERY,12/16/2025,3/31/2025,2
8701655,2594064,"GALVAN,KRYSTAL ANGELA",Plane,6/12/2028,POSS CS PG1/1-B 4G-200G,12/16/2025,3/20/2025,7
8702904,2480174,"REED,TERRANCE DWAYNE",Wynne,9/20/2051,MURDER,12/4/2023,9/9/2021,30
8704841,2137877,"DELEON,GILBERT",Coffield,4/30/2031,AGG ASLT W/DDLY WPN,5/8/2017,4/14/2015,15
8705547,2366984,"YERRICK,CORY KERNEN",Coffield,6/1/2027,INDEC W/CHILD CONTACT,9/30/2021,4/25/2021,8
8706793,2541317,"JACQUEZ,JOAB ANTHONY",Powledge,2/1/2027,ROBBERY,11/6/2024,1/29/2013,4
8712785,2405608,"AGUILAR,ANGEL RUBEN",Wynne,6/8/2026,FELON POSS FIREARM,8/1/2022,7/29/2021,5
8712867,2202061,"FLORES,JOE ANGEL",Sayle,7/1/2026,AGG ASLT W/DW,5/24/2018,11/8/2014,8
8712871,2067210,"BERNAL,JOE DAVID",Michael,6/1/2026,AGG SEXUAL ASLT CHILD,5/12/2016,3/31/2014,12
8713033,2559126,"SHAMEE,AHMAD M",Dominguez,10/16/2028,ASLT PEACE OFFICER/JUDGE,5/6/2025,12/9/2023,4
8713072,2508743,"DIXON,KEVIN",Lewis,9/8/2033,AGG ASLT DW,6/6/2024,9/8/2023,10
8714372,2602840,"VIDAL,GEORGE RENE JR",Lopez,11/20/2026,UNL POSS FIREARM FELON,2/4/2026,7/1/2025,3
8715083,2229035,"LONGORIA,LINDA",Murray,11/12/2037,TRAFF OF PERSON L/18 PROST,10/29/2018,12/1/2015,20
8717273,2486337,"GARCIA,JOHN ALBERT",Dominguez,5/31/2026,ASLT FAMILY CHOKING/STRANG,1/24/2024,7/28/2022,4
8718482,1994356,"RAMIREZ,MARIO JESUS",Coffield,1/1/9999,MURDER,4/13/2015,11/11/2010,Life
8719443,2365434,"GOMEZ-GONZALES,JOSE LUIS FERNA",Stevenson,7/24/2033,MANSLAUGHTER,9/8/2021,7/21/2018,15
8720066,2507379,"ALVAREZ,REBECCA",Plane,2/1/2042,AGG ROBBERY,6/11/2024,2/2/2024,18
8722671,2524700,"MARTINEZ,VICTOR",Connally,2/26/2036,AGG ROBBERY,9/16/2024,1/25/2024,12
8724647,2462912,"MARTIN,DAVID ALLEN",Torres,2/9/2033,SEX ASLT CHILD,8/7/2023,12/10/2022,10
8728633,1820389,"RINCON,ADAM",Polunsky,10/9/2051,AGG ROBBERY,10/31/2012,7/13/2011,40
8729045,2568158,"TUBBS,JOHNNIE LEE",Gist,6/22/2026,UNL POSS FIREARM BY FELON,6/25/2025,2/18/2025,3
8732318,1782579,"FLORES MIRANDA,FERNANDO",Wynne,12/6/2050,AGG SEXUAL ASLT/CHILD,4/17/2012,12/6/2010,40
8735238,2362903,"CANTU,JAMES ANTHONY",Briscoe,3/2/2036,AGG SEX ASLT CHILD,9/10/2021,1/1/2009,15
8735752,2603737,"RODRIGUEZ,ENRIQUE",Dominguez,3/28/2027,THEFT PROP 2500-30K,2/9/2026,9/30/2025,1.5
8736165,2336590,"SOTELO,BAILEY MARC",Estelle,12/23/2029,AGG ROBBERY,2/1/2021,12/24/2019,10
8736971,2531692,"GEE,MESHI'YEL SHAHEED",Stringfellow,11/30/2029,ASLT PEACE OFFICER/JUDGE,11/1/2024,12/1/2023,6
8737695,2465434,"COUNTY,STEFNIE MARIE",Coleman Work Facility,6/20/2026,PROMO PROST PERSON U/1,9/11/2023,10/18/2020,8
8738601,2424565,"MARTINEZ,ANDRES",Torres,1/16/2043,MURDER,8/26/2022,2/3/2018,22
8741048,2608290,"VALDEZ,BRIAN ABEL",Lopez,4/5/2029,UNL POSS FIREARM FELON,3/11/2026,3/30/2025,7
8745218,2394290,"TALLEY,NATHANIEL",Willacy County,7/4/2029,AGG ROBBERY,5/11/2022,12/11/2019,8
8745385,2241224,"MONFETTE,KEVIN",Vance,1/11/2030,ASLT FAMILY CHOKING/STRANGU,1/7/2019,10/25/2017,12
8745692,2605010,"BENAVIDES,ISRAEL",W. Scott,5/18/2028,ASLT PUBLIC SERVANT,2/11/2026,1/25/2026,5
8746693,2391245,"HUGHES,CHRISTOPHER ROBERT",Stevenson,2/24/2027,FRAUD USE/POSS ID INFO 5-9 ITMS,4/25/2022,1/17/2022,5
8747565,2606276,"ENRIQUEZ,ADRIANNA",Plane,12/9/2026,UNL POSS FIREARM BY FEL,10/26/2023,2/3/2021,3
8748737,2492425,"MONTEMAYOR,WILFREDO",Clements,2/5/2091,AGG ASLT AGAINST PUB SERV,2/23/2024,2/3/2021,70
8749258,2288681,"MOORE,KEVIN WAYNE",Willacy County,8/2/2036,AGG ROBBERY,7/18/2019,7/11/2016,20
8749266,2189297,"PITTS,DEVION ALGENY",Clemens,10/24/2032,AGG ROBBERY,3/22/2018,7/11/2016,15
8749271,2400572,"FRIAS,JAVIELE",Ferguson,4/3/2037,MURDER,6/17/2022,4/3/2017,20
8749332,2429958,"RODRIGUEZ,JUSTIN AARON",Wallace,5/12/2055,MURDER,1/10/2023,5/12/2020,35
8749580,2601694,"DUMAS,ANDRE R",Torres,11/18/2028,EVADING ARR DET W/VEH,1/20/2026,7/3/2025,3
8750120,1943902,"VILLANUEVA,AYDAN BLIOUX",Smith,4/2/2032,AGG SEX ASLT CHILD,7/21/2014,9/17/2013,18
8750293,2443394,"HOPKINS,CALVIN PIERRE",McConnell,8/25/2046,TRAFF OF PERSON 18 PROST/FORC,4/6/2023,8/25/2021,25
8752647,2604148,"RIOS,ANTHONY DAVID",Estelle,9/26/2026,UNL POSS FIREARM BY FELON,,12/21/2023,6
8753107,2452910,"JIMENEZ,DOMINIC JORDAN",McConnell,6/1/2026,ROBBERY - REPEATER,6/7/2023,10/2/2021,5
8753147,2415615,"PRINCE,ZACHARY",Clemens,9/29/2032,INJURY TO CHILD SBI INT KNO,10/3/2022,6/25/2018,10
8753675,2543826,"ESTRADA,JOSHUA ESTANISLADO",Torres,9/30/2028,UNL CARRY WPN W/FEL CONV,1/31/2025,8/8/2024,10
8753697,2604150,"CAMPOS,ADAM VINCENT",Estelle,12/26/2026,AGG ROBBERY,,11/30/2017,10
8755426,2449582,"ESPINOZA,JESUS JAVIER",Wynne,12/27/2026,ASSLT FAM 2ND OFFENSE,5/16/2023,2/21/2018,4
8758043,2575814,"MEDINA,JOSHUA DANIEL",Segovia,5/7/2027,INJ CHILD/ELDERLY/DISABLE W/I BI,11/13/2019,5/15/2019,5
8758100,2552621,"BELTRAN,CHRISTOPHER DANIEL",Ferguson,2/16/2027,BURG OF HABIT,2/27/2025,12/5/2018,10
8760804,2348208,"FRAGOSA,JUAN VALENTINE",Stiles,9/13/2044,MURDER,5/12/2021,8/31/2019,25
8761030,2522440,"RIVAS,DYLAN JAMES",Allred,4/17/2031,AGG ASLT W/DEADLY WPN,8/29/2024,4/17/2020,11
8761476,2500186,"ALEMAN,HILLARY ROSE",O'Daniel,7/6/2026,ASLT OF PREGNANT PERSON,4/29/2024,7/7/2023,3
8762494,2603729,"FLORES,ANTHONY MICHAEL",Dominguez,7/10/2026,POSS CS PG1/1-B L/1G,2/17/2026,10/18/2025,0.5
8762884,2495262,"RUIZ,JOSE ANGEL",McConnell,1/1/9999,INJ TO CHILD SBI/INT/KNO,3/18/2024,2/7/2022,Life
8762964,2229450,"MORENO,WAYNE ANTHONY",Memorial,6/6/2026,ROBBERY,10/17/2018,6/13/2018,7
8768955,2462927,"VARGAS,CARLOS GABRIEL",Willacy County,4/25/2028,AGG ASLT AGAINST SECURITY OFF,8/15/2023,4/26/2022,6
8770008,2183147,"MORENO,JOSHUA GERARD",Beto,5/17/2036,AGG ROBBERY,2/12/2018,4/9/2016,20
8770312,2265783,"RUIZ,SILVERIO",Goree,6/3/2026,TRAFF OF PERSON L/18 PROSTITUTI,5/17/2019,4/15/2016,8
8770325,2597570,"GUNDRED,BLAKE ELLIOTT",Havins,9/27/2026,ROBBERY,12/15/2025,5/1/2025,3
8773433,2238659,"KIDD,RYAN STEPHEN",Michael,7/7/2026,SEX PERF BY A CHILD,11/20/2018,4/16/2016,8
8775378,2151659,"GREEN,DELTON LENARD",Lewis,8/17/2056,AGG ROBBERY,5/10/2017,4/5/2016,40
8775470,1882227,"RAMIREZ,ERICH KARL",Hughes,1/1/9999,MURDER,9/13/2013,6/27/2011,Life
8776328,2462902,"FLORES,JOSHUA ROLAND",Clements,6/1/2026,INDEC W/CHILD CONTACT,8/17/2023,3/1/2021,4
8781195,2132709,"LECKLER,RUDY HERRERA",Bradshaw,10/19/2036,AGG ASSLT W/DDLY WPN,5/2/2017,10/19/2016,20
8781840,2362908,"DELAFUENTE,RICHARD NEIVES",Garza West,8/20/2029,FELON POSS FIREARM,9/8/2021,7/31/2020,10
8782313,1851108,"CARMONA,ESAIN ORLANDO",Hughes,2/24/2040,AGG ROBBERY,3/19/2013,2/25/2012,25
8782884,2115692,"JIMENEZ,XAVIER ANTHONY",Wainwright,5/9/2031,AGG ASLT SBI,2/6/2017,8/21/2015,15
8785412,2556416,"JOSEPH,GAYLON JR",Byrd,9/6/2034,AGG ASLT W/DWPN,11/15/2024,11/26/2023,10
8787304,2030660,"HERNANDEZ,JESSIE",Clements,1/1/9999,AGG ASLT AGAINST PUB SERV,8/14/2015,9/19/2013,Life
8787596,2591904,"SOTO,DAVID",Dominguez,6/27/2031,ROBBERY,11/19/2025,6/27/2025,6
8788791,2390740,"CANTU,GILBERT",McConnell,8/14/2044,AGG SEX ASLT CHILD,2/15/2022,7/21/2018,25
8788842,1811801,"RIVERA,DENNIS",Hospital Galveston,7/22/2029,AGG ASLT DW SBI FAM/DATING,8/7/2012,3/6/2011,17
8790654,2574884,"TREVINO,DAVID LEE",Segovia,7/29/2027,VIOL BOND/PROT ORDER 2X W/12MO,8/1/2025,3/26/2025,2
8790931,2491344,"STRAIT,ALTRAMAINE",McConnell,9/21/2028,VIOL SEX OFF REG W/PREV CONV,2/14/2024,9/21/2023,5
8792172,2190628,"DAILEY,RYAN DAMIR",Robertson,7/20/2039,AGG ROBBERY,3/28/2018,7/20/2017,20
8792289,2456638,"MCCANN,TERRIAN ISAAC",Smith,2/23/2028,POSS CS PG1 4-200G,7/5/2023,2/23/2023,5
8792301,2547998,"ESPARZA,FRANK BRANDON JR",Segovia,8/8/2027,MAN/DEL CS PG1 4-200G,2/11/2025,8/24/2024,7
8792724,2494675,"GARZA,JUSTIN ADRIAN",Lopez,8/8/2027,FELON POSS FIREARM,3/8/2024,8/8/2023,4
8794329,2577976,"GONZALEZ,ROGER I",Garza East,8/25/2033,BURG HAB INT FELONY,8/21/2025,10/28/2021,9
8795278,2576044,"MORRIS,TUCKER WAYNE",Briscoe,1/28/2029,UNAUTH USE OF VEH,8/8/2025,12/22/2024,4
8796565,2468199,"CORTEZ,JACOB AARON",Clemens,11/2/2026,ASSAULT FAMILY 2ND OFFENSE,1/5/2024,3/21/2023,3
8796864,2229033,"CANO,ISABEL V",Halbert,11/4/2026,POSS CONT SUB PG1 4-400G,10/31/2018,3/16/2011,10
8796897,2601669,"SOTO,DANIEL MARCOS",Dominguez,4/11/2027,UNAUTH USE OF VEH,7/29/2024,12/14/2023,1.5
8798014,2592050,"FAZ,CARPIER J",Travis County,12/29/2026,UNL POSS FIREARM BY FEL,11/18/2025,8/8/2025,3
8798900,2407441,"CRUZ,LARRY",Garza West,3/5/2042,AGG ASLT AGAINST PUB SERV,8/12/2022,3/5/2022,20
8801553,2585444,"MURPHREE,DORIAN",Garza West,4/25/2027,TERR THRT IMP PUB SERV FEAR SBI,10/14/2025,6/5/2025,4
8806701,2563328,"MUNN,DANIEL",Wynne,1/17/2028,INJ CHILD/ELDER/DISABLE W/BI,5/27/2025,8/10/2024,8
8807258,2491325,"DOGGEMOELLER,BRIAN VICTOR",Dominguez,3/22/2028,EVADING ARREST DET W/VE,2/9/2024,9/8/2023,4
8808796,2164956,"MENDEZ,JUAN",Beto,8/25/2054,MURDER,10/25/2017,8/2/2016,38
8809317,1776898,"YATES,SETH ANDREW",Ferguson,4/4/2031,MURDER,3/19/2012,4/4/2011,20
8810139,1851378,"SANTOS,EVARISTO ANTONIO",Torres,2/25/2036,AGG SEX ASLT-CHILD,4/8/2013,5/1/2007,25
8810423,2554633,"PIPPIN,HEATHER",Plane,4/10/2028,INJ CHILD/ELD/DIS W/INT BI,4/17/2025,12/13/2024,8
8813722,1828435,"SMITH,RAFAEL",Ferguson,6/10/2034,MURDER,12/4/2012,4/28/2011,23
8813916,2555635,"GOMEZ,JESSICA MARIE",Hilltop,2/14/2027,POSS CS PG1/1-B 1-4G,4/30/2025,1/1/2025,5
8814028,1895696,"MUJICA,MARLO",Wainwright,10/28/2063,INDEC W/CHILD CONTACT,10/30/2013,5/8/2008,20
8814277,2414024,"CALDERON,PETRA",Hobby,1/13/2047,AGG ROBBERY,9/19/2022,12/27/2021,25
8814943,2454888,"BROWN,BASHAWN",Connally,5/2/2038,AGG SEXUAL ASLT CHILD,6/15/2023,1/1/2018,15
8815350,2597654,"GAYLE,SCOTT HENRY",Sayle,8/12/2026,DRIVING WHILE INTOXICATED 3RD OR,,5/2/2023,10
8815934,2296159,"CANALES,MATHEW BRYAN",Allred,9/10/2027,MANSLAUGHTER,10/15/2019,12/22/2018,13
8816368,2171843,"TREVINO,RAMIRO MARTINEZ",Stringfellow,7/20/2035,AGG SEX ASLT-CHILD,12/6/2017,7/18/2017,18
8816812,2609565,"ESPARZA-CASARES,RICK ENRIQUE",Ney,12/24/2028,BURG HABIT,3/19/2026,10/1/2025,7
8819580,2580788,"RAMIREZ,PRISCILLA ANN",Plane,12/12/2026,BURG HABIT,10/20/2023,6/19/2023,2
8820285,2532160,"BRADY,STEVEN BRIAN",Garza East,12/21/2026,ASLT PEACE OFFICER/JUDGE,11/18/2024,6/14/2024,4
8820292,2447756,"WALLACE,CEDRICK DESHAY",Torres,11/3/2056,MURDER,5/3/2023,4/9/2021,35
8822175,2058571,"RODRIGUEZ,GUSTAVO",Clemens,3/31/2049,MURDER,4/4/2016,11/1/2013,35
8822434,2490120,"GARZA,XAVIER ANTHONY",Kyle,11/18/2026,AGG ASLT W/DEADLY WPN,2/8/2024,4/5/2016,6
8824703,2514754,"MOZUCH,ANTHONY M",Willacy County,10/18/2033,AGG ASLT W/DWPN REPEATER,3/11/2024,4/1/2021,10
8825161,1799174,"MARTINEZ,TOMAS",Clements,4/28/2041,AGG SEX ASLT CHILD,7/9/2012,4/28/2011,30
8826631,2520452,"STRICKLAND,MARTRAIS LOUIS",Garza West,6/1/2026,EVADING ARRST DET W/VEH,2/22/2019,3/5/2018,5
8827562,2253789,"SMITH,SHAROY DONDRE",Gurney,6/23/2028,ATT TRAFF PERSN L/18 PROS,3/19/2019,6/10/2017,10
8827664,2500486,"BAYHI,JEREMY ALLYN",McConnell,12/21/2052,MURDER,4/15/2024,5/28/2022,30
8827795,2556415,"GREENWOOD,DARIUS",Stevenson,2/3/2060,BURG OF HABIT,4/16/2025,7/3/2023,35
8828001,2454915,"RAMOS,JULIAN ROCK ORTA",Connally,5/11/2028,AGG ASLT W/DWPN,6/16/2023,3/30/2023,5
8828157,2544969,"VELA,ELLIOT SCOTT",Clemens,7/1/2026,ROBBERY,2/4/2025,4/15/2023,3
8829345,2251191,"HOWARD,BYRON VERSHAWN",Clements,2/26/2033,AGG ROBBERY,3/1/2019,2/24/2018,15
8829430,2563310,"DELGADO,LUIS ANTONIO",Garza East,2/14/2029,UNL POSS FIREARM BY FELON,5/27/2025,3/1/2024,4
8831170,2401699,"SALAZAR,FELIX",McConnell,9/13/2031,AGG ROBBERY,6/17/2022,7/21/2021,10
8831435,2568994,"ALCARAZ,JEREMY",Garza East,4/7/2031,ROBBERY,7/7/2025,10/22/2024,6
8831606,2465919,"SOSA,JAMES KEVIN",Briscoe,3/20/2027,REPEATED VIOL CT ORD/BOND,8/28/2023,1/9/2023,4
8832121,2541210,"SALINAS,STEVEN",Garza East,3/19/2029,AGG ASLT W/DEADLY WPN,1/23/2025,8/21/2022,5
8832397,2110557,"HANNA,CHRISTOPHER LEE",McConnell,2/26/2057,MURDER,1/9/2017,8/26/2014,17.5
8833457,1901159,"ROSENBUSCH,TAYLOR RAE",Murray,1/25/2034,INTOX MANSLAUGHTER,10/18/2013,5/8/2011,12
8836726,2599545,"NORIEGA,JACOB MICHAEL",Segovia,7/4/2027,POSS CONT SUB 4-200G,1/14/2026,8/28/2025,4
8837677,2557596,"VALADEZ,ANDREW RAY",Ferguson,3/28/2037,AGG ASLT DW,4/17/2025,9/17/2023,13
8837735,2541322,"RODRIGUEZ,JOSE M",Dominguez,8/26/2026,UNL CARRY WEAPON W/FELONY CONV,1/16/2025,6/29/2024,5
8837916,2394482,"NOLASCO,GILBERT GABRIEL",Michael,6/1/2026,SEX ASLT CHILD,5/16/2022,6/20/2019,5
8838038,2519866,"JACKSON,DEVANTE JEROME",Lopez,6/26/2027,EVADE ARR DET VE,8/15/2024,12/7/2021,7
8838129,2615221,"TERRIQUEZ,JOSHUA EMMANUEL",Garza West,2/3/2028,POSS CS PG1/1-B 4-200G,4/13/2026,10/20/2025,2
8839110,1887716,"DELOSSANTOS-SALAIS,JUAN JAVI",Coffield,4/9/2030,INJURY CHILD SBI INTENT/KNO,9/25/2013,5/14/2011,18
8840234,2529364,"CIBRIAN,ROBERTO",Torres,3/2/2027,ROBBERY,7/2/2024,3/14/2024,5
8841516,2598563,"PEREZ,JEREMY WAYNE",East Texas Treatment Facility,11/19/2026,MAN DEL CS PG 1 >=4G<200G,,9/27/2023,8
8841766,2608867,"CORTEZ,BRIAN",Dominguez,11/2/2026,POSS CS PG1/1-B<1G,12/2/2025,9/1/2025,1
8844817,2577702,"DOQUE,ERNEST",Garza West,12/1/2026,ONLICE SOLICIT OF MINOR SEX COND,9/30/2022,8/12/2021,5
8844944,2560777,"JONES,REX NATHANIEL",Lopez,11/1/2026,THEFT PROP 30K-150K,5/12/2025,2/8/2024,4
8845165,2574182,"GONZALES,MIRANDA",Henley,7/26/2027,AGG ASLT W/DWPN,7/18/2025,9/22/2021,4
8845253,2608677,"ARGUMEDO,DESTINY",Young,12/1/2028,ROBBERY,4/7/2026,11/30/2024,3
8846621,2196017,"ESCOBAR,RICHARD",Stiles,9/13/2041,MANSLAUGHTER,4/17/2018,9/1/2016,25
8846862,2459776,"RIVERA,JORGE ALBERTO",Luther,4/10/2047,MURDER,7/20/2023,8/21/2016,25
8847262,2445310,"RIVERA,MARTIN LUIS",Torres,4/11/2030,AGG SEXUAL ASLT CHILD,4/17/2023,8/31/2020,7
8848886,2548536,"LONGORIA,MANUEL",Segovia,12/15/2026,OBSTRUCT RETALIATE,2/24/2025,7/14/2023,6
8849744,2584959,"GIBSON,AUSTIN ZACKERY",Lopez,10/3/2033,AGG ASLT W/DWPN,10/7/2025,6/20/2019,10
8850257,2480370,"WATSON,JONATHAN WAYNE",Garza West,9/28/2031,ASLT-FAM-CHOKING/STRANGU,12/8/2023,9/28/2023,8
8852128,2529372,"VILLARREAL,MATTHEW JAMES",Beto,6/14/2027,AGG ASLT W/DW,10/24/2024,6/14/2024,3
8853160,2453115,"GRANDITS,GREGORY SCOTT",Gist,11/12/2026,EVAD ARR DET VEH,6/8/2023,2/21/2023,9
8856036,2584960,"GONZALES,MATTHEW LEE",Dominguez,9/2/2027,BURG OF BLDG,10/8/2025,12/15/2024,5
8857742,2537259,"AGE,BYRON GERARD",Cotulla,4/29/2028,AGG ASLT DW,12/12/2024,4/28/2024,4
8858580,2585399,"BENTON,ALTA WAYNE",Dominguez,9/6/2028,ROBBERY,10/15/2024,2/23/2019,3
8858769,2242602,"VEGA,NATHANIEL",Ferguson,4/2/2028,AGG ROBBERY,1/22/2019,4/2/2018,10
8860545,1808824,"RAMIREZ-MORALES,MARCELINO",Lynaugh,6/22/2028,INDEC W-CHILD-CONTACT,8/14/2012,6/23/2011,17
8862042,2476070,"ALCOSER,ERIC",Garza East,3/6/2035,AGG ASLT SBI,11/14/2023,8/11/2020,12
8862655,2516979,"TAMAYO,JOSE LUIS",W. Scott,11/20/2026,AGG ASLT W/DEADLY WPN,7/25/2024,9/30/2019,6
8863339,2204837,"FARR,DAVID",Sanchez,9/1/2026,ROBBERY,12/12/2017,1/9/2017,10
8864377,2101377,"LEE,TOM CHESTER",Telford,10/3/2030,AGG ROBBERY,11/10/2016,6/26/2016,12
8864974,2541193,"HANKINS,MARVIN EUGENE",Dominguez,11/22/2027,ASLT PEACE OFFICER/JUDGE BI,1/29/2025,8/14/2022,4
8867365,2529250,"VALDEZ,MANUEL JR",Hamilton,11/4/2026,DWI 3RD/MORE,10/16/2024,9/29/2023,5
8867849,2466819,"HERNANDEZ,JUSTIN J",Garza East,7/21/2037,ROBBERY,9/8/2023,10/31/2021,15
8869148,2494738,"FERRIS,MIKING ERIC",Ney,12/20/2036,AGG ROBBERY,3/12/2024,11/1/2021,15
8869582,2422288,"REYES,HECTOR",Wynne,6/26/2034,INDEC W/CHILD,11/8/2022,1/1/2015,15
8869994,2151656,"GARCIA-MATUTE,JOSE R",Clements,11/11/2026,AGG ASLT AGAINST PUB SERVANT,8/7/2017,11/11/2016,10
8870137,1921733,"GONZALES,JACOB CORY",Wainwright,7/7/2031,MURDER,3/20/2014,7/7/2011,20
8870681,2583986,"VILLARREAL,JOSE GUADALUPE",Torres,3/25/2028,AGG ASLT CAUSES SBI,10/1/2025,5/26/2013,3
8871669,2191887,"JUAREZ,TELES MANDAN",Memorial,1/1/9999,MURDER,3/29/2018,11/25/2016,Life
8873653,2464834,"CAMACHO,VICTOR MANUEL",Briscoe,1/1/2027,ASLT FAM 2ND,8/24/2023,1/20/2023,4
8874616,2485263,"ESPINOZA,JOSHUA",McConnell,4/11/2029,ROBBERY,1/8/2024,4/12/2023,6
8874932,2574862,"LEAL,ANGEL JULIAN",Dominguez,10/3/2028,ROBBERY,8/7/2025,10/2/2024,4
8877174,2508742,"BURKS,VICTOR",Stringfellow,5/23/2035,ROBBERY,4/22/2024,3/17/2023,12
8877617,2565957,"MARTINEZ,JOHN MICHAEL",Bradshaw,1/25/2035,AGG ROBBERY,6/13/2025,1/25/2025,10
8878162,2362025,"LEBRON,ORKIS DANNY",Lychner,8/10/2027,ASLT FAMILY-CHOKING/STRANG,1/11/2021,9/19/2020,5
8879402,2615216,"LOOKINGBILL,BRANDON LEE",Garza West,1/19/2033,UNL POSS FIREARM FELON,4/15/2026,1/20/2025,8
8879976,2513790,"HUGHES,FRANK JAMES",McConnell,1/1/9999,INJURY TO CHILD SBI INTENT KNO,7/15/2024,8/13/2021,Life
8880511,1782589,"JANOSIK,JUSTIN C",McConnell,1/1/9999,MURDER,4/18/2012,7/24/2011,Life
8881781,2483713,"HARRISON,ADRIANA KIANA",Hobby,9/5/2028,AGG ASSLT W/DWPN,1/4/2024,9/6/2023,5
8883776,2543827,"GOMEZ,JESUS ANTONIO",Dominguez,8/14/2026,INJ CHILD/ELDER/DISABLE W/BI,2/5/2025,4/4/2024,5
8883995,2547040,"KRAUS,CODY LANE",Gist,6/1/2026,ATT COMMIT BURG OF HABIT,2/20/2025,9/17/2024,5
8884480,1780586,"RODRIGUEZ,SUSANNA",Murray,10/17/2031,AGG ROBBERY,4/12/2012,7/18/2011,20
8886891,2406441,"DUHART,DOMINIQUE JAMAR",Glossbrenner,11/19/2026,ASLT AGAINST PUBLIC SERV,8/3/2022,9/24/2021,8
8889970,2464828,"ALSTON,TERRANCE",Ney,1/16/2032,AGG SEXUAL ASLT CHILD,8/23/2023,9/12/2017,10
8890219,2604018,"HERNANDEZ,IGNACIO JR",Dominguez,2/1/2027,ASLT FAM/HSE MEM IMP BRTH/CIRC,2/12/2026,6/18/2021,3
8891157,2025298,"MARTIN,ALEXANDER IVAN",Lewis,10/20/2029,MANSLAUGHTER,9/28/2015,10/11/2014,15
8891458,2147915,"FAZ,RICHARD CLEM",Allred,5/29/2027,ROBBERY,7/21/2017,5/29/2017,10
8892160,1784391,"MORIN,ALEJANDRO",Lewis,6/27/2026,INDECENCY WITH A CHILD,5/7/2012,6/1/2011,15
8892804,2577695,"CARMONA,SHAWN",Cotulla,2/28/2027,TAMP W/ELECTR MONTR DEV INT SUPV,8/21/2025,12/14/2024,2
8893284,1851096,"AGUSTIN,SILVERIO HERNANDEZ",Stevenson,8/10/2051,MURDER,4/5/2013,8/10/2011,40
8893630,2570179,"LACY,ERIC CHRISTOPHER",Dominguez,5/26/2028,ASLT FAM/HSE MEM PREV CONV,7/8/2025,5/27/2025,3
8899275,2567476,"HILL,PRINCESS CHAKONNA",Plane,5/3/2034,AGG KIDNAPPING,7/3/2025,1/29/2021,10
8901335,2031961,"GUAJARDO,JUDAS ANTHONY",Wainwright,2/1/2030,AGG ASLT W/DWPN,10/26/2015,11/29/2014,15
8902822,2607259,"RODRIGUEZ,JOSEPH",Dominguez,9/1/2026,FAIL CMPLY SEX DTY REG W/PREV,2/11/2026,1/15/2025,3
8903725,2401673,"ALLMON,REGINALD EARL",Stevenson,8/27/2040,AGG SEXUAL ASLT-CHILD,7/6/2022,3/1/2016,20
8904092,2552624,"CANTU,LEO ANTONIO",Memorial,8/21/2029,ASLT PEACE OFFICE/JUDGE,3/20/2025,8/21/2024,5
8904149,2486339,"MORALES,MOSES",Garza West,11/18/2027,POSS CS PG1 1G-4G,1/23/2024,5/12/2023,4
8904343,2607996,"DOWELL,DERRICK RAHEEM",Segovia,8/9/2027,UNL POSS FIREARM FELON,3/3/2026,10/3/2025,4
8904734,2258615,"ORTIZ,ALEX MARTINEZ",Stevenson,4/26/2042,MURDER,4/16/2019,3/29/2017,25
8905238,2593420,"BRAY,JOHN MARK JR",Garza West,1/1/2027,UNL POSS FIREARM BY FELON,12/1/2025,9/16/2024,5
8906139,1836216,"GONZALEZ,VICSY",Marlin,9/2/2036,INJ TO CHILD-SBI-INT/KNO,1/11/2013,9/2/2011,25
8907461,2398664,"MITCHELL,CHARLES ANTHONY",Ramsey,11/19/2029,AGG ROBBERY,6/15/2022,1/8/2021,8
8907899,2071281,"ROLING,LEONARD",Bridgeport,7/20/2026,AGG SEXUAL ASLT CHILD,5/26/2016,7/1/2011,10
8908409,2593141,"DELEON,FABIAN MATTHEW",East Texas Treatment Facility,10/14/2026,VIOL BOND/PROTECTIVE ORDER 2+ PR,,12/26/2019,4
8910785,2231759,"ARISTA,ARMANDO MALACHAI",Wynne,6/25/2028,SEX ASLT CHILD,11/5/2018,4/13/2018,10
8911147,2559114,"KOUPMANN,JOEL HONESTO",Lopez,4/6/2029,ROBBERY,5/5/2025,7/8/2020,6
8911358,2545966,"VALENCIA,CARLOS EDUARDO",McConnell,11/23/2033,AGG ASLT AGAINST PUB SERV,1/22/2025,11/24/2023,10
8912757,1868806,"CRAWFORD,JULIO",Ferguson,9/14/2091,INJURY CHILD SBI-INTENT/KNO,7/11/2013,9/14/2011,80
8913422,2468061,"PAREE,GILBERT RAY",Garza East,4/24/2030,EVADING ARREST/DET W/VE,9/15/2023,5/20/2023,7
8913458,2545945,"BARRERA,DEDRION D",Glossbrenner,9/24/2026,EVADING ARREST DET W/VEH,2/19/2025,6/26/2023,6
8917187,2077886,"GABRIEL,COREY JULIAN",Memorial,1/1/9999,AGG SEXUAL ASLT,11/19/2015,10/17/2012,Life
8917500,2615207,"ESCOBEDO,BRANDON",Garza West,4/18/2028,UNL CARRY WPN W/FEL CONV,4/21/2026,12/26/2025,5
8922531,1851141,"KING,WAYNE RODNEY",Garza East,9/30/2051,AGG ROBBERY,4/12/2013,8/5/2011,40
8923615,2349063,"ESQUIVEL,MATTHEW LEE",McConnell,6/7/2038,AGG ROBBERY,5/19/2021,6/7/2020,18
8924607,2176658,"HERNANDEZ,JESSE ARTURO",Briscoe,8/28/2029,AGG SEXUAL ASLT/CHILD,1/4/2018,3/3/2011,12
8927086,2401694,"MENDOZA,DONTE ALLEN",Hightower,6/1/2026,INDEC CHILD EXPOSURE,7/7/2022,1/17/2022,6
8927970,2414468,"BILLINGSLEY,DAQUAN",Boyd,2/7/2047,AGG SEX ASLT,9/23/2022,2/2/2021,25
8929140,2157569,"GONZALES,FRANK",Torres,12/6/2034,AGG ROBBERY,9/19/2017,11/22/2015,19
8929272,2569021,"SOLANO,MICHAEL ANTHONY",Stiles,3/16/2027,EVAD ARRST/DETN W/VEH,7/3/2025,1/23/2025,5
8929818,2452389,"MARTINEZ,CARLOS JULIO",McConnell,2/26/2028,ROBBERY,5/24/2023,2/26/2023,5
8930065,2224205,"CHAPPELL,GARRY MITCHELL",Roach,7/2/2038,AGG SEX ASLT CHILD,9/20/2018,6/30/2018,20
8931173,2411516,"COX,WILLIAM NATHAN",Briscoe,8/28/2030,SEX ASLT CHILD,9/1/2022,11/5/2018,8
8931254,2595675,"ALI,TAAJWAR HAASHIM",Ney,3/16/2030,SEX ASLT CHILD,12/15/2025,12/23/2023,6
8932766,2574879,"ROJAS,DELFINO JR",Briscoe,9/1/2028,AGG ASLT W/DWPN,7/28/2025,1/19/2024,3.5
8933015,2168668,"MORENO,JONATHAN H",Allred,1/1/9999,MURDER,11/13/2017,7/3/2016,Life
8936708,2499673,"CERVANTES,MATTHEW JOSEPH",Stevenson,1/13/2027,EVADE ARREST DETN REPEAT,4/11/2024,11/16/2023,3
8937242,2265758,"GAMEZ,FRANK",Memorial,8/17/2046,AGG ROBBERY,5/8/2019,8/5/2016,30
8937582,2454574,"SULLIVAN,TANIREA",Plane,5/9/2028,ASLT FAMILY 2ND OFFENSE,6/16/2023,4/2/2023,5
8938450,2415602,"MANNING,THOMAS ANTHONY",Dominguez,6/1/2026,AGG ASLT W/DW,9/29/2022,9/19/2021,6
8941222,2568146,"PENA,FABIAN XAVIER",Robertson,1/5/2030,ASLT PEACE OFFICER/JUDGE,7/1/2025,1/5/2025,5
8941767,1923094,"SANTELISES,CESAR RAMON",Polunsky,1/12/2063,AGG ASLT WDW SBI-FAM/DATING,4/2/2014,1/12/2013,50
8943550,2415603,"MARTINEZ,CHRISTIAN JOSE",Connally,11/3/2027,AGG ROBBERY,9/20/2022,11/3/2021,6
8943862,2574650,"CRUZ,MIGUEL ANTONIO",Connally,8/22/2026,HARASS PUB SERV,8/27/2025,8/22/2024,2
8946112,2278462,"LOPEZ,ADAM ANTHONY",Memorial,11/22/2030,AGG ROBBERY,8/13/2019,8/29/2018,12
8946340,2548556,"VASQUEZ,JONATHAN",Hightower,8/24/2026,ASLT PREG PERSON,2/26/2025,3/7/2024,2
8947382,2444161,"RIOS,ERASMO",Lopez,10/23/2030,AGG ASLT W/DWPN,4/13/2023,10/19/2022,8
8947827,2598157,"MCALPINE,ASHLEY NICOLE",Henley,11/17/2026,POSS CS PG 1/1-B >=1G<4G,,12/3/2022,5
8948488,2524739,"RAMOS SANCHEZ,JOSE ENRIQUE",Huntsville,11/9/2027,ASLT FAM/HOU MEM PREV CONV,10/17/2024,11/9/2023,4
8948994,2445515,"FRIAS,NICHOLAS ALEXANDER",Garza East,4/8/2038,AGG SEX ASLT CHILD,4/19/2023,11/25/2015,15
8949026,2046712,"HAMPTON,HAKEEM STROUD",Robertson,10/31/2036,MURDER,1/25/2016,10/30/2014,22
8949585,1893483,"JOHNSON,ANTHONY",Clements,11/15/2051,MURDER,10/28/2013,11/15/2011,40
8949965,2602807,"AGUILAR,ROBERT ISAIAH",Dominguez,3/2/2027,ASLT FAM/HSEHOLD MEM PREV CONV,7/23/2024,3/27/2024,2
8950614,2531695,"HEREDIA,ISIDOR",McConnell,4/3/2039,AGG ROBBERY,11/4/2024,3/26/2024,15
8952462,2327078,"CASTRO,NOE AUGUSTINE",Michael,3/7/2029,AGG ROBBERY,10/1/2020,3/8/2019,10
8954932,2516113,"VILLARREAL,CHRISTOPHER",Garza West,3/2/2027,FELON POSS F/ARM,7/24/2024,1/5/2024,4
8956015,2451944,"PENA,MARK ANTHONY",Estelle,5/12/2048,AGG SEXUAL ASLT CHILD,5/18/2023,1/24/2021,25
8957863,2390751,"MEDINA,DAVID EDWARD",Stevenson,4/21/2037,MANSLAUGHTER,4/25/2022,10/1/2019,15
8958742,2544815,"SERRATO,JASPER ALLEN JASON",Connally,11/13/2026,POSS CS PG1/1B 1-4G,2/6/2025,1/28/2024,2
8958844,2133533,"TORRES,DANIEL JEREMY",Memorial,2/21/2081,MURDER,5/10/2017,12/20/2015,65
8960952,2475462,"GARCIA,JOSEPH A",Byrd,1/31/2028,UNL CARR WEAPON W/FELONY CON,10/31/2023,1/31/2023,5
8962278,2430594,"PEREZ,MIKE CHRISTOPHER",McConnell,8/24/2032,AGG ROBBERY,1/19/2023,8/25/2022,10
8962770,2439929,"RANGEL,ROBERT ZACHARY",Cotulla,5/15/2029,SEX ASLT CHILD,3/20/2023,8/2/2021,7
8963365,2118309,"JENKINS,DEONDRE J",C.T. Terrell,12/28/2040,CONTINUOUS TRAFF OF PERSONS,2/15/2017,2/15/2012,25
8964480,2459775,"RAMOS,JUAN M",Willacy County,2/28/2028,INDECENCY W/CHILD CONTACT,7/25/2023,5/1/2010,5
8964618,2192135,"JOYNER,STEVEN WAYNE",Garza West,3/10/2047,AGG ROBBERY,3/22/2018,2/19/2017,30
8964632,2093639,"JOYNER,JOSHUA ISAIAH",Hughes,1/1/9999,CAPITAL MURDER,10/3/2016,7/24/2015,Capital Life
8966070,2520454,"THOMAS,KENYON TERRELL",Garza West,4/16/2028,ASLT-FAM-CHOKING/STRANGU,8/15/2024,5/20/2023,4
8967162,2261999,"ACOSTA,KOREY BRANDON LEE",Ferguson,5/12/2034,TRAFF CHILD INT FORCED LABO,5/1/2019,5/8/2018,16
8968933,2473749,"ESQUIVEL,JESSE",Connally,10/8/2028,AGG ASLT W/DDLY WPN,10/16/2023,3/15/2021,5
8968950,2582769,"DYKES-VAZQUEZ,ANTHONY LEE",Stevenson,4/16/2027,CRUELTY NON-LVESTK ANIM:KILL/POI,9/24/2025,8/18/2024,2
8969253,2451721,"WEBB,DARRYON EUGENE",Dominguez,6/15/2027,FELON POSS FIREARM,5/19/2023,7/24/2022,10
8971141,2472650,"JONES,JASON M",Bartlett,4/9/2027,POSS WID CS PG1 200-400G,10/10/2023,9/29/2021,10
8971374,2263122,"JONES,PAUL STEVEN",Hughes,7/17/2027,INTOX MANSLAUGHTER,5/10/2019,9/13/2017,9
8972259,2551386,"AVILA,ALEJANDRO",Lopez,10/22/2030,ASLT FAM CHOKING/STRANG,3/19/2025,7/23/2023,6
8973181,2145339,"GRIFFIN,DANIEL GABBER",McConnell,4/14/2041,MURDER,7/11/2017,4/2/2016,25
8974870,2550183,"ORTIZ,JESUS GENARO",Robertson,7/5/2032,AGG ASLT CAUSES SERIOUS BI,3/7/2025,7/5/2024,8
8977863,2313070,"CAMPBELL,ANTHONY",Clements,3/13/2028,ATT SEX ASLT CHILD,3/6/2020,5/20/2019,10
8978591,2239820,"GAMBLE,RASHAWN",Bartlett,1/7/2030,ROBBERY,1/3/2019,12/29/2017,12
8978632,2612771,"CRUZ,RICKEY ALEXANDER II",Dominguez,7/10/2026,FRAUD USE/POSS ID INFO ITEMS L/5,4/9/2026,7/10/2025,0.7
8980583,2585436,"MARTINEZ,SERGIO JR",Stringfellow,9/23/2033,BURG HABIT,10/13/2025,4/29/2022,8
8980585,2157583,"MESA,JOSEPH",Garza East,9/3/2029,ROBBERY,2/20/2026,9/3/2025,4
8981181,1871433,"MASAKI,YU",Stiles,1/1/9999,MURDER,7/18/2013,1/9/2012,Life
8981589,2527611,"MORAN,MAK MASON",C.T. Terrell,7/27/2028,ASLT FAM/HSE MEM IMP BRTH/CIRC,9/26/2024,3/20/2023,10
8984748,2606281,"PAIZ,MELISSA RENEE",Plane,10/28/2029,FRAUD POSS/USE CC/DC 10-50,3/2/2026,4/19/2025,9
8986478,2597575,"LONGORIA,ANDREW JR",Ferguson,9/1/2026,POSS CS PG1 4-200G,12/17/2025,7/5/2022,2
8987070,2589543,"CARRILLO,SERGIO",Lopez,12/26/2026,BURG HABIT INT COMM ASLT,10/30/2025,3/9/2022,5
8988008,2560792,"TELLEZ,SERGIO",Dominguez,2/15/2031,ROBBERY,5/20/2025,2/15/2025,6
8988451,2569018,"RODRIGUEZ-MARTINEZ,HORACIO",Segovia,10/22/2027,UNL POS FIREARM BY FELON,7/7/2025,10/22/2024,3
8991296,2433289,"CREW,JENELIUS",Lopez,6/27/2040,AGG ASLT DW,2/7/2023,6/12/2020,20
8991901,2566883,"SHIELDS,MICAIAH STEVEN",Garza West,2/22/2028,POSS CS PG1/1-B 1G-4G,6/4/2025,7/19/2024,3
8992467,2499424,"PASCHALL,LABRON",McConnell,10/10/2027,ASLT FAM CHOK STRANG,4/10/2024,8/16/2023,4
8994575,2445306,"MALDONADO,GABRIEL JR",Stevenson,4/6/2029,UNL CARRY WPN W/FEL CON REPEATER,4/18/2023,2/6/2023,7
8995082,2609587,"TENNON,JAYQUAN",Garza West,4/22/2047,AGG SEXUAL ASLT CHILD,3/18/2026,8/15/2021,21
8996295,2502695,"IBARRA,ISAAC",Lychner,7/17/2026,ASLT PEACE OFFICER/JUDGE-B,5/8/2024,4/10/2024,3
8996434,1814741,"SELLERS,MASON",Beto,9/29/2030,AGG SEXUAL ASLT CHILD,10/8/2012,4/1/2010,15
8996601,2423284,"LOPEZ,JORGE ARMANDO",Briscoe,12/21/2039,MANSLAUGHTER,11/14/2022,12/21/2019,20
8997126,2446466,"CAMPOS,OSCAR",Gist,7/1/2026,BURG HABIT,4/19/2023,9/16/2022,9
8998202,2600801,"ARISMENDEZ,JESUS IGNACIO",Garza East,7/30/2029,CRIM MISCHIEF $2500-$30K,2/9/2026,11/20/2025,8
8998750,2495410,"STEVENS,QUANESHA PRESHETT",O'Daniel,10/13/2026,ROBBERY,3/26/2024,10/6/2023,3
8999010,2488179,"WHITE-WILLIAMS,LEONARD EARL",Memorial,6/23/2038,AGG ROBBERY REPEATER,1/29/2024,6/24/2023,15
8999529,2497054,"CERDA,MARK ANTHONY",Cotulla,5/11/2030,AGG ASLT DW,3/28/2024,11/8/2022,7
8999664,2565964,"WILKINS,CLINTON EARL JR",Garza East,7/11/2027,INTOX MANSLAUGHTER,6/11/2025,9/25/2022,5
9149649,2429837,"SCARBROUGH,ARTHUR EITOKU",C.T. Terrell,11/5/2032,AGG SEXUAL ASSAULT CHILD,1/9/2023,8/1/2012,10
9200538,2532660,"DELGADO,ALBERT JAMES",Briscoe,2/14/2059,AGG SEX ASLT CHILD,11/21/2024,3/1/2020,35
9223402,2582772,"GREJTAK,DAVID JOHN",McConnell,9/13/2053,MURDER,9/19/2025,9/12/2023,30
9704224,2350125,"LARSON,MICHAEL",Coffield,7/31/2049,AGG SEX ASLT-CHILD,5/27/2021,1/7/2010,30
9804442,2494158,"AMARO,DAVID",Garza East,10/31/2043,INDECENCY W/CHILD CONTACT,4/2/2024,12/21/2019,20
9846441,2414472,"DELEON,RICHARD",Bartlett,3/20/2032,AGG SEXUAL ASSLT CHILD,8/25/2022,8/4/2019,10
10045509,2495248,"GARCIA,SILVESTRE GREGORIO",Willacy County,4/17/2033,INDEC W/CHILD CONTACT,3/12/2024,6/27/2018,10
10221881,2419326,"RAMIREZ,ALEX JR",Connally,3/2/2027,FELON POSS FIREARM,10/18/2022,5/16/2022,6
10228859,2390742,"DYER,WILSON LELAND",LeBlanc,12/17/2026,INDEC CHILD EXPOSURE,4/11/2022,5/11/2020,5
10256178,2449280,"GONZALES,PRISCILLA JOYCE",O'Daniel,7/19/2034,AGG ASLT DWPN,5/11/2023,7/19/2022,12
10272966,2459766,"JOHNSON,EMOND JAVOR",Briscoe,10/4/2047,ARSON RESULTING IN DEATH,7/19/2023,5/18/2017,30
10339052,2356984,"ROBEAU,RICHARD MARK",C.T. Terrell,7/20/2041,MURDER,7/23/2021,8/14/2018,20
10361849,2571346,"TORRES,LUIS ENRIQUE ZUNIGA",Garza East,8/13/2026,ARSON INT DMGE HAB/PLAC WORSHIP,7/14/2025,9/19/2023,4
10424011,2598474,"ELSNER,DAVID LAWRENCE",Garza East,1/4/2044,AGG SEX ASLT CHILD,1/7/2026,10/1/2020,18
10520281,2443375,"AVALOS,DANIEL DAVID",Bartlett,2/18/2032,ONL SOLICIT MINOR - AROUSE,4/5/2023,9/12/2020,4.5
10528005,2304458,"MONTEZ,MIGUEL ANGEL",Ellis,11/17/2084,AGG SEXUAL ASLT,1/17/2020,4/1/2015,65
10574426,2237195,"MATTIS,IRWIN EUGENE",Powledge,9/15/2035,INTOXICATION MANSLAUGHTER,9/17/2018,10/5/2015,17
10582580,2445311,"SANCHEZ,JUAN",Garza East,2/2/2053,AGG SEX ASLT-CHILD,4/5/2023,3/1/2019,30
10586447,2526474,"VIDAL,ANDREW THOMAS",Garza West,8/26/2059,CONT SEX ABUSE CHILD,8/28/2024,8/1/2016,35
10601640,2552618,"ALANIS,CARLOS MANUEL JR",Garza East,2/10/2032,CRIM SOLICIT MINOR SEX CONTACT,3/19/2025,11/4/2021,7
10617494,2607236,"BOTELLO,LARRY",Byrd,1/1/9999,SEX ABUSE CHILD CONT,3/26/2026,9/8/2021,LWOP
10638903,2310326,"LOPEZ,LUIS",Duncan,2/26/2030,AGG SEX ASLT CHILD,2/28/2020,6/1/2017,10
10731768,2468629,"CROFUT,ASHLEY JEAN",Coleman Work Facility,1/1/2027,AGG ASLT AGAINST PUB SERV,10/3/2023,9/8/2023,5
10743999,2216377,"RIOS,MARK TRINIDAD",McConnell,2/13/2038,AGG ROBBERY,5/29/2018,2/12/2018,20
10846150,2447733,"CORONADO,JUAN ANTONIO",Stiles,8/1/2041,AGG SEXUAL ASLT CHILD,5/3/2023,1/1/2004,20
10938259,2234581,"TURNER,MATTHEW JOHN",Stiles,2/15/2043,SEX PERF BY A CHILD U/14,11/14/2018,4/1/2015,25
11126365,2264417,"HENDERSON,WILLIAM EDWARD",Jordan,1/4/2030,AGG SEXUAL ASLT CHILD,5/17/2019,3/1/2017,12
11188890,2481792,"LOPEZ,SYLVIA ANN",Young,1/28/2028,INTOXICATION MANSLAUGHTER,1/4/2024,5/11/2022,10
11191075,2520443,"MORALES,MICHAEL ANTHONY",W. Scott,2/11/2068,MURDER,8/21/2024,2/11/2020,48
11300916,2566980,"THOMLEY,CHRISTOPHER AARON",Powledge,5/12/2065,AGG SEXUAL ASLT CHILD,6/13/2025,11/5/2022,40
11384400,2274435,"ELDEEN,ALBIN THEDORE",Huntsville,8/22/2033,SEX ASLT CHILD,7/12/2019,5/6/2016,15
11463078,2430115,"RODRIGUEZ,JONATHAN",Cotulla,10/23/2037,INDEC CHILD CONT,1/12/2023,5/1/2016,15
11479142,2422279,"GUERRERO,BENJAMIN",Garza East,10/11/2032,SEXUAL ASSAULT-CHILD,11/4/2022,7/1/2017,10
11542879,2465041,"SANTANA,LUIS FALCON",Cotulla,8/4/2029,AGG SEX ASLT CHILD,8/29/2023,1/25/2022,6
11560923,2339874,"GAMEZ,KRISTIN ELISE",O'Daniel,4/7/2027,INTOX MANSLAUGHTER,3/11/2021,4/13/2016,15
11593440,2197107,"SCHWEGMANN,JAMES",Stringfellow,4/28/2033,INDECENCY W/CHILD CONTACT,4/30/2018,8/25/2009,15
11616354,2436084,"LOZANO,ELCO F",Garza East,2/19/2033,AGG SEXUAL ASSLT - CHILD,2/22/2023,1/1/2016,10
11625813,2585433,"LOUKAS,JEREMY",Segovia,9/1/2026,POSS OF CHILD PORN,10/16/2025,9/29/2021,2
11755180,2153187,"HERNANDEZ,ALEXANDER",Wallace,7/21/2042,AGG SEX ASLT CHILD,8/16/2017,1/12/2016,25
11800071,2519862,"DEL BOSQUE,JOSE GILBERTO",Ney,2/14/2032,AGG SEX ASLT CHLD,8/19/2024,3/5/2021,7.5
11881052,2582501,"GUERRERO,ERNEST JR",Cotulla,10/2/2032,ARSON INT DAMAGE HAB/WORSHIP,9/18/2025,10/2/2024,8
11966788,2411529,"GEHRMANN,MICHAEL RICHARD",Stevenson,8/29/2032,INDECENCY W/CHILD CONTACT,9/2/2022,9/18/2020,10
11985014,2524706,"PENA,ALEJANDRO RAMIRO",Garza East,10/18/2028,IMPROPER RELATIONSHIP W/STUDENT,9/20/2024,5/25/2023,10
12018503,2508364,"HENDRIX,DESTINY MICHELLE",Plane,6/24/2029,AGG ASLT DW,6/26/2024,2/15/2023,5
12028595,2464857,"TOVAR,JOSE ERNESTO",McConnell,1/31/2077,CONTINOUS SEX ABUSE CHILD,8/14/2023,2/1/2022,55
12170947,2510885,"CAREY,PATRICK GREGORY",C.T. Terrell,6/13/2038,AGG SEX ASLT CHILD,5/13/2024,2/19/2023,15
12252581,2451712,"RODRIGUEZ,RICARDO",Briscoe,4/26/2038,INTOX MANSLAUGHTER,5/25/2023,8/7/2021,15
12294530,2587451,"FLACK,JAMES T",Duncan,4/8/2038,AGG SEXUAL ASSLT CHILD,11/12/2025,9/14/2003,13
12304808,2458907,"FARIAS,JESSE",Stevenson,7/19/2029,INDECENCY W/CHILD CONTACT,7/22/2023,3/27/2020,6
12350589,2440135,"MARION,JOHN GERALD",Jester III,12/11/2040,AGG ASLT W/DWPN,3/10/2023,12/11/2020,20
12557228,2221699,"MARTY,MIGUEL ANGEL",Ferguson,9/18/2042,AGG SEX ASLT CHILD,9/11/2018,8/27/2017,25
12667515,2610540,"TORREZ,HORACIO JR",Garza West,11/16/2029,ARSON INT DAM HAB/PLACE WORSHIP,3/19/2026,11/2/2023,5
12675451,2338574,"GONZALES,JUSTIN A",McConnell,2/14/2041,AGG SEX ASLT CHILD,2/22/2021,2/28/2019,20
12689590,2501432,"VILLANUEVA,GRACIANO AGUON JR",Dominguez,3/22/2028,POSS CS PG1 1-4G,4/18/2024,10/10/2021,4
12721766,2416946,"RODRIGUEZ,JOSHUA RAY",Roach,10/2/2032,INDEC W/CHILD CONTACT,10/4/2022,6/1/2008,10
12755658,2580211,"ENGLAND,RYAN PATRICK",McConnell,4/22/2085,SEX ABUSE OF CHILD CONT U/14,6/12/2025,2/29/2020,60
12827245,2553751,"VALDERRAMA,MARGARITO",East Texas Treatment Facility,9/1/2026,DWI 3RD OR MORE,3/31/2025,10/21/2023,5
12831635,2592835,"LOPEZ,SUSANA HERNANDEZ",Coleman,3/17/2031,INTOX MANSLAUGHTER,9/5/2025,7/9/2022,12
12832643,2535874,"LOPEZ,XAVIER ANGEL",Briscoe,11/18/2028,SEXUAL ASLT,11/21/2024,4/24/2020,4
12838729,2565733,"GRIFFIN,JAMES JOSHUA",Garza West,2/25/2028,INJ CHD/ELD/DIS W/INT BOD INJ,6/11/2025,1/1/2018,5
12850986,2495824,"CAMPBELL,DAMION TERRELL BLUE",Memorial,5/6/2062,MURDER,3/18/2024,5/6/2020,42
12869583,2573794,"SALAS,RICARDO ANTHONY",Segovia,8/1/2026,ASLT FAM/HSE MEM IMPD BRTH/CIRC,2/9/2021,7/26/2020,3
12937393,2407643,"SPELLER,ANTHONY EUGENE",Bartlett,11/1/2026,POSS CHILD PORN,8/1/2022,7/15/2021,8
12953635,2539265,"LEON,PIOQUINTO",Segovia,6/9/2027,VIOL BOND/PROTECT ORD ASLT/STLK,10/10/2024,11/3/2023,3
13051233,2442058,"ZERTUCHE,SAUL CHRISTOPHER",Willacy County,10/1/2026,POSS W/INT PROMOTE CHILD PO,3/29/2023,9/2/2022,10
13054748,2506056,"ROBLES,OSWALD",W. Scott,8/18/2031,AGG ROBBERY,5/23/2024,2/17/2024,7.5
13078722,2584970,"MORREN,LYNN WAYNE",Ney,11/1/2037,POSS OF CHILD PORN >500 VISU,10/2/2025,2/15/2024,30
13084250,2345673,"LLAVE,CARLOS RAFAEL",Stevenson,2/9/2035,SEXUAL ASLT CHILD,4/21/2021,9/16/2019,15
13161144,2279567,"ESCALANTE,MAURO CHAVEZ",Bartlett,2/26/2034,INDEC W/CHILD CONTACT,8/20/2019,5/28/2016,15
13164883,2553745,"MACIEL,JOHN A",Garza East,3/21/2031,INDECENCY W/A CHILD EXPOSES,3/26/2025,2/29/2020,7
13247409,2507742,"DAVIS,CHRISTOPHER BRENT",Garza West,5/5/2067,CONT SEX ABUSE CHILD,5/30/2024,5/5/2022,45
13258373,2556148,"HAYS,JOHN THOMAS",Segovia,11/1/2026,VIOL BOND PROT ORD ASLT STALK,4/15/2025,2/22/2023,6
13258457,2517959,"KOPCHAK,JASON MICHAEL",Stevenson,1/12/2028,POSS F/ARM,8/9/2024,4/23/2024,9
13285679,2421902,"BRIONES,JESSICA",Hobby,1/1/9999,MURDER,11/1/2022,9/5/2017,Life
13351289,2430352,"TREVINO,ARMANDO ARROYOS",Ramsey,1/24/2038,ENGAGE ORG CRIM ACT,1/26/2023,5/25/2019,15
13353824,2355354,"SIMMONS,JUSTIN GARVIN",Memorial,11/19/2034,AGG ROBBERY,7/14/2021,11/20/2019,15
13405102,2584949,"CUEVAS,JUAN JOSE",Willacy County,6/7/2044,AGG SEXUAL ASLT CHILD,8/8/2025,11/28/2015,20
13416947,2544519,"WALLACE,JACLYN",Plane,11/2/2033,AGG ROBBERY,2/20/2025,12/26/2021,10
13443182,2257428,"MARTIN,LOUIS LAWRENCE",McConnell,9/11/2043,AGG SEX ASLT CHILD,4/5/2019,6/1/2015,25
13524970,2538793,"MARCUS,NICOLE DANIELLE",Marlin,6/1/2026,POSS CS PG1 4G-200G,12/30/2024,6/8/2019,8
13530329,2569710,"ACOSTA,DAZZERIE ANN",Plane,1/15/2027,POSS CS PG1 4-200G,5/11/2023,9/12/2022,5
13534111,2609341,"WILLIAMS,I KEEN LEMAR SR",Dominguez,3/23/2030,EVAD ARREST DET W/VEH,3/12/2026,9/28/2023,10
13561350,2451708,"MESA,YSIDRO SEBASTIAN",McConnell,6/19/2029,AGG ASLT SBI,4/5/2022,12/9/2021,7
13587265,2478877,"BILLINGSLEY,WILLIAM H",McConnell,10/24/2043,AGG SEX ASLT-CHLD,11/1/2023,2/18/2023,20
13606756,2502470,"REYES,DEREK",C.T. Terrell,3/11/2029,INTOX MANSLAUGHTER,4/25/2024,1/17/2022,12
13622572,2491317,"CHAMPOUX,MARC LOUIS",Coffield,9/29/2047,MURDER,2/15/2024,3/10/2022,25
13641086,2441150,"BRIONES,PABLO COSME",Torres,3/16/2038,AGG SEX ASLT CHILD,3/20/2023,8/1/2015,15
13707966,2438486,"VILLEGAS-SANCHEZ,CARLOS",Memorial,1/9/2043,AGG SEXUAL ASLT-CHILD,3/3/2023,7/15/2016,20
13714012,2203358,"GOMEZ,RODOLFO",Lynaugh,5/17/2028,AGG SEXUAL ASLT CHILD,6/4/2018,2/15/2016,10
13767996,2589103,"DIAZ,RAFAEL LUIS MALDONADO",Telford,10/23/2032,SEX ASLT CHILD,10/31/2025,1/1/2015,7
13769881,2221477,"ADAMS,ROMEO",Wynne,3/22/2038,AGG ASLT W/DDLY WPN,8/23/2018,5/28/2017,20
13913050,2278473,"RODRIGUEZ,EDDIE",Coffield,9/12/2073,AGG KIDNAPPING,8/8/2019,9/30/2017,55
13917046,2416940,"JERNIGAN,SHANE EUGENE",Willacy County,11/8/2041,AGG ASLT DW FAM/DATING,10/6/2022,11/8/2021,20
13979047,2447958,"COLLETT,ROBERT LEE",Memorial,5/6/2028,INTOX MANSLAUGHTER,5/8/2023,11/20/2020,5
13991952,2414029,"RODRIGUEZ,KRYSTAL MARGARET JES",Marlin,12/17/2049,MURDER,9/15/2022,12/17/2021,28
14002870,2568999,"EVONISHON,ALAN GEORGE",Stiles,5/20/2075,SEXUAL ASLT CHILD,6/30/2025,8/1/2017,50
14003574,2183166,"TAYLOR,TERRENCE R",McConnell,11/28/2032,AGG SEXUAL ASLT/CHILD,2/12/2018,11/19/2017,15
14012451,2295023,"ROBNETT,CHARLES",Polunsky,1/1/5555,CAPITAL MURDER,11/20/2019,10/16/2017,LWOP
14014084,2537033,"GOMEZ,DANIEL A",Holliday,2/17/2069,SEX ABUSE CHILD CONT VU14,12/11/2024,9/11/2017,45
14033602,2408570,"HERNANDEZ,ANDRES",Connally,3/26/2037,AGG KIDNAPPING,8/18/2022,5/25/2020,15
14052470,2262339,"JACKSON,TYANDRE DAJOHN",Lewis,9/18/2028,AGG ROBBERY,5/1/2019,1/26/2017,10
14066975,2238694,"TRINIDAD,JOSE",Lewis,2/22/2043,CONT SEX ABUSE CHILD,12/11/2018,9/4/2017,25
14084233,2249993,"HAMEED,HAMEED",Jordan,2/27/2032,AGG ROBBERY,2/27/2019,11/10/2016,15
14110483,2459792,"WRIGHT,EARNEST T",Allred,7/11/2028,AGG ASLT W/DEADLY WPN,7/20/2023,12/12/2020,5
14111239,2604253,"WELLS,JAYE ALEXANDER",Garza West,2/10/2031,SEX ASLT CHILD,2/13/2026,9/10/2023,5
14129334,2480173,"RAMIREZ,JEFFREY PORFIRIO",Lopez,12/5/2030,ASLT FAM CHOKING/STRANGU,12/7/2023,10/8/2023,7
14154093,2586945,"ELLISON,ERVIN EARL",McConnell,2/23/2029,OBSTRUCT RETALIATE,10/16/2025,12/22/2024,4
14165693,2582780,"RUIZ,ALFREDO",Memorial,9/16/2050,INJ CHLD/ELD/DIS W/INT SBI/MENTA,9/22/2025,9/16/2021,25
14195156,2270881,"MOORE,AMY MARIE",Coleman Work Facility,5/1/2027,FAIL STOP RENDER AID-DEATH,7/2/2019,6/12/2016,10
14260955,2278470,"PONCIANO,MARCUS CHAVEZ",Robertson,1/1/9999,AGG SEXUAL ASLT,8/23/2019,12/1/2015,Life
14279448,2212185,"MARTINEZ,MICHAEL TAYLOR",Ramsey,10/13/2027,SEXUAL ASLT CHILD,7/20/2018,9/29/2017,10
14338106,2464832,"BROWNING,ROBERT",Garza East,8/14/2031,AGG SEX ASLT CHILD,8/21/2023,2/1/2010,8
14347525,2438492,"VERHEY,MATTHEW RYAN",Middleton,8/2/2028,INDEC CHILD EXPOS,3/9/2023,1/1/2016,5
14349203,2506023,"CASTRO BENACOURT,CHRISTOPHER L",Bell,7/15/2028,BURG HABIT,4/17/2024,10/26/2021,15
14415670,2271956,"PENA,NYDIA ANGELICA",Coleman Work Facility,6/1/2026,INTOX ASLT,7/15/2019,5/30/2016,10
14416091,2401129,"DEBNAM,KEVIN",Lopez,7/15/2032,AGG ASLT DWPN,2/14/2022,4/27/2019,13
14435879,2600657,"PUENTE,COREY SAM III",Connally,10/6/2045,AGG SEX ASLT,1/22/2026,10/6/2025,20
14512465,2391791,"FLOWERS,ENEDERIA CHERELLE",Murray,8/21/2038,MURDER,4/25/2022,9/5/2018,18
14516277,2555055,"GLEITZ,ANDREW JOHN",Memorial,3/22/2031,INDECENCY W/CHILD SEX CONTACT,4/2/2025,7/19/2022,6
14523254,2495838,"MENCHACA,DAVID",Clemens,10/17/2047,AGG SEXUAL ASLT CHILD,3/21/2024,6/17/2015,25
14528504,2608008,"MEJIAS,JOHN ANTHONY",Dominguez,10/14/2028,FRAUD USE/POSS ID INFO IT 10-50,10/2/2025,6/9/2025,7
14587344,2567048,"LITTLETON,STEPHEN DOUGLAS",Garza East,6/16/2038,INDECENCY W/CHILD CONTACT,6/18/2025,11/1/2016,13
14605026,2448365,"GIBBENS,HAYLEY ANN",Hobby,3/28/2036,MURDER,5/10/2023,3/17/2021,15
16000961,2538094,"CROWE,JUSTIN BRENT",Cotulla,12/25/2033,SEXUAL ASSLT CHILD,12/18/2024,5/26/2023,10
16002142,2543832,"PORTER,EDUARDO III",Briscoe,1/31/2028,AGG ASLT DW,2/4/2025,12/31/2023,3
16002553,2600636,"CONTRERAS,ALONSO DAVID",Garza East,3/14/2028,POSS CS PG1 4-200G,7/13/2023,10/9/2022,4
16002581,2555056,"GUADALUPE,JOSE TARANONTE",Garza East,11/6/2026,POSS CS PG1/1-B 4-200G,4/7/2025,11/6/2024,2
16005799,2409437,"GARCIA,HILARIO",Stevenson,8/11/2028,SEXUAL ASLT CHILD,8/15/2022,7/15/2019,6
16009169,2565946,"CASTANON,JASON DANIEL",Briscoe,4/19/2028,UNL POSS F/ARM,5/31/2023,3/21/2022,5
16016768,2418865,"JACKSON,LAWRENCE RAY",Torres,9/11/2032,TRAFF OF PERSON <18 PROST,9/14/2022,11/20/2017,10
16019001,2463807,"YBARRA,WILLIE",Cotulla,3/7/2031,AGGRAVATED ROBBERY,8/16/2023,3/7/2023,8
16019111,2601350,"DELAROSA,DESTINY",Henley,12/10/2026,DRIVING WHILE INTOXICATED W/CHIL,,4/10/2025,5
16023658,2268397,"REYES,MICHAEL PAUL",Hightower,6/4/2034,MANSLAUGHTER,6/6/2019,1/28/2017,15
16025397,2445297,"GOMEZ,HECTOR V",Torres,4/13/2033,INDECENCY W/CHILD,4/18/2023,6/1/2019,10
16025548,2450052,"TORRES,ABELARDO",McConnell,9/29/2026,AGG ASLT W/DWPN,5/22/2023,9/19/2021,5
16027858,2588986,"VILLEGAS,SONNY MIGUEL",Dominguez,7/6/2026,INVASIVE VIS RECORDING,10/28/2025,5/3/2024,2
16029931,2532174,"KILGORE,MICHAEL LEE JR",Garza East,4/1/2027,UNL POSS FIREARM BY FELON,11/19/2024,5/22/2024,7
16032227,2131647,"RAMOS,HECTOR SOTERRO",Pack,2/4/2036,INDECENCY W/CHILD CONTACT,4/20/2017,12/31/2010,20
16038465,2462903,"GARCIA,ZACHERY DOMINIC",Cotulla,8/15/2030,AGG ASSLT W/DWPN,8/9/2023,2/27/2022,8
16043443,2573109,"CRUZ,VERONICA G",Marlin,7/8/2026,POSS CS PG1 1-4G,8/8/2025,7/9/2020,4
16048008,2548164,"GONZALEZ,ALEXANDER JACOB",Lopez,4/1/2027,UNL POSS FIREARM,1/14/2025,7/23/2024,4
16049256,2579968,"RUBIO,JOE MICHAEL",Ney,3/18/2055,MURDER,9/10/2025,7/26/2019,30
16049492,2125196,"HIBBLER,DEVONE",Estelle,11/24/2032,AGG ASLT DW,3/27/2017,10/25/2016,16
16058898,2503684,"TREVINO,AARON MATTHEW",McConnell,7/27/2072,MURDER,5/7/2024,5/29/2022,50
16060545,2577720,"TYREE,MICHAEL DAVID",Segovia,11/1/2026,FAIL CMPLY SEX OFNSE REG LIF/ANN,8/21/2025,1/25/2021,4
16061601,2155440,"GUTIERREZ,MARC JOSEPH",Stiles,2/17/2030,INJURY TO CHILD-SBI/INT,9/1/2017,2/18/2016,14
16063751,2584968,"MITCHELL,JOSHUA IVORY",Lopez,2/1/2027,ASLT INT/RCK BRTH/CIRC FAM PREV,10/6/2025,5/5/2025,3
16064260,2179330,"SORRENTINO,ANTHONY BRANDON",Memorial,5/8/2029,AGG ROBBERY,1/30/2018,6/21/2016,12
16066443,2436336,"COLLINS,TABIAS DONTA",Memorial,9/24/2030,AGG ASLT W/DWPN,2/15/2023,9/22/2022,8
16067773,2494884,"NAVARRO,JUSTIN JOHN",Dominguez,7/8/2033,AGG ROBBERY,3/12/2024,7/9/2023,10
16071382,2215880,"RICHIE,GABRIELA CAROLINA",Murray,5/14/2036,AGG ROBBERY,8/23/2018,5/15/2018,18
16072871,2390756,"PAGE,JACOB PATRICK",Polunsky,5/18/2031,AGG ROBBERY,4/13/2022,4/23/2019,10
16075843,2397199,"HUFF,COREY MICHAEL",Torres,6/1/2026,SEX ASLT CHILD,6/3/2022,2/15/2016,5
16081029,2389469,"ESQUIVEL,THOMAS REY",Hamilton,7/14/2026,AGG ASLT DWPN,9/22/2021,11/2/2019,5
16086218,2572354,"ALCARAZ,JOSHUA JOHN",Gist,6/11/2026,POSS CS PG1/1-B 1-4G,7/17/2025,5/6/2024,4
16088896,2313090,"HAWES,RICHARD VONZELL",Jordan,6/23/2034,BURG HABIT-INTENT COMMIT ASLT,3/11/2020,5/20/2019,15
16088946,2536721,"GARCIA,MISTY LYNN",Murray,3/12/2034,AGG ROBBERY,12/18/2024,2/14/2024,10
16096725,2227094,"LIRA,JUAN PABLO RODRIGUEZ",Stevenson,3/6/2041,INJURY TO CHILD SBI,10/3/2018,3/3/2016,25
16097459,2363038,"TREJO,DENNIS JR",Ferguson,10/27/2032,AGG ROBBERY,12/2/2020,10/13/2019,13
16102412,2379387,"PEARSON,JESSIE JERMAINE",Briscoe,7/13/2066,AGG SEX ASLT CHILD,1/6/2022,2/1/2016,45
16103940,2242585,"OCHOA,MICHAEL ANTHONY",Briscoe,6/25/2027,BURG HABIT,1/10/2019,2/17/2017,10
16106125,2599099,"CALDERON,AMANDA LEE",Plane,10/31/2027,ROBBERY,1/13/2026,11/26/2021,4
16107791,2574849,"CORTEZ,THOMAS PETER JR",Segovia,2/11/2027,DEADLY CONDUCT DISCH FIREARM,8/7/2025,8/25/2019,4
16107800,2145363,"REQUENES-IBARRA,IGNACIO GUADAL",Wallace,4/20/2032,AGG SEX ASLT-CHILD,7/13/2017,9/3/2015,15
16108150,2482091,"MILLER,JAMES ALEXANDER",Briscoe,2/20/2043,AGG ROBBERY,12/15/2023,12/17/2020,22
16115280,2436343,"LEVASSEUR,JONATHAN M",Sayle,8/20/2026,AGG ROBBERY,2/22/2023,8/30/2022,6
16115854,2418347,"WOOTAN,LANE",McConnell,12/9/2042,MURDER,10/18/2022,12/8/2020,22
16117644,2575810,"KAWAZOE,JAKOB",Connally,3/28/2044,MURDER,7/24/2025,12/14/2023,20
16118818,2581279,"GAINES,CATAVIOUS LATRE",Briscoe,12/19/2029,POSS CS PG1/1-B 4-200G,9/12/2025,6/4/2023,5
16121526,2572708,"GUILLORY,AARON NATHANIEL",Willacy County,12/2/2027,ROBBERY,7/22/2025,12/2/2024,3
16121566,2439891,"DELGADO,NICHOLAS BRAIN",Cotulla,9/28/2026,ROBBERY,3/15/2023,10/9/2022,3
16129681,2604251,"ROEL,ALAN XAVIER",Segovia,5/7/2027,UNL POSS FIREARM BY FELON,2/13/2026,1/12/2025,3
16133604,2447751,"SKAGGS,DOUGLAS",Telford,8/4/2081,MURDER,5/8/2023,3/17/2021,60
16134912,2194530,"HERNANDEZ,SONNY",Torres,3/26/2036,MURDER,4/10/2018,3/25/2016,20
16137227,2468962,"FANNING,MARKEES",Glossbrenner,11/3/2026,AGG ASLT W/DWPN,9/5/2023,12/18/2019,10
16137251,2184306,"BARRERA,SERGIO T",Cotulla,11/15/2029,MANSLAUGHTER,2/22/2018,3/28/2016,12
16144752,2369849,"VEGA,AUSTIN",Wynne,9/2/2031,AGG SEX ASLT-CHILD,10/19/2021,3/28/2016,13
16149730,2564343,"GUTIERREZ,ANDRES JESUS",Briscoe,6/27/2036,AGG ASLT DW,5/28/2025,12/4/2023,12
16150693,2130369,"HERNANDEZ,TIMOTHY ALLISTER",Clemens,4/3/2051,SUPER AGG SEX ASSLT CHILD,3/20/2017,3/9/2016,35
16153225,2416757,"WALLACE,LANCE",Torres,3/31/2030,SEXUAL ASLT CHILD,9/28/2022,4/4/2016,8
16153472,2446480,"HARRSION,CHRISTOPHER",Lopez,1/10/2031,FELON POSS FIREARM,4/19/2023,1/18/2021,8
16154162,2573798,"SHIDAD,DAUD ALI",Segovia,4/6/2029,AGG ASLT W/DWPN,7/29/2025,4/6/2025,4
16161051,2188025,"BONILLA-AMAYA,JAIRO ALFREDO",Beto,4/8/2029,SOL CAPITAL MURDER REMUNERATION,3/9/2018,4/8/2016,13
16161189,2186424,"MEJIA-URIAS,CLAUDIA LISSETH",Coleman Work Facility,4/8/2029,SOL CAPITAL MURDER REMUNERATION,3/9/2018,4/8/2016,13
16161622,2330061,"ACOSTA-FLORES,MANUEL XAVIER",Ferguson,3/12/2035,AGG ROBBERY,11/10/2020,3/12/2020,15
16163320,2304705,"SMITH,JORDAN TODD",Allred,5/7/2027,AGG ROBBERY,1/22/2020,5/7/2019,8
16174496,2126471,"GARCIA,JOSE ALEJANDRO",Roach,4/17/2033,AGG SEXUAL ASLT CHILD,4/3/2017,4/16/2016,17
16177438,2365459,"TORRES,JONAS",Jordan,4/9/2029,AGG ROBBERY,9/14/2021,7/24/2020,8
16178858,2465904,"MENDOZA MENDOZA,JOSEPH ISAAC",Hughes,8/30/2028,BURG HABIT FORCE,9/1/2023,7/22/2023,7
16182569,2574048,"ROBERTS,ANTHONY DONNELL",Garza East,5/10/2029,AGG ASLT W/DWPN,6/18/2025,5/10/2024,5
16194894,2445313,"VYVJALA,DYLAN JULIUS",Torres,5/20/2036,AGG ROBBERY,4/20/2023,5/21/2022,14
16196924,2585435,"MARTINEZ,ISAIAH ALEXANDER",Garza West,7/19/2029,AGG ROBBERY,10/14/2025,5/22/2024,5
16197770,2159848,"PHILLIPS,PORUCHA DENISE",Hilltop,4/29/2066,INJURY TO CHILD-SBI INT/KNOW,10/13/2017,4/28/2016,50
16197963,2256956,"PARRISH,ARIEL RAE-JEAN",Murray,9/5/2038,AGG ROBBERY,4/5/2019,8/29/2018,20
16199928,2450058,"WALKER,DEANTHONY JAYSHAWN",Estelle,4/1/2027,INJ CHILD INT BI,5/23/2023,11/17/2022,6
16200975,2468062,"PEREZ,DAMION BRYC",Byrd,10/24/2026,POSS W/I DEL CS PG1 4-200G,9/11/2023,1/17/2022,15
16201835,2456838,"HODGE,JOHN DANIEL",Willacy County,2/27/2041,AGG SEX ASLT CHILD,7/5/2023,12/28/2010,18
16202132,2609328,"LOPEZ-ESPARZA,BRAYAN ARMANDO",Briscoe,11/18/2054,MURDER,3/11/2026,11/17/2024,30
16207292,2297916,"RANA,ARJUNKUMAR DIPAK",Ferguson,9/4/2042,MURDER,12/10/2019,3/24/2016,25
16208540,2586544,"ORTEGON,MARISSA LISSETTE",Plane,10/1/2026,INJ CHILD/ELD/DIS W/INT BI,10/21/2025,5/9/2023,3
16210220,2565959,"MYERS,TRACY EVERETT",Hospital Galveston,6/1/2026,EVADING ARREST,6/13/2025,2/18/2025,3
16216095,2518752,"DE LA ROSA,JONATHAN RENE",Garza East,2/11/2034,AGG ASLT W/DDLY WPN,8/14/2024,2/12/2024,10
16216131,2604010,"CROMB,CALEB ALEXANDER",Gist,4/10/2028,AGG ASLT W/DWPN,2/10/2026,9/16/2022,3
16219603,2164959,"MORAN,DIONICIO",McConnell,9/24/2026,AGG SEXUAL ASLT-CHILD,10/26/2017,9/24/2016,10
16222193,2342244,"DELAROSA,BLEU ANAIS",Hobby,4/6/2032,AGG ROBBERY,4/5/2021,10/17/2019,12
16226420,2394026,"RAMON,ROBERT M",Dominguez,8/13/2031,AGG ASLT SBI,5/2/2022,8/22/2019,10
16226634,2465890,"ELIZONDO,ANDREW RAY",Willacy County,5/9/2046,MURDER,8/31/2023,5/9/2021,25
16231065,2147912,"DONNELLY,JAMES THOMAS",Jester III,5/17/2036,MANSLAUGHTER,7/20/2017,5/17/2016,20
16234768,2548526,"DURAN,CARLOS",Dominguez,9/2/2030,ASLT FAM/HSE MEM IMP BRTH/CIRC,2/24/2025,9/2/2024,6
16238241,2580229,"PRYOR,MALIK",McConnell,4/25/2122,MURDER,8/8/2025,5/14/2022,99
16241271,2331998,"AYALA,SAMUEL BRYCE",Coffield,2/8/2045,MURDER,12/1/2020,2/9/2018,27
16249396,2452392,"MIRELES,ARMANDO ANGEL",Smith,11/1/2046,MURDER,6/2/2023,9/18/2021,25
16258824,2509008,"TIAH,EXODUS",Connally,8/1/2026,KIDNAPPING,6/11/2024,3/7/2021,7
16263100,2152864,"LEDEZMA,MATTHEW",Torres,3/3/2044,BURG HABIT-INT COMM FEL,6/19/2017,6/6/2016,27
16267688,2219736,"GUERRERO,SANDY",Hilltop,5/23/2039,MURDER,9/10/2018,5/15/2016,22
16273687,2390746,"GARZA,JESSE MARTINEZ",Briscoe,5/8/2027,ASLT FAMILY 2ND,4/11/2022,5/14/2020,4
16274513,2522436,"PROVOW,JERICHO JAMES",Segovia,1/12/2027,CONT VIOL AGNST FAM,7/11/2024,7/13/2020,4
16274947,2567478,"PESINA,JESSICA ROSE",Plane,9/2/2028,ROBBERY,7/2/2025,5/16/2024,4
16277315,2492620,"ADAMS,AMRON JISAIAH",Hughes,5/19/2027,ASSAULT FAMILY 2ND OFFENSE,3/5/2024,1/8/2021,5
16283112,2483936,"GIL,PEDRO",Garza West,11/18/2027,CONT VIOL AGAINST FA,11/6/2023,3/9/2022,4.5
16283248,2478882,"CANNADY,DEZMYND JERMAINE",Ferguson,2/4/2038,AGG SEXUAL ASSAULT CHILD,11/17/2023,3/1/2018,16
16286312,2401141,"WARREN,ZACHERY A",Allred,6/26/2034,INDEC W/CHILD CONTACT,6/30/2022,6/3/2017,12
16286521,2193249,"SOLIS,DAVID MARTINEZ",Goree,6/20/2044,MURDER,4/13/2018,6/19/2016,28
16287825,2462916,"PALOMA,JOSEPH",Garza East,5/15/2031,SXL ASSLT - CHILD,8/8/2023,1/31/2022,8
16289003,2449580,"DIAZ GARGAN,RONAN CHRISTOPHER",Connally,4/9/2029,EVADING ARREST/DET W/VEH,5/16/2023,9/24/2021,6
16289584,2444149,"GONZALEZ,ISAIAH DAVID",Memorial,6/7/2032,AGG ASLT DW SBI FAM DATE,4/11/2023,5/11/2019,12
16291367,2121189,"HOLDER,BARTON LOWELL",Havins,10/7/2026,INJURY TO CHILD SBI,3/7/2017,6/21/2016,13
16291498,2558775,"NAZZARO,DAVID CHRISTOPHER",C.T. Terrell,7/16/2034,POSS W/INT TO PROMOTE CHILD PORN,4/23/2025,1/11/2023,25
16297442,2476641,"PEREZ,JOSHUA ELIJAH",McConnell,4/2/2031,INDEC CHILD CONT,10/31/2023,11/22/2019,8
16299225,2447484,"GOMEZ,JOEY",Memorial,8/19/2044,AGG ASLT AGNST PUB SERV,5/1/2023,8/20/2021,23
16307583,2154542,"OSORIO,ANTONIO",Wallace,6/30/2031,INJURY TO CHILD,8/22/2017,6/29/2016,15
16307675,2610121,"ALEXANDER,DAKOTA RAE ANN",Plane,1/14/2028,POSS CS PG1/1-B 1-4G,3/11/2026,8/17/2025,4
16308876,2561532,"TREVINO,RAUL III",McConnell,1/1/9999,CAPITAL MURDER-MULTI PERS,5/12/2025,10/29/2023,Capital Life
16309095,2394469,"ALDANA,SETH NATHANIEL",Robertson,12/19/2029,INTOX MANSLAUGHTER,5/9/2022,10/21/2019,8
16309175,2366949,"CORDOVA,ADAM ALEXANDER",Hughes,1/10/2028,AGG ROBBERY,9/28/2021,9/24/2020,7
16312814,2518745,"ALVAREZ,CHRISTOPHER",Hightower,6/1/2026,INDECENCY W/CHILD CONTACT,8/12/2024,2/13/2020,4
16324977,2340186,"MARTINEZ,EUGENE LEE ROY APRECI",Memorial,6/6/2026,AGG ASLT W/DWPN,3/3/2021,4/17/2020,6
16326527,2522292,"GARZA,MICHAEL",Hightower,11/2/2026,SEXUAL ASLT,9/11/2024,6/27/2016,5
16327453,2497740,"WEATHERLY,KADESHA ROSA MARIA",Plane,2/8/2028,INTOXICATION ASLT,4/10/2024,11/30/2019,4
16330148,2574872,"PAYNE,CHRISTOPHER",Briscoe,5/6/2035,AGG ASLT AGAINST PUB SERVANT,8/8/2025,5/6/2022,13
16330315,2584966,"MARTINEZ,ADRIAN ELIJAH",Dominguez,3/19/2035,AGG ROBBERY,10/6/2025,2/18/2025,10
16333646,2404115,"AMBRIZ,SAUL ALEXANDER",Ferguson,5/13/2027,ROBBERY,7/21/2022,5/13/2022,5
16333659,2393121,"HODGE,DAMAURIUS",Stiles,3/3/2033,AGG ROBBERY,4/20/2022,1/5/2021,12
16341796,2402156,"TAYLOR,DONOVAN CHRISTOPHER",Briscoe,6/14/2028,AGG ASLT DWPN,6/30/2022,4/6/2020,6
16343583,2458719,"RIVERA,JULIO CAESER",McConnell,11/2/2066,AGG ROBBERY,7/14/2023,10/19/2021,45
16344343,2121154,"BROOKS-CUMMINGS,JARELL CARDELL",Allred,7/24/2035,AGG ROBBERY,3/6/2017,5/27/2016,19
16350334,2545967,"VALCHKOUFSKI,NIKOLAS MILAD",Ney,8/23/2028,MAN/DEL CS PG1 4G-200G,2/13/2025,12/7/2024,9
16355452,2522567,"BLOUNT,KENDALL",Wynne,5/22/2030,MANSLAUGHTER,9/17/2024,12/2/2020,20
16358399,2468044,"JONES,DERECK",Dominguez,6/1/2026,ASLT FAM 2ND OFFENSE,9/11/2023,12/17/2022,8
16364711,2272502,"SUMMERS-GARCIA,LALO JOSE",Hodge,12/27/2026,INJURY TO CHILD SBI OMISSION,6/28/2019,1/6/2016,10
16369120,2592842,"WINNIE,NATASHA ANNE",Murray,10/15/2027,MAN DEL CS PG1 4-200G,12/1/2025,4/17/2025,5
16370724,2512884,"VIERA-AYALLA,ALEJANDRO",Garza East,1/30/2027,BURG HABIT-FORCE,7/3/2024,2/23/2024,7
16372878,2394484,"RANGEL,DANIEL ALEXANDER",Polunsky,10/19/2028,AGG ROBBERY,5/17/2022,2/27/2020,8
16376655,2542090,"PARSONS,PAMELA",Plane,1/1/2027,UNL POSS FIREARM BY FELON,2/10/2025,10/28/2023,4
16378401,2446475,"ESPINAR,SEBASTIAN",Garza East,7/20/2040,MURDER,4/19/2023,8/12/2019,20
16405867,2501016,"LELEUX,CRYSTAL",Crain,3/5/2034,AGG ROBBERY,5/6/2024,8/22/2022,10
16409951,2298825,"HERNANDEZ,SID",Allred,4/15/2033,MURDER,12/19/2019,12/15/2017,15
16413023,2486540,"MCGARY,NOAH",Coffield,4/12/2056,MURDER,10/18/2023,3/5/2021,35
16416480,2470123,"ZAMORA,JOEL XAVIER",Hightower,7/11/2026,INDECENCY W/CHILD CONTACT,2/8/2017,6/6/2016,3
16428236,2434061,"VEGA,ETHAN ANTHONY",Willacy County,8/20/2032,AGG ASLT W/DWPN,2/8/2023,3/27/2022,10
16433761,2377372,"MARTINEZ,SHANE GAGE",Ferguson,3/17/2028,CONTINUOUS VIOL AGAINST FA,11/8/2021,5/21/2020,7
16435668,2602858,"DOTSON,MATTHEW",Estelle,9/19/2026,AGG KIDNAPPING W/ DEADLY WEAPON,,6/30/2020,10
16438732,2502468,"PIERCE,THOMAS PAYNE",Lopez,1/1/2027,BURG HABIT FORCE,4/29/2024,7/23/2020,12
16442654,2580210,"DELGADO,JOSE DAVID III",Garza West,12/23/2032,AGG ASLT W/DDLY WPN,9/5/2025,12/23/2024,8
16443593,2354533,"GARCIA,JOSHUA",Torres,9/1/2053,MURDER,6/30/2021,9/2/2018,35
16444032,2588251,"EDGINGTON,ZACKERY P",Lopez,2/1/2027,BURGLARY OF HABIT,8/26/2022,7/23/2021,4
16445057,2480183,"VARA,JEREMIAH AUSTIN",W. Scott,5/31/2026,ROBBERY,12/11/2023,6/15/2017,4
16445943,2228201,"BALLEZA,MARTIN",Clements,8/24/2125,CONTINUOUS SEX ABUSE CHILD,10/5/2018,2/1/2015,99
16445945,2233109,"CAVAZOS,ERIC",Connally,9/8/2042,MURDER,11/9/2018,8/7/2016,26
16447106,2362014,"GARCIA,ISAIAH VELASCO",McConnell,7/1/2050,AGG ROBBERY,8/19/2021,7/1/2020,30
16453222,2555050,"ESPARZA,JOSE",Segovia,11/9/2026,POSS CS PG1/1-B 1-4G,4/3/2025,11/9/2024,2
16455153,2599536,"JUAREZ,ADRIAN RENE",Glossbrenner,11/19/2026,ASLT FM/HSE MEM PREV CONV,1/9/2026,8/1/2024,3
16460188,2235490,"BELL,JALEN",Ferguson,6/16/2049,AGG ROBBERY,10/26/2020,4/23/2017,30
16460189,2559115,"MCINTYRE,TAYMOR",Connally,8/8/2099,MURDER,4/15/2025,4/23/2017,80
16461546,2548024,"VALDEZ,ROLAND FLORES III",McConnell,8/2/2027,BURG HABIT,2/21/2025,11/28/2023,3
16462601,2601884,"CRUZ,MICHAEL JR",Segovia,7/16/2027,UNL POSS FIREARM BY FELON,2/3/2026,9/9/2025,4
16466131,2595156,"JOHNSON,ISAH RESHARD",Garza East,4/12/2029,AGG ASLT W/DWPN,12/5/2025,7/21/2023,4
16466319,2504379,"HERNANDEZ,MELBA JEAN",Young,7/6/2026,ASLT FAM 2ND OFF,6/7/2023,12/17/2022,3
16468588,2419762,"ARTEAGA,LUIS",Dominguez,3/5/2031,AGG ASLT DW,10/31/2022,2/6/2020,10
16478439,2488595,"CARRINGTON,NATALIE",Hobby,1/1/2038,AGG ROBBERY,12/27/2023,7/14/2020,15
16480080,2522437,"RAMIREZ,DANIEL HERNANDEZ",Clemens,3/5/2027,POSS CS PG 1/1-B 1G-4G,9/9/2024,3/5/2024,3
16485043,2544965,"SANCHEZ,CORY ANTHONY",Garza East,5/23/2032,AGG ASLT DW,2/7/2025,5/23/2024,8
16489575,2595161,"MORGANFLASH,TREVOR MICHAEL",Lopez,11/11/2028,FORG GOVT/NATION INST/MONEY/SEC,12/11/2025,9/2/2025,3
16491951,2280657,"CARBAJAL,JOSE",Havins,7/10/2026,AGG ROBBERY,8/16/2019,3/10/2019,9
16493213,2476642,"PORCHIA,JOURDAN ZAYJOUN",Estelle,11/4/2028,ROBBERY,9/12/2023,11/5/2022,6
16494530,2604776,"FORD,ANGIE M",Plane,6/5/2026,POSS CS PG1 1-4G,2/18/2026,5/21/2020,2
16496474,2570172,"GARCIA,JESSE GONZALES JR",Briscoe,4/27/2031,ROBBERY,11/20/2019,7/21/2018,6
16496577,2250005,"MARINO,JASON MICHAEL",Wynne,9/3/2048,MURDER,2/22/2019,10/10/2016,30
16499484,2482080,"CARTER,JABRIEL MUHAMMED",LeBlanc,5/11/2031,AGG ASLT DW,12/20/2023,5/11/2023,8
16508605,2584944,"ALEMAN,JOHNNY STEVE",Willacy County,9/6/2027,POSS CS PG1/1-B 1-4G,10/3/2025,8/1/2023,2
16508709,2595678,"BORREGO,NATHEN CHRISTOPHER",Segovia,4/23/2027,UNL POSS FIREARM FELON,12/15/2025,7/1/2024,2
16510260,2260492,"ROJAS,BETTY",Crain,3/1/2034,AGG ROBBERY,4/17/2019,3/27/2017,15
16511015,2606278,"HAWKINS,DEZIREE ANN",Plane,1/19/2044,AGG ROBBERY,3/3/2026,11/1/2021,20
16511140,2242550,"ARNOLD,JAI LYNN JAMAAL",Polunsky,10/18/2061,MURDER,12/27/2018,10/9/2016,45
16511914,2259142,"BRIGHTMAN,GABRIELLE NICOLE",Hobby,7/30/2032,AGG ROBBERY,4/17/2019,10/9/2016,14
16515762,2165572,"JONES,ERIKA NICOLE",Crain,10/20/2056,INJURY TO CHILD SBI-OMISSION,11/15/2017,8/12/2016,40
16516992,2468071,"SALES,DYLAN MICHAEL",Willacy County,11/22/2046,MURDER,9/11/2023,11/22/2021,25
16517206,2267361,"BOYD,IMARI NAZEEH",Clements,1/23/2028,AGG ROBBERY,5/3/2019,1/23/2018,10
16519116,2581322,"TATUM,AARON DONELLE",Wynne,9/9/2040,AGG ASLT W/DWPN,9/12/2025,10/18/2023,15
16524467,2588261,"JACKSON,BRANDON LYLE",Jester III,2/1/2027,EVADING ARREST DETN W/PREV CONV,6/23/2023,11/9/2022,6
16528635,2394842,"GODINEZ,SALVADOR GARCIA",Torres,1/3/2049,MURDER,5/18/2022,12/5/2018,30
16529320,2597561,"ACEVEDO,HECTOR GENE",Willacy County,11/2/2027,POSS CS PG1/1B 4-200G,1/7/2026,7/6/2024,4
16529886,2600662,"STEWART,MARK",Garza West,11/30/2032,EVADING ARREST DET W/VEH,1/16/2026,6/6/2025,8
16534319,2573788,"MURO,JACOB DANIEL",Garza West,2/29/2028,ONLINE SOLICIT OF MINOR SEX CONT,8/1/2025,1/4/2024,4
16535299,2307904,"FERNANDEZ,PAUL ANTHONY",Robertson,8/2/2026,SEX ASLT CHILD,1/31/2020,1/31/2018,7
16537761,2563327,"MIRELES,JOSEPH CARLOS",Lopez,12/15/2027,BURG OF HABIT,5/28/2025,12/15/2024,3
16540855,2437772,"HERNANDEZ,MICHAEL ISAIAH",Ferguson,11/21/2032,MANSLAUGHTER,2/28/2023,11/21/2020,12
16542231,2513787,"GEORGE,MICHAEL W",Segovia,3/28/2027,INJURY CHLD W/INT BODILY INJ,4/11/2023,1/29/2018,10
16543906,2328847,"SCHEXNAYDER,CLOVIS JOSEPH",C.T. Terrell,2/13/2044,AGG SEXUAL ASLT,11/5/2020,9/25/2016,25
16544993,2408333,"ROJAS,FERNANDO",Connally,9/2/2071,MURDER,8/16/2022,8/3/2021,50
16545625,2531980,"NOWAK,JAMES DAVID II",Lopez,4/17/2030,ASLT FAM/HOUSE IMP BRE/CIR,11/15/2024,4/17/2024,6
16547809,2492628,"GONZALEZ,EMIR ALEJANDRO",Dominguez,10/7/2026,AGG ASLT W/DW,11/6/2023,7/6/2021,4
16554149,2596675,"DUENAS,DAVID SOLOMON",Segovia,9/20/2027,AGG ASLT W/DWPN,1/22/2024,9/11/2022,2
16573510,2145327,"CORTEZ,FEDERICO ALATONE",Hughes,11/23/2031,AGG ROBBERY,7/6/2017,11/23/2016,15
16573631,2532672,"ORTIZ,CHRISTIAN GAGE",Lopez,10/26/2026,AGG ASLT AGNST PUB SERV,10/18/2024,1/17/2024,6
16575526,2176651,"GARZA,BOBBY LEE",McConnell,5/31/2037,MANSLAUGHTER,1/3/2018,11/21/2016,20
16578904,2592841,"SANCHEZ,AMALIA ELIZABETH",Hilltop,8/21/2026,EVAD ARR/DET W/VEH,5/22/2024,3/24/2022,2
16580215,2452902,"FERRILL,DAVID A LEDBETTER",Briscoe,11/30/2031,AGG ASSLT W/DWPN,6/2/2023,4/30/2022,9
16580342,2605029,"PEREZ,JESSE JOE",Garza East,2/11/2034,INDEC W/CHILD,2/11/2026,9/10/2020,8
16585797,2468964,"GOMEZ,JOSE EDWARD",Garza East,1/23/2030,MANSLAUGHTER,9/21/2023,12/3/2016,7
16587950,2259720,"ANGUIANO,JEZREEL JESUS MALTOS",Hughes,2/26/2031,AGG ROBBERY,4/17/2019,11/14/2017,12
16588557,2323704,"FLORES,ALBERTO VILLEGAS",Hamilton,6/8/2026,MANSLAUGHTER,7/28/2020,3/14/2017,8
16597845,2614173,"PEREZ,STEPHEN",Garza West,8/30/2027,BURG HABIT,4/9/2024,1/21/2024,4
16601699,2602758,"ROCHA,MARGARITO NULL",Dominguez,10/10/2027,ASLT FAM/HSE MEM PREV CONV,12/18/2025,10/10/2025,2
16602180,2615005,"JAMES,ROBERT NORVEL LEE JR",Dominguez,7/11/2026,UUV,4/16/2026,4/9/2025,1
16602684,2583592,"MASSENGALE,DMONTREY",Briscoe,2/21/2031,MANSLAUGHTER,9/22/2025,8/8/2023,15
16605812,2495833,"KUHN,XANDER",Clemens,11/4/2026,VIOL SEX OFF REG W/PREV CONV,3/11/2024,5/12/2022,3
16606700,2427573,"RANGEL,CAVAN EVAN",Torres,6/4/2032,AGG ROBBERY,12/20/2022,4/24/2022,10
16613694,2427575,"VARELA,ELVIS",Briscoe,4/28/2030,INDEC W/CHILD CONTACT,11/22/2024,7/31/2015,7.5
16614922,2476074,"DAVIS,LEON EUGENE",Hamilton,7/24/2026,ASLT PUB SERV BI,11/15/2023,6/28/2023,8
16619075,2409630,"AGUILAR,JUSTIN DAVID",Robertson,1/28/2030,AGG ASLT DW,8/18/2022,1/28/2021,9
16622595,2505827,"BAUTISTA,JOSE",Wynne,8/30/2026,BURG HABIT-FORCE,5/13/2024,8/17/2023,3
16623898,2588276,"ORTIZ,DARIAN",Torres,8/15/2034,AGG ROBBERY,10/24/2025,7/31/2024,10
16626806,2230470,"CARDENAS,ISAAC ANDREW",Robertson,1/1/5555,SUPER AGG SEX ASLT CHILD,10/26/2018,12/31/2016,LWOP
16627097,2595145,"CARDOZA,ROGELIO JR",Segovia,4/14/2027,UNL POSS FIREARM BY FEL,12/10/2025,7/28/2025,3
16627157,2502680,"CUNNINGHAM,DOMINIQUE DETJUAN",Montford,10/22/2027,AGG ASLT W/DWPN,5/8/2024,11/27/2019,6
16627393,2494249,"DELAROSA,DARIANNE",O'Daniel,2/21/2031,ROBBERY,3/21/2024,2/18/2023,8
16631240,2507121,"COLEMAN,JERMAINE ISAIAH",Stiles,10/11/2029,AGG ROBBERY,5/29/2024,10/5/2023,6
16631479,2497061,"HOBDY,TRENTON JEVAUGHN",Wynne,9/12/2027,ROBBERY,4/3/2024,9/12/2023,4
16633645,2438453,"CHAVEZ,RICARDO D",Briscoe,9/13/2040,AGG SEX ASLT CHILD,3/3/2023,1/1/2012,18
16635201,2563334,"SALAS,JESUS LEONARDO",Hamilton,8/11/2026,EVAD ARR DET VEH,5/23/2025,9/3/2021,3
16636266,2605054,"MARTINEZ,JONATHAN JAY",Dominguez,7/26/2026,POSS CS PG1/1-B<1G,2/19/2026,4/22/2025,1
16643091,2595146,"CARMONA,FERNANDO",Briscoe,6/8/2039,AGG ROBBERY,12/9/2025,4/1/2021,14
16646077,2570169,"CORDERO,LUIS FRANCISCO",Stevenson,2/19/2033,AGG ROBBERY,7/11/2025,1/26/2025,8
16647612,2362067,"SWANIGAN,AYREON DARQUEZ",McConnell,3/1/2027,AGG ROBBERY,8/17/2021,9/5/2020,7
16648018,2407636,"MARTINEZ,ARTHUR HERNANDEZ",Estes,11/8/2032,MANSLAUGHTER,8/4/2022,11/19/2019,12
16649912,2586012,"SOTO,RICHARD JR",Dominguez,7/10/2026,POCS PG1/1-B<1G,10/21/2025,5/1/2025,1.5
16649986,2606159,"GONZALEZ,JUAN GABRIEL RODRIGUE",Segovia,5/4/2028,COLLISION INV SBI,2/20/2026,1/14/2017,6
16651745,2614655,"TIJERINA,CASANDRA ALEXIS G",Plane,2/1/2027,POSS CONT SUB 1-4G,7/9/2025,5/21/2024,3
16655869,2463808,"ZAMORANO,KRISTOPFER SAKAI",Garza West,8/28/2026,AGG ASLT W/DDLY WPN,8/15/2023,2/25/2023,5
16660447,2595401,"FLORES,BRIEANA JADE",Marlin,11/1/2026,POSS CS PG1/1-B 4-200G,12/18/2025,7/12/2024,4
16661654,2516943,"CHILDS,DAKOTA WAYNE",Stiles,3/3/2039,AGG ROBBERY,8/1/2024,3/3/2024,15
16666898,2525266,"SCHNIEDER,ABILENE",Crain,10/4/2030,ATTACK BY DOG RESULT DEATH,9/20/2024,2/24/2023,15
16668428,2457902,"LINARES,DANIEL JULIAN",Skyview,7/7/2026,ATT AGG ROBBERY,11/15/2021,11/16/2020,6
16669731,2209885,"MORALES,JOSEPH XAVIER",Bell,1/24/2032,AGG ROBBERY,7/13/2018,1/23/2017,15
16679845,2590125,"VALLES,CRISPIN M",Lopez,11/1/2026,ASLT FAM/HSE MEM IMP BRTH/CIR,11/12/2025,5/11/2025,2
16684574,2565746,"POTTS,KHAMANI COCHISE",Dominguez,7/3/2034,AGG ROBBERY,6/9/2025,4/6/2024,10
16688787,2585195,"METZ,EDWARD MARTIN III",Dominguez,7/25/2027,POSS CS PG1 1-4G,10/15/2025,9/24/2023,2
16691717,2464846,"GONZALEZ,BRYAN",McConnell,10/23/2050,MURDER,8/18/2023,12/6/2021,28
16703974,2116859,"CASTILLO,DANIEL",Estelle,5/30/2050,CONTINUOUS SEX ABUSE CHILD,2/7/2017,2/14/2015,35
16710323,2424566,"MARTINEZ,JUAN",Garza East,4/5/2045,MURDER,8/26/2022,2/3/2018,24
16715672,2598473,"DOMINGUEZ,JUAN ANTONIO IV",Garza East,3/2/2027,AGG ROBBERY,1/6/2026,5/20/2021,5
16715711,2203182,"MCCORD,JAMIE LYNN",Hobby,6/8/2052,MURDER,6/7/2018,2/20/2017,35
16720248,2604774,"DELGADO,MIRANDA VICTORIA MINER",Plane,7/12/2031,AGG ROBBERY,2/20/2026,6/28/2024,6
16721497,2214939,"FOSTER,MALCOM GREGORY",Hightower,12/23/2026,SEXUAL ASSAULT CHILD,8/1/2018,10/20/2016,10
16727051,2468974,"RIOS,BENJAMIN",McConnell,12/3/2029,MURDER,11/20/2020,11/18/2019,10
16727451,2379780,"CARRAMAN,EDISON",Clemens,12/31/2054,MURDER,1/10/2022,3/27/2020,33
16732171,2300014,"GARCIA,ERNESTO ESQUIVEL",Wainwright,1/1/9999,MURDER,10/11/2019,6/18/2018,Life
16734953,2214946,"HALL,JASON",Stevenson,1/11/2048,AGG SEXUAL ASSAULT CHILD,8/9/2018,3/1/2014,30
16738326,2387497,"CARDENAS,ADRIAN OCTAVIO",McConnell,10/5/2060,ATT CAPITAL MURDER POLICE OFF,3/21/2022,10/5/2020,40
16739034,2543517,"SANCHEZ,LEO JOSEPH",Briscoe,6/27/2034,AGG ROBBERY,1/22/2025,6/26/2024,10
16740354,2476094,"MARTINEZ,DANIEL",Connally,11/5/2035,AGG ASLT-SBI,11/6/2023,4/23/2022,12
16744003,2531684,"EATON,JORDAN ALEXANDER",Briscoe,10/22/2044,MURDER,10/29/2024,12/30/2021,20
16744494,2529245,"SALAME,RYAN JR",Havins,9/25/2026,AGG ASLT W/DWPN,10/17/2024,4/4/2023,4
16744508,2556162,"SPEAKER,ZAVION LEMAR",Garza West,10/18/2028,INJ CHILD/ELD/DISA WI BI,4/8/2025,6/19/2024,10
16749186,2311546,"MOORE,MARQUAVIOUS",Dominguez,10/1/2026,AGG ASLT AG SECURITY OFFICER,2/27/2020,1/4/2019,8
16749583,2405633,"MONTEZ-DEOCA,CHASON",McConnell,4/5/2031,POSS CONT SUBSTANCE PG1 4-200G,7/27/2022,5/1/2020,9
16750314,2530288,"NAVARRO,GEORGE ANDREW",McConnell,12/7/2033,INTOXICATION MANSLAUGHTER,10/28/2024,12/8/2023,10
16751099,2567925,"DUCKWORTH,TERRANCE MICHAEL",Lopez,1/12/2028,UNL CARRY WPN FEL CONV,6/20/2025,8/19/2023,8
16753949,2522593,"SAUCEDA,MATTHEW CONNER",McConnell,5/25/2027,DDLY CONDUCT DISCH FIREARM,9/18/2024,11/13/2022,5
16757343,2485006,"MARTINEZ,PHILLIP",Ney,11/24/2044,INJ TO CHILD-INT/SBI-OMISSION,1/8/2024,11/25/2022,22
16759618,2231760,"ARMAS,ELVIN",Robertson,3/16/2042,MURDER,11/2/2018,3/16/2017,25
16761543,2601699,"HERNANDEZ,ADRIAN ISSAC",Briscoe,6/26/2037,AGG ROBBERY,1/27/2026,6/25/2025,12
16763159,2570410,"PHILLIPS,DONNELL CYRUS",Briscoe,6/28/2034,AGG ROBBERY,6/10/2025,8/5/2023,10
16763854,2419769,"GALLEGO SOTO,JORGE",Garza West,10/26/2026,SEXUAL ASSAULT,10/27/2022,10/15/2020,4
16766624,2537263,"RICHARDSON,DEVON DEANDRE",Johnston,10/1/2026,AGG ROBBERY,12/16/2024,8/2/2021,6
16766909,2344484,"SMITH,ANTHONY DESHAWN",Bell,9/5/2026,AGG ROBBERY,4/6/2021,9/6/2019,7
16767144,2416753,"TALAVERA,ZION MICHAEL",Beto,7/31/2069,MURDER,10/6/2022,7/30/2019,50
16782279,2573111,"HUFF,AMBER LYNN",Halbert,8/3/2026,POSS CS PG1/1-B 4-200G,8/6/2025,10/21/2024,4
16784069,2145337,"GONZALEZ-VELAZQUEZ,ALFREDO",Clements,5/15/2032,SEX ASLT-CHILD,7/11/2017,2/10/2013,15
16785196,2565945,"BONILLA,ANGEL MANUEL",Willacy County,4/12/2040,VIOL BOND/PRT ORD 2/M W/I 12M,6/9/2025,10/31/2023,15
16791606,2464851,"LEDBETTER,JACOB HARPER",Dominguez,11/1/2026,AGG ROBBERY,8/23/2023,2/18/2023,5
16792157,2289241,"NEWMAN,SHARI ANNIQUIA DEMAR TR",Hobby,4/5/2042,INJ TO CHILD SBI/OMISSION,10/21/2019,4/1/2017,25
16793280,2567930,"KILLEBREW,ANDREW MAURICE",C.T. Terrell,7/6/2031,AGG ASLT W/DWPN,6/13/2025,9/2/2019,8
16793431,2571339,"DANTZLER,DARIUS T",Cotulla,5/1/2034,AGG ROBBERY,7/17/2025,3/22/2024,10
16796518,2444141,"DAVIS,NAVAZ ELIJAH",Dominguez,1/22/2030,AGG ROBBERY,4/6/2023,5/14/2019,10
16801121,2589139,"OROZCO,LUIS",East Texas Treatment Facility,9/17/2026,POSS CS PG 1 >=1G<4G,,7/8/2018,3
16802475,2490111,"CASTRO,MICHAEL",Segovia,12/13/2027,RETALIATION,2/7/2024,12/13/2023,4
16803144,2522288,"FRINK,ROBERT ORIN",Dominguez,4/12/2028,ROBBERY,9/5/2024,4/12/2024,4
16803168,2585407,"DANIELS,MARLON D",Ney,9/5/2043,INTOXICATION MANSLAUGHTER,10/17/2025,4/3/2024,18
16818631,2408569,"GARCIA,DOMINIC ANDREW",Segovia,4/3/2027,AGG ROBBERY,8/15/2022,7/30/2020,6
16822040,2255170,"HACKETT,DARIUS A",Bartlett,12/5/2039,AGG SEX ASLT-CHILD,3/18/2019,12/4/2017,22
16822424,2355347,"MORENO,JESUS ABRAHAM GONZALEZ",Clemens,6/1/2029,MANSLAUGHTER,6/16/2021,6/2/2019,10
16824440,2394850,"MARTINEZ,DANIEL",Huntsville,4/1/2027,INDEC W/CHILD CONTACT,5/10/2022,1/10/2021,6
16825639,2502476,"VARGAS,ZACHARY ALEXANDER",Smith,9/14/2051,MURDER,4/30/2024,1/25/2021,30
16834907,2582776,"MORALES,VICTOR JR",Glossbrenner,10/27/2026,POSS CS PG1/1-B 4-200G,9/24/2025,6/4/2025,3
16841191,2328816,"CARDOZA,XAVIER",Stiles,12/1/2026,AGG ASLT W/DWPN,11/4/2020,4/10/2019,10
16841649,2480362,"SHAW,PARIS",McConnell,11/27/2047,AGG ASLT WDW&SBI-FAM/DAT,12/12/2023,11/24/2022,25
16841965,2516945,"COSTA,MARC ANTHONY",Garza East,12/8/2028,POSS W/I DEL CS PG1 4G-200G,6/25/2024,3/26/2023,10
16845176,2595147,"CORLEY,BAILEY A",Segovia,11/30/2026,POSS CS PG1 1G-4G,11/20/2025,1/3/2022,4
16847982,2592837,"MCNUTT,MADISON LYNN",Coleman,10/5/2026,PWID CS PG 2-A 4-400G,3/22/2024,6/16/2017,5
16849757,2551389,"CERNA,ARMANDO JR",Torres,7/27/2029,AGG ASLT W/DDLY WPN,3/19/2025,7/27/2024,5
16852768,2420758,"GARCIA,JACOB ANTHONY",McConnell,1/26/2032,AGG ASLT AGNST PUB SERV,10/31/2022,9/9/2021,10
16852781,2392205,"LIMUS,MAURICIO GUZMAN",Bradshaw,4/19/2029,AGG ROBBERY,4/21/2022,1/30/2020,7
16856559,2398200,"OVALLE,LUCIANO",Memorial,1/31/2032,AGG ASLT W/DWPN,6/8/2022,11/23/2020,10
16859189,2545339,"RIVERA,NATHANIEL RICHARD",Garza East,1/1/2027,AGG ASLT W/DW,2/10/2025,2/15/2024,5
16869224,2544944,"CARDOZA,JESSE ADRIAN",McConnell,6/7/2029,ROBBERY,2/3/2025,6/7/2024,5
16870357,2513417,"VERBERA,AMANDA LYNN",Marlin,6/1/2026,ROBBERY,7/16/2024,9/21/2023,3
16875696,2420756,"DE LA CRUZ,AUSTIN",Torres,12/1/2026,AGG ROBBERY,10/31/2022,12/6/2021,6
16876660,2422290,"RODRIGUEZ,ISREAL",Estelle,7/15/2034,INDEC W/CHILD CONTACT,10/31/2022,7/23/2021,12
16883522,2208220,"CASTILLO,LAURA A",Murray,5/31/2050,AGG SEXUAL ASLT,7/13/2018,2/17/2016,33
16883531,2316402,"SANDOVAL,RUBEN",LeBlanc,7/24/2034,INDECENCY W-CHILD-CONTACT,3/30/2020,3/8/2008,15
16886441,2468067,"RODRIGUEZ,ANTONIO ARTURO",Clemens,2/1/2027,TAMPER EVIDENCE-INT IMPAIR,9/6/2023,10/17/2021,7
16888655,2438488,"SERAFIN,RUBEN STEVEN",Telford,6/2/2028,AGG ASLT W/DEADLY WEAPON,3/6/2023,6/3/2022,6
16893468,2491342,"SALAZAR,JETT CRUZ",Ellis,2/7/2027,ONLINE SOL MINOR U/14 YOA,2/16/2024,6/4/2018,8
16894590,2527608,"MARROQUIN,ERNESTO AGUILAR",Torres,6/18/2030,AGG ASLT W/DW,10/11/2024,6/18/2024,6
16894865,2296957,"GUERRA,JOSE LUIS",Coffield,11/30/2037,INDECENCY W/CHILD-CONTACT,12/5/2019,5/21/2017,18
16895446,2569017,"RIVERA,ERIC FRANK",Dominguez,7/27/2029,ROBBERY,7/1/2025,3/22/2020,5
16896907,2394017,"HARRIS,ANTON JAMAIL",Clemens,6/7/2116,AGG SEX ASLT,2/3/2020,5/28/2017,99
16897748,2506054,"RANFORD,TYREE JOSEPH",Hamilton,7/16/2026,POSS CS PG1 1G-4G,5/23/2024,3/30/2023,6
16902661,2540194,"HERNANDEZ,VICTOR MANUEL JR",McConnell,8/20/2059,AGG SEX ASLT CHILD,11/7/2024,10/5/2020,35
16902870,2443396,"JACKSON,ANTONIO DWAUN",Torres,4/30/2027,VIOL CT ORD/BOND COND,4/10/2023,1/15/2022,5
16905959,2267155,"RODRIGUEZ,JULIAN",Roach,6/14/2034,AGG ROBBERY,5/30/2019,5/22/2018,16
16906087,2198320,"VALDERAS,ROBERT",Clements,6/15/2077,AGG SEX ASLT CHILD,5/4/2018,6/28/2016,60
16908298,2193254,"WILLIAMS,OMAR",Connally,6/15/2033,AGG ROBBERY,4/6/2018,5/31/2017,16
16909159,2209907,"WATSON,DELL LAMAR",Cole,6/28/2032,AGG ROBBERY,7/9/2018,6/16/2017,15
16910148,2594060,"ALONZO,JOANNE",Young,6/5/2030,ROBBERY,12/8/2025,5/14/2025,5
16913141,2548167,"RODRIGUEZ,FRISCO LEVI",Garza East,4/15/2039,AGG ROBBERY,2/13/2025,4/6/2024,15
16916922,2530298,"TECHE,JOSUE M ALVARADO",Garza East,5/29/2039,MAN/DEL CONT SUB PG1 400G,10/22/2024,9/11/2023,15
16919697,2588028,"JAMES,JOSHUA ROBERT",Segovia,5/26/2027,FAIL STOP RENDER AID INJ/DEATH,10/27/2025,8/24/2023,4
16919929,2174602,"WIRTH,SILAS",Lewis,6/13/2042,AGG SEXUAL ASLT-CHILD,11/6/2017,4/13/2017,25
16921931,2191398,"HERNANDEZ,JITSELYN",Coleman Work Facility,3/24/2028,INJ CHILD/SBI,3/28/2018,9/21/2015,10
16926954,2497076,"VILLARREAL,ANDRES",Connally,2/4/2043,AGG ROBBERY,5/29/2022,5/29/2022,20
16927353,2450034,"CAMPA,DANIEL JOSHUA",Ney,10/26/2029,MANSLAUGHTER,5/30/2023,10/23/2021,8
16934209,2267156,"ROSARIO,CALEB",Clemens,10/18/2028,SEX ASLT CHILD,5/24/2019,9/30/2018,10
16934234,2598471,"CEJA,BRAYAM BERNAL",Briscoe,10/3/2037,AGG ROBBERY,1/5/2026,9/19/2020,12
16934239,2288489,"WILLIAMS,SENEKA KEITH",Torres,2/6/2027,AGG ROBBERY,9/30/2019,2/5/2019,8
16937026,2588267,"LASCANO,EDUARDO RAYMONDO",Dominguez,6/1/2026,POSS CONT SUB 1-4G,10/29/2025,8/29/2025,2
16940647,2285931,"RINCON,DANNY",Stringfellow,6/1/2026,INDEC W/CHILD-CONTACT,9/30/2019,5/31/2017,10
16942348,2601070,"AGUIRRE,ALBERTO",Hospital Galveston,9/8/2030,UNL POSS FIREARM BY FEL,1/30/2026,3/15/2023,10
16944201,2605398,"GARZA,CHRISTIAN",Dominguez,12/19/2033,AGG ROBBERY,2/19/2026,8/1/2024,8
16952551,2526675,"ROMAN-RULLAN,JEASON",Garza West,3/1/2027,ASLT OF PERGNANT PERSON,10/8/2024,7/6/2020,5
16952692,2571527,"ALVARADO,IAN LEE",Lopez,12/18/2028,AGG ASLT DW,7/17/2025,12/18/2024,4
16957109,2287174,"ROCHA,GERARDO",Smith,7/2/2026,ATT TRAFF PERSON,10/4/2019,5/14/2018,8
16957138,2283266,"MENDEZ,RUBEN",McConnell,11/23/2026,POSS F/ARM-SCHOOL PREMISES,9/11/2019,4/15/2019,10
16957165,2593136,"WEBB,JEFFREY R",East Texas Treatment Facility,10/14/2026,MAN DEL CS PG 1 >=1G<4G,,1/4/2025,8
16959238,2415575,"CRUZ,MATTHEW BRIAN",Segovia,1/1/2028,POSS WID CONT SUB 4-200G,9/21/2022,8/18/2021,5
16963255,2603735,"PEREZ,ERIC RENE",Dominguez,2/10/2027,UNAUTH USE OF VEH,2/11/2026,4/24/2023,1
16964986,2558153,"PULEO,RENEE NICOLE",Hilltop,6/1/2026,POSS CHILD PORN 50 DEPIC/VIDEO,5/19/2025,4/22/2024,5
16971751,2601706,"MORENO,JOSHUA JAMES",Briscoe,4/11/2030,INDEC W/CHILD EXPOSE,3/8/2024,2/14/2023,6
16973545,2508739,"ALVARADO,ANDREW MICHAEL",Wynne,9/15/2026,POSS CS PG1 1G-4G,6/7/2024,7/22/2018,6
16977649,2615197,"AVILA,JOSE ROEL",Garza West,3/22/2028,FALSE STMENT PROP/CRED 30-150K,3/20/2026,12/1/2025,5
16977841,2608013,"RAMIREZ,DOMINICK XAVIER",Segovia,12/4/2027,POSS CS PG 1/1-B 1-4G,3/3/2026,1/28/2024,2
16983318,2300025,"MENDOZA,JOSE A",Clemens,7/1/2026,AGG ASLT-SBI,12/18/2019,6/25/2019,8
16987446,2580236,"VALDEZ,DAMIAN",Dominguez,6/1/2026,FAIL COMP SEX OFF DUT REG LIF/AN,8/29/2025,2/6/2025,2
16987915,2381378,"PINCKNEY,BRIAN",McConnell,3/2/2027,AGG ROBBERY,1/31/2022,9/23/2020,7
16991317,2516935,"ADAM,AUGUSTINE",Robertson,4/13/2028,ASLT FAMILY CHOKING/STRANG,8/5/2024,5/30/2022,5
16992009,2574867,"MEDINA,VICENTE",Stevenson,6/21/2029,FRAUD USE/POSS ID INFO ITMS 50/M,8/7/2025,3/8/2025,10
16997064,2474556,"MARTINEZ,HARLEY",Luther,3/1/2027,AGG SEXUAL ASLT CHILD,10/23/2023,8/31/2015,5
17004144,2604024,"MONREAL,ISAHIA JOE",Segovia,7/1/2026,POSS CS PG1 1G-4G,7/11/2025,8/23/2023,4
17007259,2307894,"BRANUM,CHRISTOPHER",Mechler,1/27/2055,AGG SEX ASLT CHILD,2/5/2020,5/19/2018,35
17007912,2323711,"HOGAN,MATTHEW RYAN",Luther,10/13/2037,AGG ASLT AGAINST PUB SERV,7/29/2020,8/19/2017,20
17008111,2566879,"PEREZ,MICHAEL ALAN",Garza East,2/1/2027,POSS CS PG1/1-B 4-200G,6/17/2025,9/24/2024,5
17008213,2500504,"MENDEZ,JOAQUIN",W. Scott,5/27/2028,FELON POSS FIREARM,4/17/2024,1/30/2024,5
17008379,2480338,"CLARK,LEADRAIN DARNELL",Dominguez,3/5/2028,AGG ROBBERY,7/30/2019,12/22/2017,8
17013137,2220250,"ROJAS,MARIO BENAVIDEZ",Bartlett,8/21/2029,SEX ASLT CHILD,8/28/2018,7/15/2016,12
17015089,2518772,"YANEZ,JOE-ISAAC LEE",Stiles,12/9/2039,AGG ASLT W/DEADLY WPN,8/8/2024,12/7/2023,16
17017723,2494876,"AGUIRRE,DAVID ALEXANDER",McConnell,3/3/2028,ASLT FAMILY CHOKING/STRANG,3/12/2024,5/11/2023,6
17020050,2487987,"SIMIEN,MARLON",Briscoe,8/14/2031,AGG ROBBERY,1/25/2024,8/24/2017,8
17020082,2474562,"PALACIOS,JOHN E",McConnell,7/7/2035,AGG ROBBERY,10/20/2023,4/17/2022,12
17022411,2596674,"CHAPA,EVERARDO JR",Lopez,3/26/2029,EVADING ARREST DET W/VEH,12/15/2025,9/10/2021,10
17026253,2531954,"ANKH-AMEN,CALEB AMYR",Connally,10/14/2030,AGG ASLT W/DEADLY WPN,11/14/2024,11/27/2022,6
17028406,2561524,"RODRIGUEZ,JASON J",Wynne,9/30/2032,ASLT OF PREGNANT PERSON,5/16/2025,9/6/2021,10
17029217,2492507,"BRANNON,DEMARQUES",Willacy County,11/18/2029,INDECENCY W/CHILD CONTACT,8/16/2024,10/19/2016,6
17029653,2521013,"ORTIZ,ROBERT JOSEPH",Briscoe,7/25/2037,AGG ROBBERY,8/27/2024,5/29/2022,15
17034052,2384903,"SOLORIO,JUAN JOSE",Ferguson,5/21/2046,ROBBERY,2/17/2022,5/21/2021,20
17040972,2604249,"KADURA,AUSTIN JOSEPH",Gist,4/15/2027,POSS CS PG1 4-200G,2/11/2026,4/22/2021,3
17049336,2556419,"VELOZ,BENJAMIN JASON JR",Dominguez,11/5/2026,POSS CS PG1/1-B 1-4G,4/21/2025,11/5/2024,2
17055340,2573785,"MARTINEZ,GABRIEL",Dominguez,9/2/2026,MAN/DEL CS PG 1 G/400G,7/31/2025,3/21/2024,5
17057610,2531687,"FOSTER,ANTOINE MARCEL",W. Scott,1/1/5555,ATT CAPITAL MURDER POLICE OFFICE,10/31/2024,7/17/2020,LWOP
17058392,2440368,"TOLENTINO,CARLOS",Jester III,1/1/2027,POSS WID CONT SUB PG1 4-200G,3/6/2023,4/11/2022,8
17059275,2519977,"SALDANA,CELEDINO",Young,8/5/2059,ATT CAPITAL MURDER-POLICE OFF,7/2/2024,8/5/2022,37
17063608,2582771,"FRANCIS,DAVONTRE LANIER",Ney,7/14/2037,SEXUAL ASLT CHILD,9/24/2025,2/10/2024,13
17068188,2613041,"SALAZAR,ANTHONY MICHAEL",Garza West,10/2/2027,ASLT OF PERGNANT PERSON,4/1/2026,5/20/2023,4
17068580,2567479,"QUINTANILLA,DANIELLE JEAN",Plane,12/21/2029,AGG ROBBERY,7/9/2025,12/21/2024,5
17070292,2430106,"DEATON,STEVEN LYN",Willacy County,12/25/2032,INDECENCY W/CHILD CONTACT,1/10/2023,6/1/2009,10
17074856,2610123,"BOSQUEZ,ALEXANDRA JOSEFINA",Plane,9/25/2028,ROBBERY,3/18/2026,4/6/2020,3
17078729,2439926,"POWELL,AMIR MUHAMMAD RASUL",Garza West,5/2/2041,MURDER,3/20/2023,7/25/2019,20
17092313,2573530,"RODRIGUEZ,DYLAN CHRISTOPHER",Segovia,7/2/2026,POSS CS PG1/1-B 4-200G,7/30/2025,6/20/2024,3
17093934,2611354,"GARZA,MOLLYANN JOY",Plane,11/23/2026,ROBBERY,3/24/2026,9/25/2017,2
17094843,2600652,"LITTLE,SETH RONTERIO",Connally,3/10/2063,MURDER,1/16/2026,5/3/2022,40
17096926,2296193,"WALKER,JERVAUGHN AMANTE",Robertson,6/8/2041,AGG ROBBERY,11/15/2019,6/9/2019,22
17098736,2204865,"ORTIZ,MATTHEW RAIN",Hightower,10/10/2042,AGG SEXUAL ASSLT-CHILD,6/11/2018,10/10/2017,25
17102361,2600646,"GUZMAN,DONOVAN ROY",Lopez,1/19/2034,AGG ASLT W/DWPN,1/20/2026,7/1/2024,8
17102504,2562107,"ESPARZA,JEREMIAH JAY",Garza West,5/4/2031,ASLT FAM/HSE MEM IMP BRTH/CIRC,5/19/2025,1/16/2025,6
17104830,2503676,"ORTIZ,RAY TOMAS RODRIGUEZ",Ferguson,3/30/2084,AGG SEX ASLT CHILD,5/8/2024,2/6/2019,60
17106155,2395083,"QUINTERO,CHRISTOPHER",Telford,3/5/2027,AGG ROBBERY,5/26/2022,3/12/2020,5
17106960,2472492,"CANO,MARISSA MONICA",Murray,9/24/2043,AGG ASLT W/DWPN,10/27/2023,10/14/2017,20
17109136,2228222,"PERALES,JONATHAN ANDREW",Hughes,1/1/5555,CAPITAL MURDER OTHER FELONY,10/11/2018,10/10/2017,LWOP
17115302,2539266,"MARTINEZ,ALFONSO ENRIQUE III",Stiles,9/5/2036,POSS CHILD PORN PREV CONV,12/19/2024,7/8/2024,30
17116006,2522592,"SALDANA,ALEX VALDIVIA",Briscoe,2/10/2032,AGG ASLT W/DW,9/16/2024,9/15/2023,8
17120614,2470117,"GUTIERREZ,AARON J",Torres,7/19/2058,MURDER,9/27/2023,12/16/2021,35
17121171,2532157,"BAILEY,XAIVER E MON TAE JA QU",Garza East,11/1/2033,AGG ROBBERY,11/8/2024,6/8/2022,10
17123751,2338565,"CARTHENS,JAZMIN",Telford,7/2/2027,RETALIATION,2/8/2021,7/2/2019,8
17123824,2459761,"GAITAN,ETHAN LEE",McConnell,8/15/2030,ROBBERY,7/17/2023,6/1/2022,8
17123915,2366946,"BLACKMAN,CHETAN KASSEIN",Bradshaw,8/17/2028,AGG ROBBERY,9/23/2021,2/23/2019,8
17125458,2393855,"FARR,DESMOND LERAY",Memorial,5/18/2046,MURDER,5/11/2022,10/25/2017,25
17127630,2325516,"CAMPOS,ANGEL ALEXIS",Torres,11/29/2048,MURDER,8/11/2020,10/27/2017,30
17128376,2606283,"SALAS,MARISSA",Plane,7/11/2044,INJ CHILD ELD ELD DISAB INT SBI,4/14/2025,6/29/2022,20
17128378,2445516,"IBARRA,RAMIRO HUMBERTO",Garza East,4/12/2038,INDEC W/CHILD CONTACT,4/14/2023,4/1/2014,15
17133072,2218850,"WALKER,KENDARIUS D",Torres,6/17/2026,POSS WID CONT SUB 4-200G,8/21/2018,1/3/2018,10
17139767,2615002,"ALVAREZ,FRANCISCO JAVIER",Dominguez,7/13/2026,PUB/TREAT TO PUB INT VIS MATR,9/30/2025,1/16/2022,0.5
17140322,2327085,"GONZALEZ,JOSE LUIS",Memorial,10/17/2029,AGG ROBBERY,10/20/2020,3/8/2019,9
17141698,2520434,"HERNANDEZ,ANGEL ANTONIO",Garza West,3/27/2029,ROBBERY,8/19/2024,6/7/2021,5
17146178,2390511,"CERVERA,RAUL IGNACIO",Stiles,11/12/2048,MURDER,4/12/2022,11/13/2018,30
17148810,2561510,"GEORGE,KALVAUGN LAMONZ",Connally,12/22/2028,AGG ASLT W/DWPN,5/19/2025,4/26/2021,5
17150268,2225565,"BENAVIDES,JAVIER",Connally,11/9/2033,SEX ASLT CHILD,9/28/2018,2/3/2015,16
17159352,2513412,"GALLEGOS,JASMINE LYNN",Murray,3/19/2027,UNL CARRY WEAPON W/FELONY CON,1/9/2024,10/7/2023,5
17159467,2585466,"SEGOVIA,SEBASTIAN",Torres,3/16/2068,MURDER,10/10/2025,2/23/2023,45
17159722,2567926,"ESCOBAR,ERIC ANGEL",Bradshaw,2/12/2027,UNL POSS F/ARM BY FELON,6/23/2025,6/3/2025,4
17162193,2455432,"NICHOLAS,JONATHAN RYAN",LeBlanc,5/3/2031,ONLINE SOL MINOR-MEET W/INT SE,5/1/2023,11/16/2017,20
17165634,2609335,"PUCKETT,MICHAEL",Dominguez,3/23/2027,POSS CS 4-200G,3/18/2026,9/5/2018,3
17169285,2191876,"ELIZALDE,LEOPOLDO",Stevenson,1/4/2028,AGG SEX ASLT CHILD,3/26/2018,3/2/2017,10
17169490,2462905,"GUERRA,CHRISTOPHER ALEXANDER",Bell,4/1/2027,ASLT FAM 2ND,8/8/2023,6/14/2023,5
17170098,2264418,"HERNANDEZ,JOSEPH EDWARD",Polunsky,1/19/2048,MURDER,4/16/2019,1/17/2018,30
17170256,2381763,"HARRIS,JAKOB LYNN",Bartlett,1/1/2037,ROBBERY,2/2/2022,1/17/2018,15
17170367,2609583,"REEVES,JOHN A III",Garza West,3/21/2044,AGG ROBBERY,3/18/2026,2/26/2022,20
17174409,2590094,"ARELLANO,ADRIAN DAVID",Willacy County,10/14/2032,AGG ASLT AGNST PUB SERV,11/13/2025,10/4/2024,8
17184744,2325515,"BRIGHT,LEWIS",Garza West,12/3/2042,MURDER,8/19/2020,11/16/2017,25
17186946,2606165,"MARTIN,XAVIER VERMIAH",Segovia,10/15/2027,UNL POSS FIREARM FEL,2/27/2026,10/15/2025,2
17191444,2410717,"CHAMBLISS,TRAVEON",Jester III,10/24/2031,AGG ASLT W/DW,8/9/2022,5/23/2021,10
17192705,2255193,"PEREZ,MAURICIO",C.T. Terrell,3/23/2049,CONTINUOUS SEX ABUSE-CHILD,3/25/2019,7/17/2017,30
17193657,2595164,"RIVERA HERNANDEZ,EDGAR A",Segovia,8/25/2027,POSS CS PG1/1-B 1-4G,12/11/2025,5/5/2025,5
17198268,2598486,"MEZA,BRANDON ADAM",Garza West,3/20/2041,POSS CS PG1 4-200G,12/29/2025,7/19/2023,16
17199831,2489062,"MEJIA,JOSHUA ADAM",Wynne,2/21/2042,MURDER,1/26/2024,2/21/2022,20
17201173,2281710,"LOPEZ,ISMAEL JR",Hughes,8/24/2029,INDECENCY W/CHILD CONTACT,8/27/2019,4/13/2017,10
17201873,2482970,"RAMOS,NICOLOUS RAY",McConnell,3/28/2035,AGG ROBBERY,12/7/2023,12/11/2022,12
17202484,2221701,"MORALES,JESUS",Pack,12/1/2026,INDECENCY W-CHILD-CONTACT,9/12/2018,8/5/2015,15
17203702,2585401,"CAMPOS,CARLOS ALBERTO",Torres,8/10/2028,MANSLAUGHTER,3/31/2022,12/15/2020,10
17206066,2556155,"PARDO,JOSHUA JAVIER JR",Ney,7/25/2031,AGG ASLT W/DWPN,3/27/2025,5/21/2022,9
17209063,2571538,"LEWIS,HAYDEN EUGENE",Havins,9/25/2026,COLLISION INVL SBI,7/21/2025,7/8/2024,5
17212173,2558554,"WHITMIRE,JAMES DSHAUN",Briscoe,12/14/2029,AGG ASLT W/DDLY WPN,4/29/2025,12/19/2017,5
17214019,2595699,"SHUSSLER,JASON ALEXANDER",Torres,10/20/2049,AGG ASLT AGAINST PUB SERVANT,12/11/2025,10/20/2024,25
17215141,2589556,"SMITH,SAMTRELL",Dominguez,9/11/2032,AGG ASLT W/DWPN,10/31/2025,4/11/2024,8
17216627,2501601,"OVERDORFF,CORY BANKS",Garza East,4/20/2032,SEX ASLT,4/23/2024,12/9/2020,8
17217741,2598479,"GONZALES,DANIEL",Garza West,8/3/2034,AGG SEX ASLT CHILD,1/12/2026,7/15/2024,10
17218684,2532742,"NEIRA,DESTINY LEE",Skyview,7/14/2027,ASLT PUBLIC SERV,12/6/2024,7/14/2024,3
17219285,2268402,"TORRES ALMAZAN,ALEJANDRO",Wallace,12/10/2037,INTOX MANSLAUGHTER,6/7/2019,12/10/2017,20
17225390,2561680,"LITTLE,KATIE ELISABETH",Hobby,4/11/2027,FRAUD USE/POSS ID INFO 10-50,4/4/2024,5/26/2022,5
17230748,2550436,"ANDERSON,TRE DE ON EUGENE",Garza East,5/15/2034,AGG ASLT W/DWPN,3/13/2025,5/14/2024,10
17230822,2229439,"MAREK,DAVID",Polunsky,1/5/2048,AGG ROBBERY,10/23/2018,12/5/2017,30
17240453,2597581,"STOHR,ROBERT",Torres,11/12/2030,IND W CHILD SEX CONT,7/30/2019,7/23/2018,5
17241140,2483938,"GUINN,BRANDON CORY",Lychner,5/15/2028,ROBBERY,1/4/2024,5/14/2023,5
17241802,2221708,"TOVAR,ERASMO RAMIREZ",Ramsey,1/11/2048,AGG SEXUAL ASLT CHILD,9/11/2018,12/19/2017,30
17246775,2209863,"DRIVER,VICTOR",Robertson,1/16/2038,AGG ASLT SBI,7/16/2018,5/20/2017,20
17247499,2447495,"NAVARRO,JOSHUA ALEXANDER",W. Scott,3/29/2030,AGG ASLT WDW&SBI-FAM/DATING,5/1/2023,3/29/2022,8
17248813,2422266,"BURGE,JULIUS INTEUS",Stringfellow,9/14/2051,MURDER,11/14/2022,9/14/2021,30
17249818,2600656,"OCHOA-HERNANDEZ,ANDINO",Willacy County,1/20/2028,AGG ASLT W/DWPN,1/20/2026,12/13/2020,2
17251482,2446506,"SCRIBNER,THOMAS WALTER IV",Ferguson,8/11/2035,MURDER,6/3/2022,2/10/2020,15
17260066,2366981,"WELLS,CRAIG WESLEY",Roach,4/13/2030,AGG ROBBERY,9/28/2021,5/22/2019,10
17260309,2374434,"SCHARRINGHAUSEN,JOHN ANTHONY",Wainwright,2/10/2060,MURDER,12/1/2021,1/7/2020,40
17264954,2522297,"GUIBAS,MIGUEL ANGEL",McConnell,1/5/2032,POSS WID CS PG1 4G-200G,8/28/2024,1/10/2024,8
17266091,2407641,"RODRIGUEZ,RUDY RENEE",Memorial,11/28/2031,BURG HABIT,8/5/2022,9/16/2021,10
17266281,2453111,"CANTU,EDGAR AXELL",Willacy County,9/22/2027,ROBBERY,6/12/2023,9/22/2022,5
17268815,2526668,"GARCIA,SERGIO E",Dominguez,6/16/2026,ASLT FAM/HSEHLD MEM PREV,10/4/2024,12/15/2022,2
17269876,2438463,"GUNER,KADIR",Connally,2/28/2031,SEX ASLT,3/3/2023,2/27/2018,8
17270685,2271378,"PARKER,DEVANTE MONTREAL",Memorial,10/13/2026,ASLT FAMILY,6/19/2019,10/13/2018,8
17276775,2468073,"SANTILLAN,GERARDO ADRIAN",Garza East,6/22/2037,AGG ROBBERY,9/12/2023,2/1/2018,15
17277002,2459980,"BARRERA,ARMANDO M",Garza East,12/21/2036,AGG SXL ASSLT - CHILD,7/28/2023,3/11/2018,14
17277868,2502469,"RAMIREZ,JOHN ADAM",Torres,4/13/2031,AGG ASLT DWPN,5/2/2024,11/25/2022,8
17280788,2398196,"MUNOZ,JUSTIN M",Torres,5/1/2028,SEX ASLT,6/6/2022,4/26/2021,7
17282501,2501046,"HARVEY,HALEY FAITH",Murray,8/2/2028,ARSON-HABITATION/PLACE OF AS,4/19/2024,2/9/2018,5
17282553,2609563,"COLEMAN,DEANDRE LAMONTE",Willacy County,3/31/2030,INJ CHILD/ELD/DIS INT BI,3/19/2026,10/30/2024,10
17282657,2602275,"WIGGINS,RODNEY",Dominguez,7/9/2026,BURG BUILDING,1/27/2026,5/20/2025,1
17284268,2514733,"ALEMAN,CARLOS GILBERT",Stevenson,7/23/2042,AGG SEXUAL ASLT CHILD,7/25/2024,10/6/2004,18
17285843,2606488,"RUIZ,JONATHAN",Dominguez,12/24/2026,EVADE ARREST DETN,2/24/2026,8/6/2022,2
17289962,2549196,"GATES,EDDIE PAUL",Dominguez,6/1/2026,POSS CS PG1/1-B 4-200G,3/4/2025,10/29/2024,4
17290399,2481446,"SALAZAR,STEPHEN",Lewis,5/1/2027,INDECENCY CHILD CONTACT,12/13/2023,2/4/2014,5
17290557,2289630,"SAMORA,DAVID",Daniel,2/10/2058,MURDER,10/15/2019,2/9/2018,40
17290560,2327098,"MENDEZ,MILO",Clemens,10/9/2040,MURDER,10/14/2020,2/9/2018,20
17298242,2468038,"HERNANDEZ,GUADALUPE EFRAIN",McConnell,10/24/2032,AGG ASLT W/DWPN,9/13/2023,10/25/2022,10
17301737,2401691,"MARTINEZ,MANUEL",Clements,6/1/2026,INDEC CHILD EXPOSE,6/30/2022,5/5/2021,6
17301985,2372128,"ARROYO,MICHAEL CRUZ",Wainwright,12/13/2070,INJURY TO CHILD SBI,11/10/2021,2/16/2018,50
17302018,2565744,"ORTIZ,DAVID",Willacy County,3/18/2027,UNL POSS FIREARM FELON,6/9/2025,8/1/2024,4
17302157,2599615,"ESPINOSA,STEVEN JAMES",Dominguez,9/3/2026,THEFT PROP 2500-30K,2/26/2024,10/2/2022,2
17303354,2293817,"RAMOS,JUAN ANTONIO",Memorial,2/18/2048,MURDER,11/8/2019,2/18/2018,30
17306464,2398210,"TOBIAS,ISAIAH JOHN",B. Moore,11/3/2028,AGG ROBBERY,6/7/2022,11/3/2020,8
17312415,2531728,"SANCHEZ,RICHARD ISIAH",Willacy County,9/16/2029,AGG ROBBERY,10/14/2021,11/17/2019,6
17313155,2436086,"MEDINA,RUBEN NICHOLAS",Glossbrenner,8/6/2026,AGG ASLT W/DDLY WPN,2/21/2023,12/24/2021,5
17314615,2427411,"BOWEN,ANTHONY NAPOLEAN",Briscoe,7/3/2040,AGG ASLT WDW/SBI,12/19/2022,6/13/2020,20
17318059,2425588,"HENRY,MATTHEW",McConnell,6/26/2029,AGG ROBBERY,12/12/2022,6/14/2021,7
17320628,2522290,"GARCIA,JONATHAN DAVID CASANOVA",Beto,11/10/2027,CRUELTY NON-LIVESTK ANIM KILL,8/26/2024,1/26/2023,8
17323102,2495828,"DAVIS,JAMES S",Torres,11/17/2038,AGG SEXUAL ASLT CHILD,3/20/2024,1/4/2021,15
17326116,2575590,"FLORES,WILFREDO CRUZ",Dominguez,2/13/2027,UUV,8/8/2025,2/12/2025,2
17327058,2574358,"LEVINE,ALBERT",Dominguez,6/6/2027,RECK INJ CHILD BI,8/12/2025,11/23/2018,1.9
17327275,2482534,"CARPENA,MELANIE",Plane,11/22/2026,INJURY TO CHILD BI-INTENT/KNOW,1/9/2024,8/17/2018,2
17329698,2424562,"GARCIA,CHRISTOPHER JESSE",Wainwright,9/8/2027,AGG ROBBERY,12/1/2022,9/4/2021,6
17330804,2345669,"HUERTA,JOHN MATTHEW",Telford,11/26/2027,AGG ROBBERY,4/14/2021,5/28/2019,7
17332443,2590116,"PENA,ANTONIO JADEN",Wynne,5/8/2033,EVADE ARR DET W/VEH,11/10/2025,5/8/2025,8
17332815,2384384,"SERRATO,LETICIA",Henley,7/28/2026,ROBBERY,2/24/2022,7/9/2021,5
17332817,2470116,"DOVE,GRAYSON",Stringfellow,11/13/2026,AGG SEX ASLT CHILD,9/28/2023,8/5/2016,7
17332828,2237198,"MORENO,RICARDO",Stevenson,3/6/2027,AGG SEX ASLT CHILD,11/29/2018,5/19/2017,9
17336299,2596678,"MACIEL,JOSE RICARDO JR",Torres,3/30/2037,AGG ASLT DW,12/17/2025,5/27/2022,13
17346477,2600130,"GARCIA,ELIZABETH RENEE",Plane,11/5/2028,AGG ASLT W/DWPN,1/20/2026,6/5/2018,5
17350734,2450030,"AGUILAR,GIANNO JOE",Luther,2/1/2027,AGG ROBBERY,8/18/2021,4/23/2020,10
17354989,2586946,"HAHN,TANNER LEE",Briscoe,12/31/2039,AGG ROBBERY,10/22/2025,11/14/2024,15
17357006,2565963,"SOBALVARRO,ALBERT MARSHELL",Garza West,11/24/2027,EVADING ARR DET W/VEH,6/13/2025,11/24/2024,3
17358475,2419485,"GONZALEZ,KIMBERLY NICOLE",Murray,4/17/2037,AGGRAVATED KIDNAPPING,10/27/2022,12/5/2021,15
17361254,2468014,"BOLDEN,TERRANCE RAYNARD",Cotulla,9/16/2042,AGG ROBBERY,9/25/2023,12/23/2020,20
17364318,2324896,"ZARAZUA,JAVIER ALEXANDER",Diboll,11/23/2027,SEX ASLT CHILD,9/18/2020,3/26/2018,8
17369743,2537031,"FLEMONS,DONOVAN ELI",Connally,11/13/2028,ROBBERY,11/15/2024,11/14/2023,5
17374976,2531694,"GUTIERREZ,IZAIH RENE",Briscoe,12/26/2026,AGG ASLT W/DWPN,9/21/2021,7/2/2019,6
17375682,2519880,"SOTELO-BAEZ,FRANCISCO RICARDO",Garza East,8/14/2026,INJURY CHLD W/INT BI,8/12/2024,1/22/2024,6
17376939,2605057,"RODRIGUEZ,RICHARD",Dominguez,8/23/2026,POSS CS PG1/1-B<1G,12/12/2025,5/3/2025,0.5
17377924,2510923,"MEDRANO,ANTHONY",Briscoe,5/18/2034,AGG ASLT DDLY WPN,6/21/2024,12/13/2022,10
17380248,2471009,"VILLEGAS,JONATHAN RENE",Garza East,12/26/2026,MANSLAUGHTER,10/3/2023,3/29/2021,8
17382472,2271342,"ALVAREZ,JUAN MIGUEL",LeBlanc,10/8/2036,TRAFF OF PERSON L/18 PROSTITUTI,6/20/2019,5/8/2018,18
17383065,2612636,"PORTILLO,LILIANA",Plane,9/4/2026,POSS CS PG1/1-B <1G,10/28/2025,3/24/2025,0.5
17384287,2429297,"ALVARADO,MASON",Hughes,11/30/2057,MURDER,1/5/2023,8/16/2020,35
17385601,2365454,"SALOMON,JESSE",Wainwright,10/17/2032,AGG ASLT-SBI,9/15/2021,2/1/2019,12
17387801,2611802,"FLORES,JONATHAN MICHAEL",Garza West,10/20/2027,UNL CARRY WPN W/FEL CONV,3/30/2026,12/14/2025,4
17391797,2541187,"ESTRADA,ALEXANDER ISMAEL",Lopez,12/10/2038,AGG ROBBERY,1/17/2025,1/31/2020,15
17393888,2531696,"JIMENEZ,DEVIN RENE",Dominguez,11/3/2026,ASLT FAM/HOU MEM IMP BRTH/CIRC,9/23/2024,9/7/2023,5
17394821,2479848,"PENA,RUDY JOHN",Briscoe,11/28/2035,AGG ASSLT W/DWPN,11/30/2023,11/15/2021,12
17398959,2605051,"GRISHAM,DEVIN ROY",Dominguez,7/26/2026,"THEFT PROP<$2,500 2/M PREV CONV",2/19/2026,7/13/2025,1
17402554,2453710,"HANKINS,ARCHER STANLEY",Polunsky,6/23/2041,MURDER,6/9/2023,6/23/2021,20
17404057,2483710,"BARRETT,JANEICE CARLENE",Coleman Work Facility,7/6/2026,ENGAGING IN ORG CRIMINAL,3/25/2022,11/16/2020,3
17405424,2589548,"MCDONALD,JEREMIAH LAMONT",Garza East,3/30/2029,INJ CHILD ELD DISA INT BI,11/5/2025,12/30/2024,8
17408321,2409432,"CASTILLO,RAFAEL",Robertson,3/25/2092,MURDER,8/17/2022,11/19/2020,70
17409113,2585458,"RODARTE,CHRISTOPHER",Lopez,2/25/2027,FAIL COM SEX OFF REG LIFE/ANNUAL,10/15/2025,10/23/2023,2
17413882,2505825,"AUDITOR,BRANDON",Willacy County,2/6/2029,INDECENCY W/CHILD CONTACT,5/14/2024,4/11/2022,5
17413986,2404120,"ENRIQUEZ,ISAIAH ANDRES",Stiles,7/8/2055,MURDER,7/19/2022,5/9/2020,35
17417279,2522564,"BAKER,NAZEIR TRUTHISHMON",Robertson,10/29/2029,SEX ASLT,9/13/2024,10/28/2023,6
17417325,2578441,"INMAN,JENNA R",Plane,5/1/2027,POSS CS PG1 4-200G,9/12/2025,4/24/2018,5
17420096,2613795,"GONZALEZ,DYANARA SKY",Henley,2/19/2027,ASSAULT PEACE OFFICER/JUDGE,,4/5/2024,5
17420947,2532687,"WEILER,ELIJAH CHRISTIAN",Dominguez,7/9/2026,POSS CS PG1 1-4G,3/24/2023,11/10/2022,2
17421541,2400391,"ESPINOZA,KRISTOPHER ANTHONY",Clements,1/2/2047,MURDER,6/22/2022,11/21/2020,25
17428545,2380583,"ROBERSON,MACEO",Wainwright,7/7/2028,AGG ROBBERY,1/21/2022,5/13/2019,8
17445588,2514736,"BELL,DYLLAN CHRISTOPHER",Clemens,12/11/2028,BURG HABIT FORCE,7/16/2024,12/12/2023,5
17455539,2391249,"ORONA-OLVERA,BRYAN D",Huntsville,1/25/2047,AGG SEX ASLT CHILD,4/19/2022,12/17/2021,25
17456929,2429308,"GOMEZ,SETH",McConnell,6/23/2028,AGG ASSLT W/DWPN,1/4/2023,6/19/2022,6
17457386,2468017,"BURMEISTER,TREVOR WAYNE",Ney,5/14/2040,AGG ROBBERY,9/15/2023,10/19/2022,17
17458763,2494687,"MALLOW,MARK DANIEL",Connally,9/30/2049,POSS W/I PROMOTE CHILD PO,2/28/2024,4/15/2022,11
17460604,2288460,"DAVIS-JOHNSON,XZAVIEN",Connally,11/21/2026,MANSLAUGHTER,10/11/2019,5/9/2018,20
17460744,2409433,"CORONA,JOEDANNY",Stiles,4/6/2034,AGG ASLT DWPN,8/19/2022,12/13/2021,12
17465540,2498429,"RAMIREZ,RAUL ROMAN",Torres,8/9/2035,AGG ROBBERY,4/3/2024,11/8/2022,12
17465635,2284618,"CHAPA,DAMIEN",Allred,9/25/2028,ROBBERY,1/31/2019,5/23/2018,10
17466248,2561507,"GAITAN,PAUL ANDREW",Dominguez,11/19/2039,AGG ROBBERY,4/28/2025,11/9/2024,15
17467586,2491616,"RAMIREZ,JULIO CESAR",Hightower,1/31/2068,MURDER,2/15/2024,8/7/2022,45
17468364,2581292,"MANCILLAS,DOMINIC",Wynne,12/19/2032,ROBBERY,9/12/2025,2/18/2020,9
17469944,2256377,"TORRES,CANDELARIO ROMERO",Jester III,5/26/2033,INDECENCY W-CHILD CONTACT,2/27/2019,12/31/2016,15
17470622,2453440,"RAMIREZ,JUAN LUIS",Garza West,6/11/2028,ASLT FAM CHOK/STRANGU,2/17/2023,3/2/2021,7
17473523,2416936,"BROWN,ISAIAH EMMANUEL",Michael,6/10/2033,AGG ROBBERY,10/5/2020,8/7/2020,12
17483199,2578880,"GONZALEZ,EDDIE",Wynne,7/26/2028,ASLT PREGNANT PERSON,8/27/2025,3/13/2022,5
17486986,2347271,"BABYAK,JOHN DAVID",Garza West,11/23/2027,FRAUD USE/POSS ID INFO 5-9,3/13/2019,6/4/2018,7
17488706,2298844,"REA,JOSHUA GABRIEL",Allred,8/16/2029,ROBBERY,12/9/2019,8/17/2019,10
17491682,2549209,"WINDOM,CURTIS III",Dominguez,6/1/2026,POSS CS PG1 1-4G,3/5/2025,11/9/2022,4
17495094,2450060,"WOODS,BENJAMIN LEE",Hughes,7/25/2028,AGG ROBBERY,5/17/2023,3/20/2022,6
17498166,2548018,"RAMIREZ,COREY MICHAEL",Lopez,1/22/2027,DEADLY CONDUCT DISCH FIREARM,2/28/2025,7/25/2021,2
17500066,2433314,"ZAMORA,DAVID ANTHONY",Memorial,10/9/2031,AGG ASLT DW,1/24/2023,12/12/2019,10
17503414,2288463,"GAMEZ,JOSE ADAN GAVARRETTE",Lynaugh,6/15/2036,AGG SEX ASLT-CHILD,10/16/2019,6/16/2018,18
17503552,2543503,"HAYNES,SEAN",Garza East,1/8/2050,AGG SEXUAL ASLT CHILD,1/31/2025,4/1/2019,25
17514301,2355358,"WESTON,BENJAMIN KORY",Stevenson,12/30/2044,MURDER,7/8/2021,7/24/2017,25
17514361,2608016,"SANDOVAL,JOEL WESLEY",Segovia,2/4/2027,AGG ASLT W/DWPN,3/4/2026,8/15/2022,2
17525026,2282835,"NAVARRO,ANGELIKA STEPHANIE",Murray,1/1/9999,THEFT $100K-$200K ELDERLY,9/6/2019,8/20/2015,Life
17525164,2535040,"IRVING,KEAVIN SHARON",Lopez,9/1/2026,ATT AGG ASLT DW,11/14/2024,6/30/2018,2
17525306,2421415,"OCHOA,RAFAEL LOPEZ",Willacy County,7/1/2038,AGG SEX ASLT,11/4/2022,7/1/2018,20
17531830,2419770,"GARCIA-NUNEZ,SAMUEL",Stevenson,10/15/2027,ROBBERY,10/27/2022,12/5/2019,5
17533771,2431178,"BOOKER,WILLIE",Ney,10/31/2031,SEX ASLT,1/23/2023,6/15/2019,10
17537181,2402137,"HERNANDEZ,ROMAN ISAIAH",McConnell,1/9/2029,AGG ROBBERY,6/30/2022,7/30/2021,7
17539604,2482956,"CANTU,ISAIAH ADAM",Connally,9/27/2027,ASLT FAM CHOK STRANGU,11/17/2023,3/19/2022,6
17540789,2608009,"MORENO,CARLOS LUIS",Garza West,2/7/2028,BURG HABIT,3/3/2026,3/9/2020,3
17542430,2352820,"VILLEGAS,JESUS",Glossbrenner,7/21/2026,AGG ROBBERY,5/28/2021,1/17/2020,8
17542876,2407630,"CANTU,LUIS GAEL",W. Scott,9/8/2031,AGG ROBBERY,8/10/2022,9/3/2021,10
17543788,2558530,"CHAPA,THOMAS SALINAS",Torres,7/20/2032,POSS CHILD PORN,4/8/2025,10/12/2023,18
17545700,2449744,"SKIRVIN,VAUGHAN DALE",Wallace,3/28/2058,MURDER,5/11/2023,11/11/2021,35
17546209,2507384,"RODRIGUEZ,GENESIS AMANIE",Hobby,8/24/2027,DEADLY CONDUCT-FIREARM,6/3/2024,8/24/2022,5
17554086,2594723,"BOTELLO,JOSHUA",Stevenson,6/7/2030,AGG ASLT W/DWPN,12/2/2025,3/2/2025,5
17561752,2612623,"DAVILA,MARLINE",Plane,2/26/2027,BURG OF HABIT,4/2/2026,7/1/2025,3
17561815,2434034,"ELLIOT,DJUAN SIMEIN",Torres,8/3/2031,INDEC W/CHILD CONTACT,2/6/2023,7/23/2018,10
17565709,2491345,"THOMAS,CORDARYL",Cotulla,12/1/2027,FELON POSS F/ARM,2/14/2024,9/17/2023,4
17566188,2600660,"SANTOS,ISAI DE LOS",Garza West,9/2/2029,POSS CS PG1 4G-200G,1/20/2026,12/19/2022,4
17567698,2374432,"ROMAYOR,NATHAN JAVIER",Briscoe,5/19/2031,AGG ROBBERY,11/29/2021,5/19/2021,10
17568890,2250003,"LIMTON,TERRELL MORRIS",Torres,9/3/2029,POSS W/I DEL CONT SUBS PG1 4-200,2/21/2019,9/27/2018,15
17569309,2540501,"ORTEGA,JUAN ANTONIO JR",Estelle,7/11/2027,POSS CONT SUB 4-200G,1/16/2025,5/13/2024,3
17569439,2313099,"MAURICIO,DAVID TELLEZ",Clemens,12/17/2027,ASLT-PEACE OFFICER/JUDGE-B,3/19/2020,12/22/2019,7
17570596,2398188,"GONZALEZ,TRISTAN ARMAND",Lopez,7/28/2027,AGG ROBBERY,6/14/2022,1/11/2021,6
17576993,2376277,"OLALDE,ROSALINDA",Coleman,10/31/2027,INTOX MANSLAUGHTER,3/6/2020,8/10/2018,6
17577321,2419309,"HARING,CHRISTOPHER",C.T. Terrell,2/1/2027,INDEC W/CHILD CONTACT,10/18/2022,10/14/2008,6
17581071,2551392,"GREY,ANTONIO LEE",Gurney,7/4/2027,AGG ASLT DW,1/28/2025,3/22/2022,4
17581109,2442053,"MUNOZ,MARTIN FRANCO",Willacy County,8/2/2036,ARSON-HABITATION,3/29/2023,8/2/2018,18
17593838,2613047,"VEGA,JOSE BARRIENTOS",Garza West,5/7/2027,ENG ORGAN CRIM ACT,4/2/2026,5/4/2025,2
17602189,2450061,"ZELAYA,JUAN FELIPE",Stevenson,5/6/2028,AGG ASLT W/DWPN,5/16/2023,7/5/2021,5
17602545,2293809,"HERNANDEZ-MEDINA,RODRIGO",West Texas Hospital,8/14/2028,INDEC W/CHILD-CONTACT,11/5/2019,3/6/2016,10
17602753,2605016,"GABRIEL,SEBASTIAN LEE",Lopez,4/24/2030,AGG ROBBERY,6/18/2024,1/27/2023,6
17604080,2582217,"GILL,ZOE RHIANNON",East Texas Treatment Facility,8/5/2026,EVADING ARREST DET W/VEH,,9/4/2022,5
17604222,2522430,"MCDANIEL,CLARENCE EARL IV",Memorial,1/30/2029,MAN/DEL CS PG1 4-200G,9/12/2024,1/31/2024,5
17608316,2424568,"ORTEGA,JUAN JOSE",Garza East,5/28/2031,MURDER,11/16/2022,8/19/2018,9
17611632,2567945,"VILLANUEVA,VALERIANO RENE",Gist,7/10/2026,AGG ASLT W/DWPN,6/16/2025,6/16/2022,5
17611708,2463795,"PHILLIPS,KYLE ADAM",Beto,8/9/2050,MURDER,8/16/2023,7/14/2020,30
17612108,2396609,"MARCHIORI,SETH",McConnell,4/23/2030,AGG ASLT W/DWPN,5/26/2022,8/18/2019,8
17612968,2572278,"EAGLE,SAHARA CHEYENNE",Crain,6/3/2026,POSS CS PG 1/1-B<1G,,4/12/2024,4
17617848,2288467,"HERNANDEZ,FERNANDO RIVERA",Stevenson,8/2/2048,MURDER,10/9/2019,8/3/2018,30
17620845,2585551,"AL-ARIDE,ABDLERHMAN OTHMAN",Estelle,8/24/2026,BURGLARY OF HABITATION,,2/25/2018,6
17621501,2423291,"ROBINSON,DANGELO MARCHELLO",Roach,10/11/2027,AGG ROBBERY,11/14/2022,5/19/2021,5
17621557,2597562,"ALEJOS,GEORGE ALEX",Willacy County,1/27/2028,AGG ASLT W/DWPN,12/19/2025,7/5/2021,4
17622079,2469542,"FAIN,MAEGHAN",Hobby,6/25/2033,COMPEL PROST-CAUSE TO CO,10/11/2023,8/1/2019,10
17623688,2571542,"PICHINTE,HORBELIO TORES",Stevenson,6/30/2032,AGG ASLT DW,7/21/2025,8/15/2019,8
17630922,2289618,"KENNEDY,THOMAS",Allred,9/8/2028,ROBBERY,9/17/2019,8/28/2018,10
17631164,2354536,"GUERRA,VINCENT ISIAH",Allred,4/13/2027,AGG ROBBERY,6/25/2021,4/12/2021,6
17634692,2421409,"FUTRAL,MICHAEL DUSTIN",Clements,1/1/2027,POSS WITD CONT SUB PG1 4-200G,11/7/2022,9/2/2022,20
17635141,2394479,"LOPEZ,DARREN RICHARD",Connally,11/1/2026,POSS CONT SUB PG1 1-4G,5/13/2022,9/2/2021,7
17635382,2601712,"SHEPHERD,ADAM DANIEL",Torres,4/2/2039,INDECENCY W/CHILD SEX CONT,1/15/2026,1/1/2024,14
17644568,2367870,"SANCHEZ,JUAN MANUEL IBARRA",Dominguez,2/10/2031,AGG ROBBERY,10/5/2021,9/5/2018,10
17646875,2311529,"GARCIA,JUAN CARLOS",Allred,12/10/2058,MURDER,3/4/2020,12/4/2018,40
17646920,2607997,"FLORES,JOE RAE JR",Briscoe,8/6/2041,AGG ROBBERY,3/5/2026,6/8/2024,17
17648390,2463775,"AVILEZ,DOMINIC GAGE",Ney,12/12/2031,INDEC W-CHILD CONTACT,8/18/2023,12/11/2022,9
17658822,2496490,"SOTO,ROCKY NICKOLI",Wynne,3/4/2028,FAIL STOP AND RENDER AID-MOVG,3/22/2024,2/13/2021,4
17661348,2418323,"GONZALEZ,CESAR EDUARDO",McConnell,1/1/2040,AGG ASLT DW,10/14/2022,1/1/2020,20
17665625,2609576,"LAND,NATHAN W",Byrd,5/11/2027,ALT PEACE OFFICER/JUDGE,2/18/2025,8/8/2024,2
17665735,2507744,"GALLEGOS,DILAN NOEL",Memorial,5/11/2029,AGG ROBBERY,4/12/2019,2/18/2019,5
17666144,2465920,"SOUNDERS,JOHNTAVION MARQUIESS",Ferguson,11/10/2040,AGG ROBBERY,8/29/2023,7/14/2020,20
17667871,2395076,"MARTINEZ,PRESTON EDWARD",Polunsky,2/26/2027,POSS WID CONT SUB PG1 4-200G,5/25/2022,12/21/2021,5
17680524,2388407,"DOOKERAN,RUNCIE KIRAN",Polunsky,3/18/2062,INDECENCY W/CHILD-CONTACT,3/25/2022,9/5/2018,20
17689634,2606175,"SMITH,ANTHONY JOSEPH",Willacy County,2/19/2033,ROBBERY,2/26/2026,2/19/2025,8
17690987,2430114,"RODRIGUEZ,DAVID",Wynne,4/9/2032,MANSLAUGHTER,9/19/2022,3/11/2020,10
17700409,2581936,"LOPEZ,DESIREE MARIE",Plane,12/18/2026,POSS WID CS 4-200G,9/18/2025,7/16/2022,2
17701256,2476636,"LONG,BRYCE HENRY",Torres,12/14/2029,AGG ASLT,11/2/2023,9/28/2022,7
17703559,2505831,"DON,JUAN ELIAS",Segovia,2/1/2027,EVADING ARREST,5/16/2024,9/15/2023,7
17706135,2551393,"HAUSEN,MARTIN S",Stiles,10/8/2038,SEX ASLT CHILD,3/19/2025,12/18/2006,14
17712006,2349082,"THOMAS,KWENTON TERRELL",Roach,7/15/2029,AGG ASLT W/DWPN,5/12/2021,7/16/2019,10
17713075,2564339,"DELAROSA,ALEXANDER",Clemens,8/9/2032,POSS W/I PROMO CHILD PORN,6/3/2025,5/20/2024,20
17715452,2406067,"TORRES,BLANCA JUANITA",Crain,3/18/2027,INTOX MANSLAUGHTER,7/27/2022,10/16/2018,12
17719137,2463806,"VITELA,TIM SALINAS",Garza West,4/13/2041,AGG ASLT W/DDLY WPN,5/1/2023,10/1/2021,18
17721074,2298817,"DEMPSEY,MATTHEW JAMES",Telford,4/8/2061,MURDER,12/18/2019,4/9/2019,42
17722436,2511548,"MENDOZA,MICHELLE",Young,4/21/2029,AGG ROBBERY,7/16/2024,5/19/2020,7
17726314,2280687,"MEJIA,EDWIN",Jordan,10/23/2038,SEXUAL ASLT CHILD,8/23/2019,10/23/2018,20
17727191,2437764,"COLEMAN,KENYATTA",Willacy County,8/20/2028,AGG ASLT W/DEADLY WPN,3/1/2023,4/7/2020,8
17728314,2339843,"VASQUEZ,JOHN JACOB",Torres,9/10/2028,AGG ROBBERY,3/1/2021,9/9/2020,8
17729320,2516981,"THOMAS,DAMILL DASHWAN",Briscoe,2/22/2029,AGG ASLT W/DEADLY WPN,6/27/2024,4/17/2020,6
17729952,2564362,"ZACHARIE,CONNOR JACKSON",Bell,5/25/2030,AGG ASLT W/DW,2/7/2025,5/24/2022,8
17729958,2514737,"BROWN,CALASEO MERCI",Michael,10/1/2058,MURDER,7/2/2024,8/4/2023,35
17737988,2394021,"MARTINEZ,CRISTIAN AVILA",Torres,2/16/2034,AGG ASLT W/DW,4/29/2022,2/16/2022,12
17741049,2601899,"VU,BAO DUC",Segovia,2/27/2027,ASLT PEACE OFFICER/JUDGE,1/27/2026,2/27/2025,2
17743063,2571536,"LACY,JAMES MATTHEW",Ramsey,7/25/2027,OBSTRUCTION/RETALIATION,7/8/2025,7/19/2024,3
17748595,2615199,"BELTRAN,EFREN JR",Garza West,3/22/2036,ATT TO COMMIT SEXUAL ASLT,4/15/2026,11/1/2024,10
17750144,2531985,"TREJO,XAVIER DONTE",Torres,10/17/2031,AGG ROBBERY,3/24/2022,5/5/2021,10
17754474,2310328,"MAREZ AVILES,MIGUEL ANGEL",Connally,11/16/2030,AGG ASLT W/DW,3/2/2020,11/16/2018,12
17757045,2410723,"ESTRADA,MARK ANTHONY RAMOS",McConnell,12/21/2031,AGG ASLT W/DWPN,8/16/2022,12/20/2021,10
17759029,2554379,"GUTIERREZ,NOAH PACE",Dominguez,7/7/2026,AGG ASLT DW,3/3/2025,5/13/2021,6
17761089,2603032,"SANCHEZ,ELIJAH ALEXANDER",Garza West,10/9/2031,AGG ASLT DW,2/5/2026,10/9/2025,6
17765888,2564336,"CHAPA,ALEXANDER NICHOLAS",Briscoe,2/25/2031,AGG ROBBERY,7/20/2021,2/17/2021,10
17766510,2416756,"VELASQUEZ,FRANCISCO JABIER",Dominguez,4/1/2027,FELON POSS F/ARM,9/30/2022,11/18/2018,8
17769918,2493029,"ESPINOSA,SABRINA LEE",O'Daniel,3/28/2028,AGG ALST DW,3/13/2024,5/3/2020,6
17771256,2431187,"LEVINE,ABRAHAM",Clemens,6/23/2027,DEADLY CONDUCT FIREARM,1/20/2023,7/5/2020,4
17773742,2571341,"LANE,JAYDEN RYDER",Segovia,8/7/2027,EVADING ARR DET W/VEH,5/20/2025,8/7/2023,5
17773956,2600131,"MADRID,ELIZABETH",Plane,11/7/2026,ASLT PEACE OFFICER/JUDGE,1/27/2026,5/19/2024,2
17774495,2487201,"AVELAR-RODRIGUEZ,JILSON DUBAN",Beto,1/1/9999,CAPITAL MURDER-MULTI PERSON,1/19/2024,9/30/2018,Capital Life
17775629,2537695,"COURTENAY,JASMINA LINDA",Hobby,8/19/2034,AGG SEX ASLT CHILD,1/8/2025,8/1/2021,12
17776713,2336579,"PAYTON,CAMI JAMAR",Allred,12/13/2029,AGG ROBBERY,11/10/2020,7/30/2019,10
17781863,2289607,"BAZAN,JULIAN",LeBlanc,11/30/2033,MURDER,10/17/2019,12/1/2018,15
17783131,2608921,"MEDINA,JULIE ELLEN",Plane,11/11/2027,POSS CS PG1/1-B 4-200G,3/10/2026,10/2/2024,2
17783633,2609573,"HERNANDEZ,ISAEL AARON",Garza West,3/16/2033,AGG ROBBERY,3/17/2026,3/26/2024,7
17783774,2328833,"LOVELACE,DAKOTA BLAINE",Bartlett,11/3/2032,INTOX MANSLAUGHTER,11/5/2020,12/2/2018,12
17786898,2585462,"SALAS,JAMARION ANGEL",Segovia,4/28/2027,EVAD ARREST DET W/VEH,10/14/2025,6/23/2025,4
17787607,2500193,"ZARAGOSA,STEPHANIE",Murray,5/3/2041,MURDER,4/22/2024,8/29/2022,18
17787608,2600129,"DELGADO,JENNIFER MARIE",Plane,12/11/2045,INJ CHILD/ELD/DIS W/INT SBI/MENT,1/9/2026,12/3/2018,20
17789096,2600811,"PEREZ,ELIAS",Willacy County,3/8/2029,ASLT FAM/HSE MEM IMP BRTH/CIRC,1/15/2026,8/20/2024,4
17792735,2485253,"ALVARADO,JAMES JAYSHAWN HARPER",Dominguez,9/25/2026,FELON POSS FIREARM,1/11/2024,9/23/2023,3
17792838,2497055,"CHAMPION,FREDRICK J",Stiles,10/6/2026,INJ TO ELD BI (REPEATER),3/27/2024,10/28/2021,3
17793254,2388430,"TOVAR,JESUS MANUEL",Coffield,11/12/2051,CONT SEX ABUSE-CHILD,3/25/2022,12/5/2017,31
17794381,2405611,"BENAVIDES,DANIEL",Clemens,12/21/2039,AGG ROBBERY,7/21/2022,12/4/2021,18
17795263,2443422,"WILLIAMS,DQUINTIN ANTHONY",Stringfellow,4/20/2036,MURDER,3/31/2023,10/9/2019,15
17796086,2505844,"MAURO,RHODIO STEFANO",Lewis,1/16/2028,COLLISION INV SBI,5/10/2024,9/8/2023,5
17797500,2566885,"STORY,ISAIAH NATHANIEL",Ney,5/7/2031,SEX ASLT CHILD,6/12/2025,2/6/2024,6
17798534,2570402,"RAMIREZ,ANGEL RICARDO",Hamilton,11/1/2026,BURG HABITAT,5/16/2025,7/13/2023,10
17799622,2548004,"HERNANDEZ,JOE DAMIAN",Stringfellow,11/24/2030,MAN/DEL CS PG1 4-200G,2/28/2025,7/18/2023,6
17801982,2345654,"ALVAREZ,DOMINIC IAN",Hamilton,9/1/2026,AGG ROBBERY,4/26/2021,8/25/2020,8
17802743,2581303,"RAY,CAUSTIN BRADLEY",Connally,12/19/2026,AGG ASLT W/DDLY WPN,9/11/2025,12/19/2024,2
17803776,2468031,"GARCIA,EDGAR",Clemens,1/21/2031,AGG ASLT DW,9/18/2023,1/22/2022,8
17803778,2594066,"PENA,KIANA LEE",Plane,1/13/2028,COLL INVOLV DEATH,12/16/2025,10/19/2024,7
17811968,2487985,"RIVERA,WILLIAM ISIDRO",Briscoe,12/1/2062,MURDER,1/26/2024,3/13/2022,40
17813265,2611970,"REDLEAF,RACHEL LUCEILLE",Hospital Galveston,3/12/2027,FRAUD USE/POSS ID INFO ITEMS<5,3/13/2026,7/19/2025,1
17814097,2434059,"SLAUGHTER,DEVON",Clemens,4/16/2047,MURDER,2/9/2023,1/5/2019,25
17814360,2411541,"PAZ,OSCAR ORLANDO",Torres,9/17/2029,AGG SEX ASLT CHILD,8/18/2022,1/15/2017,10
17819722,2359004,"THOMAS,SINCERE",Robertson,2/22/2029,AGG ROBBERY,8/4/2021,8/11/2020,8
17820685,2595673,"ACOSTA,PHILLIP JOSE JR",Dominguez,9/9/2029,BURG HABIT,12/17/2025,10/5/2024,10
17821292,2599527,"GARCIA,ADAM B",Lopez,8/16/2033,BURG HABIT,1/16/2026,8/16/2025,12
17821492,2281697,"CERVANTES,JESUS J MENDEZ",Garza East,12/31/2033,SEXUAL ASLT CHILD,8/29/2019,1/1/2019,15
17826168,2531705,"LOPEZ,AUSTEN JAMES",Clemens,5/17/2027,TAMP W/GOV REC LIC SEAL,10/28/2024,1/24/2024,5.5
17826217,2571544,"SMITH,THOMAS RAY FURLOW",Havins,9/25/2026,UNL POSS FIREARM,7/16/2025,3/30/2025,5
17827020,2581943,"RUBIO,VANESSA F",Plane,6/1/2026,THEFT OF FIREARM,8/7/2023,6/3/2022,1.5
17837476,2358455,"COFIELD,XZAVEAON LATRELL",Clements,6/15/2027,AGG ROBBERY,7/23/2021,6/15/2020,7
17838944,2608015,"RODRIGUEZ,RUBEN JOSE",Garza West,11/29/2030,ASLT FAM/HSE MEM IMP BRTH/CIR,3/3/2026,9/2/2020,8
17840384,2353647,"GONZALEZ,ROBERTO GERARDO",C.T. Terrell,1/1/2027,POSS WID CONT SUB PG1 400G,6/25/2021,12/28/2018,15
17842716,2470119,"RAMOS,ANDREW OMAR",Clemens,9/27/2034,AGG ROBBERY,9/29/2023,9/27/2022,12
17843420,2537264,"RODRIGUEZ,ALFONSO PARDAVE",Garza East,2/25/2027,ARSON,12/18/2024,2/26/2024,3
17845759,2598478,"GARNER,OCTAVIUS DEQUANN",Garza East,7/9/2031,ASLT FAM/HSE MEM IMP BRTH/CIR,1/5/2026,11/3/2024,6
17845994,2501014,"LARA,SAMANTHA LYNN",Murray,3/3/2038,AGG ROBBERY,5/1/2024,11/27/2023,14
17847758,2597582,"WILLIS,KEYSHAWN LEON",Lopez,1/3/2028,ASLT OF HOSP PERS ON HOSP PROP,12/19/2025,9/13/2025,5
17850414,2541194,"HARPER,JASON C",Lopez,7/5/2039,AGG ASLT DW,1/31/2025,11/11/2021,15
17850605,2544943,"BOOZER,ZACKERY ROBERT",Briscoe,4/3/2030,AGG ASLT SBI,2/7/2025,4/3/2024,6
17853610,2600633,"BELMUDEZ,KRISTIAN RAY",Briscoe,3/14/2063,MURDER,1/21/2026,1/16/2023,40
17856102,2412365,"ALANIS,JUSTIN CHRIS",Briscoe,6/4/2030,ROBBERY,9/7/2022,4/24/2022,8
17862528,2397464,"RANGEL,AARON MATTHEW",Ferguson,6/28/2026,AGG ROBBERY,6/7/2022,4/5/2021,5
17865451,2573645,"CERVANTES,SHERAWN RODRIGUEZ",Crain,6/11/2026,MAN DEL CS PG 1-B >=4G<200G,,1/22/2023,5
17873802,2613782,"COLUNGA,DIAMOND JEN",Plane,6/10/2027,DWI 3RD MO,4/10/2026,1/19/2026,3
17874317,2590393,"PRUNEDA,DAVID ALBERT",Glossbrenner,6/29/2026,POSS CS PG 1/1-B >=1G<4G,,9/24/2024,8
17883257,2595684,"GANDARA,ALEJANDRO ARTURO",Segovia,6/14/2027,BURG HABIT,12/16/2025,2/22/2025,5
17886006,2559591,"QUINTERO,MANUEL",Dominguez,8/1/2028,ROBBERY,5/8/2025,5/21/2023,4
17886372,2476645,"SANTOS,RAYMOND ANTHONY",Jester III,6/18/2048,AGG SEX ASLT CHILD,10/27/2023,6/15/2014,25
17887167,2497075,"VILLAREAL,PHILLIP",Estelle,8/28/2031,AGG ROBBERY,3/25/2024,8/3/2023,8
17887327,2416935,"ALEXANDER,ERIC RAY",Dominguez,7/17/2031,AGG ROBBERY,9/30/2022,7/15/2021,10
17888802,2389500,"MORA,ERIC JAY",Polunsky,6/19/2029,ROBBERY,3/31/2022,6/19/2021,8
17889384,2301071,"REED,WESLEY BLAKE",C.T. Terrell,5/14/2031,AGG ROBBERY,12/9/2019,2/15/2019,12
17890415,2410756,"ROBLES,SABIAN A",Dominguez,6/18/2026,AGG ASLT DW,8/22/2022,4/8/2021,4
17895776,2510879,"BAKER,BLAKE TYLER",Robertson,3/12/2030,AGG ROBBERY,6/28/2024,3/12/2022,8
17899168,2358993,"HERNANDEZ-ARTIGA,ULISES ALEXAN",Estelle,2/14/2029,AGG KIDNAPPING,8/4/2021,2/15/2019,10
17899861,2605354,"HERNANDEZ,LEONARD",Byrd,1/27/2027,UUV,1/30/2025,4/18/2023,2
17904677,2573114,"SAMMON,MARGARET R",Halbert,8/10/2026,POSS CS PG1/1-B 4-200G,8/11/2025,11/30/2022,4
17907210,2567047,"HERNANDEZ,RICHARD ROY III",Briscoe,3/7/2042,AGG ROBBERY,6/20/2025,7/6/2023,18
17907851,2614141,"SWAIN,JEROME ROBERSON",Johnston,2/14/2027,AGG ASSAULT W/DEADLY WEAPON,,4/9/2023,3
17909162,2563311,"DOTSON,KIAVON FUNTA EUGENE",Polunsky,3/1/2064,MURDER,5/22/2025,2/29/2024,40
17914585,2611501,"HOLLINGSWORTH,LYNN JULIUS",Dominguez,11/6/2026,POSS CONT SUB L/1G,3/31/2026,11/7/2025,1
17914603,2579504,"HARPER,GERALDE A",Garza West,2/25/2030,ROBBERY,3/5/2026,10/21/2024,5
17915192,2362097,"FUENTES,DAVID LEE ROY",Stevenson,8/20/2041,INTOXICATION MANSLAUGHTER,9/1/2021,2/25/2019,20
17918664,2465045,"YOST,JONATHAN KEITH",Wynne,3/19/2031,"THEFT $300,000 OR MORE",8/24/2023,1/17/2018,20
17920103,2579489,"CASTILLO,JAZLYNN DEANNE",Hobby,3/22/2029,ROBBERY,9/23/2025,7/31/2024,4
17921224,2410744,"MUNOZ,IVAN RENE",Gist,6/1/2026,AGG ASLT W/DWPN,9/1/2022,4/13/2021,8
17925091,2435067,"MCDONALD,ANDRE SEAN",Garza West,10/4/2045,MANSLAUGHTER,2/6/2023,2/28/2019,20
17925319,2503678,"RIVERA,DORIAN",Smith,2/11/2043,CONSPIRACY AGG ROBBERY,5/7/2024,2/21/2023,20
17925784,2589306,"CONAWAY,JAHEEM",Dominguez,7/10/2033,AGG ROBBERY,10/30/2025,11/5/2021,10
17930267,2410336,"GUERRA,IRIS LEONELA",O'Daniel,6/1/2026,AGG ROBBERY,8/31/2022,7/29/2021,5
17930938,2576034,"FRAUSTO,SERGIO RAUL",Robertson,8/28/2030,AGG ROBBERY,8/25/2025,8/29/2023,7
17933040,2576719,"OLIVARES,DANIEL",Ney,11/4/2028,POSS CHILD PORN YOUNGER 10YOA,8/21/2025,3/26/2024,8
17933929,2599551,"WOLFORD,JIMMIE DWAYEN",Lopez,5/16/2028,ASLT FAM/HSE MEM IMP BRTH/CIRC,1/14/2026,3/2/2019,4
17937461,2582496,"ESCOBEDO,JUAN ALBERTO",Segovia,8/30/2027,DWI 3RD MORE,10/21/2025,8/30/2025,2
17937551,2443395,"JACKSON,AARON JAMIN",Michael,3/13/2029,ROBBERY,4/6/2023,7/14/2020,8
17938353,2555059,"JOHNSON,KEVIN ANTHONY",Dominguez,7/24/2029,ASLT FAM HSE MEM IMP BRTH CIRC,4/2/2025,7/20/2024,5
17940880,2604149,"BELTRAN,JUAN EMMANUEL",Estelle,6/1/2026,ASSAULT FAM/HOUSE MEM IMPEDE BRE,,8/7/2022,5
17943662,2309164,"QUIJAS,LUIS DAVID DIAZ",Bell,3/11/2049,MURDER,2/13/2020,3/11/2019,30
17948833,2582523,"SALSER,TIMOTHY",Garza West,3/6/2028,ASLT FAM MEM IMP BRTH,9/16/2025,1/18/2022,4
17949201,2378752,"ORTEGA,PEDRO",Wynne,5/4/2031,AGG ASLT W/DWPN,12/17/2021,12/4/2020,10
17951227,2326311,"SANCHEZ,LUIS A DUARTE",Robertson,5/16/2030,POSS WID CONT SUBS PG2-A 4-400G,9/30/2020,3/18/2019,10
17952356,2374424,"LUCAS,ARIC EUGENE",Duncan,2/1/2027,AGG ASLT W/DDLY WPN,12/3/2021,2/19/2019,10
17953025,2608006,"MARTINEZ,ADRIAN NICHOLAS",Willacy County,10/6/2035,ROBBERY,2/27/2026,9/21/2025,10
17956415,2415586,"GELMAN,VICTOR",Smith,7/12/2028,SEX ASLT CHILD,9/30/2022,12/3/2018,6
17956870,2516966,"MARTINEZ,OSCAR",Clemens,2/21/2032,MURDER,6/17/2024,2/21/2022,10
17963314,2507746,"GOMEZ,CHRISTOPHER JESUS",McConnell,3/11/2027,UNL CARRY WPN W/FELONY CONV,5/24/2024,3/11/2024,3
17966858,2611497,"ARREDONDO,RYAN-HUNTER VALENTIN",Dominguez,6/11/2026,UUV,3/31/2026,5/27/2024,0.5
17968051,2570192,"SIMMONS,JEREMIAH MELVIN",McConnell,5/22/2032,AGG ROBBERY,7/7/2025,4/21/2024,8
17972933,2436332,"ALLEN,DANNY CEJAY",Allred,3/30/2079,MURDER,2/17/2023,3/30/2019,60
17973098,2372137,"MORALES,ISAAC DAVID-JOSEPH",Connally,10/28/2056,MURDER,11/2/2021,4/19/2019,35
17974027,2528369,"MELENDEZ,NATHANIEL ARMED JR",Connally,7/4/2092,MURDER,10/14/2024,7/5/2022,70
17976936,2277436,"VILLARREAL,FERNANDO",Lewis,3/31/2034,CONTINUOUS SEX ABUSE-CHILD,7/31/2019,1/10/2010,15
17980755,2507749,"MONTEMAYOR,ANSELMO",Memorial,7/16/2028,AGG ROBBERY,5/23/2024,4/15/2022,5
17981545,2474724,"JIMENEZ,JACOB LEE",Dominguez,3/7/2028,AGG ASLT W/DDLY WPN,10/25/2023,3/8/2023,5
17983681,2609564,"CRUZ,DAMIEN ANTHONY",Garza West,3/4/2031,AGG SEX ASLT CHILD,3/13/2026,8/1/2017,5
17984211,2571541,"MENDIOLA,MATTHEW JACOB",Wainwright,10/21/2027,POSS CONT SUB 4-200G,5/13/2025,1/5/2022,6
17985416,2589322,"ROCKETT,SETH TERRANCE",Garza East,11/19/2031,AGG ASLT W/DEADLY WPN,11/3/2025,5/18/2023,8
17988919,2362556,"FLORES,MARIAH",Hobby,4/1/2027,FAIL-STOP RENDER AID-DEATH,8/6/2021,10/24/2020,10
17996067,2592109,"COUGHLIN,MARK EDWARD",Dominguez,9/1/2026,POSS CS PG1 4-200G,11/20/2025,2/28/2021,2
18003845,2425622,"WILLIAMS,CURTIS WILLIE",Hodge,4/27/2028,AGG ROBBERY,12/5/2022,4/28/2022,6
18008043,2468025,"DONJUAN,DAVID GUSTAVO",Briscoe,11/13/2047,MURDER,9/20/2023,2/1/2020,25
18008413,2531702,"JUAREZ,NOAH THOMAS",Lopez,3/1/2027,VIOL BOND/PROT ORD 2+TIMES,11/1/2024,7/27/2024,4
18009995,2424572,"TILLMAN,TAYVEON MARQUEL DEVALL",Dominguez,11/6/2028,AGG ASLT DWPN,12/1/2022,6/14/2021,6
18014024,2479853,"TERRIQUEZ,PAUL JR",Wynne,6/14/2047,MURDER,12/4/2023,6/10/2022,25
18019476,2344991,"BRYANT,ZAMAR JACOB",Clements,12/11/2027,AGG ROBBERY,4/14/2021,9/20/2019,8
18019702,2596733,"BROWN,PATRICK LEVI",Dominguez,4/1/2027,UUV,7/8/2025,4/2/2025,2
18025386,2590119,"SALEH,SAMIR MAZEN",Dominguez,6/30/2035,AGG ROBBERY,11/14/2025,5/9/2025,10
18029300,2582218,"MONTOYA,ANGEL",East Texas Treatment Facility,8/5/2026,INJ CHILD/ELDERLY/DISABLED W/INT,,11/20/2020,6
18029388,2537696,"GUEVARA,CORINA",Murray,1/4/2030,AGG ROBBERY,1/6/2025,3/3/2024,5
18034221,2490138,"RODRIGUEZ,ANTHONY",Allred,9/27/2028,AGG ROBBERY,2/12/2024,9/28/2023,5
18037191,2416941,"LAWRENCE,JAMARTERIOUS KYIEZ",Hightower,1/28/2027,TRAFF CHILD INTENT FORCED LABOR,9/29/2022,2/11/2020,7
18041079,2606148,"BORJA-LAZARO,JESUS",Briscoe,7/18/2030,ONL SOLIC MINOR SEX COND,2/20/2026,9/6/2021,10
18041458,2581288,"KING,COLIN CHRISTIAN",Ney,11/18/2059,MURDER,9/15/2025,5/2/2019,38
18044037,2378969,"COTTI,ROBBY XAVIER",Telford,12/19/2031,AGG ASLT W/DW,1/10/2022,4/20/2019,12
18045286,2363725,"SANCHEZ,HIPOLITO MORENO",Jester III,5/12/2029,AGG SEX ASLT CHILD,9/13/2021,4/1/2016,10
18047778,2599519,"BEARD,TERRY DENNIS JR",Segovia,1/1/2027,POSS CS PG1 1-4G,3/7/2023,4/17/2022,5
18048468,2356975,"GARZA,ALEXANDER DREASHER",Clements,5/15/2039,AGG SEX ASLT CHILD,7/20/2021,8/1/2012,20
18057989,2294997,"GONZALES,ARNULFO",Coffield,5/19/2032,AGG SEX ASLT-CHILD,11/18/2019,8/8/2014,13
18058401,2270297,"GARZA,DANIEL",Polunsky,5/20/2049,AGG SEX ASLT CHILD,6/24/2019,9/1/2014,30
18076955,2524710,"SALAZAR,ANGEL MANN",Jester III,10/19/2028,MAN/DEL CS PG1 O/400G,9/20/2024,12/12/2021,10
18078651,2429312,"JAIMES,BENJAMIN",Hightower,6/28/2026,INDEC CHILD-EXPOSURE,1/6/2023,6/12/2022,5
18079009,2510935,"RIOS,CHRISTIAN ERIC",Robertson,9/17/2053,MURDER,6/20/2024,8/31/2023,30
18079092,2421424,"WILLIAMS,WAYNE",Michael,6/1/2026,INDEC CHILD EXPOSURE,11/8/2022,4/1/2017,4
18081283,2321344,"SMITH,DAVID",Estelle,6/15/2035,AGG SEX ASLT-CHILD,6/17/2020,7/1/2017,15
18088545,2522439,"REYES,JOHNNY RAY",Hamilton,10/1/2026,AGG ASLT W/DDLY WPN,8/30/2024,12/21/2023,4
18089473,2573513,"CLEAVER,ZEPHANIAH",Garza East,8/24/2027,TAMP FAB PHYS EVID INT IMP,7/29/2025,5/5/2024,5
18090970,2600637,"COSTILLA,ELIJAH STORM",Garza West,9/20/2034,POSS CHILD PORN 50 DEPIC VIDEO,1/22/2026,6/26/2025,20
18092642,2608286,"MCCLATCHEY,DWAYNE",Garza West,2/5/2033,UNL CARRY WEAPON W/FELONY CONV,3/10/2026,7/27/2025,15
18092875,2390513,"CLARK,DONALD JAMES",C.T. Terrell,12/3/2031,AGG ROBBERY,4/12/2022,1/8/2021,10
18094829,2492428,"SANCHEZ,NATHAN CRUZ",Cotulla,7/24/2057,AGG ROBBERY,2/26/2024,5/29/2022,35
18096762,2414757,"BORREGO,ADRIAN EXPARZA",Dalhart,5/1/2027,INDECENCY W/CHILD CONTACT,9/22/2022,6/18/2017,7
18111022,2356970,"CORTEZ,MIGUEL IVAN",Hightower,7/20/2036,AGG SEX ASLT-CHILD,7/21/2021,7/1/2015,15
18114808,2440897,"CARMONA,JOE ANTHONY",Torres,10/8/2030,EVADING ARREST DET VE,3/24/2023,7/23/2020,8
18116085,2496455,"ALMAREZ,DONNY",Cotulla,5/30/2033,AGG ROBBERY,3/21/2024,3/10/2023,10
18117249,2485021,"WIESSING,MATHEW THOMAS",Bell,12/26/2063,MURDER,1/10/2024,3/10/2022,40
18123489,2371911,"AMAYA-CANTU,JOSE RAFAEL",Connally,4/1/2027,INJ CHILD SBI/DEATH/OMISSION,11/4/2021,6/29/2019,10
18126154,2434048,"LARIOS-HERNANDEZ,KENMERLY OSMA",Robertson,1/9/2027,ROBBERY,2/8/2023,1/9/2022,5
18141106,2343008,"PEREZ,DEVIN SETH",Polunsky,12/1/2044,AGG ASLT AGAINST PUB SERV,3/12/2021,9/9/2019,25
18154400,2610215,"OSBY,MOSES JUAQIN",Dominguez,1/11/2028,UUV,2/12/2025,3/26/2024,2
18155728,2602819,"GARZA,JOAQUIN",Lopez,11/8/2027,POSS CS PG1 4-200G,1/27/2026,7/20/2019,4
18159230,2356205,"MCCOLLUM,LEQUIZA DAUNDA",Lychner,12/11/2027,ASLT PEACE OFFICER/JUDGE,7/15/2021,8/22/2020,8
18163324,2581299,"NIYONGERE,PATRICK",Garza West,11/9/2029,ROBBERY,9/10/2025,4/19/2024,5
18164295,2589539,"AMEZQUITE,CESAR ALEJANDRO",Lopez,11/23/2027,EVAD ARREST/DET W/VEH,11/4/2025,5/26/2025,5
18164489,2594425,"RAMOS-BALDERAS,DANIEL",Dominguez,7/5/2026,UUV,11/13/2025,12/18/2023,1
18169274,2453122,"ZARAGOZA,JOEL ANGEL",Dominguez,4/9/2029,FAIL STOP RENDER AID DEATH,6/8/2023,5/2/2021,15
18169474,2373642,"MACIAS,REYNALDO",Wynne,11/27/2046,CONT SEX ABUSE CHILD,12/1/2021,1/1/2012,25
18170844,2453103,"RIOS,JEREMIAH MARCILLO",Lopez,11/5/2030,AGG ROBBERY,6/13/2023,10/2/2022,8
18174898,2500188,"CASAREZ,MIRANDA",Marlin,4/16/2049,INJ CHILD SBI OMISS,4/18/2024,8/17/2021,25
18180039,2372133,"LEITT,DAVID",Duncan,10/6/2031,INDEC W/CHILD EXPOSURE,11/8/2021,5/17/2017,10
18186358,2454090,"BRINKLEY,DOMINICK MICHAEL CLAR",McConnell,3/1/2031,AGG ROBBERY,6/15/2023,12/26/2021,8
18193252,2349061,"CERVANTES,JOSE ALBERTO MARTINE",Stevenson,10/1/2026,FAIL-STOP AND RENDER AID-DEATH,5/20/2021,8/10/2019,12
18195652,2407638,"RAYMOND,LEE",Dominguez,3/1/2027,INTOX MANSLAUGHTER,8/9/2022,8/3/2019,10
18201739,2365450,"ROMERO ALVARDO,JOSE MANUEL",Smith,8/13/2034,AGG ASLT DWPN,9/15/2021,8/14/2019,15
18212283,2530276,"CISNEROS,HILO",Torres,3/14/2049,AGG SEX ASLT CHILD,10/28/2024,1/10/2024,25
18215176,2398662,"MILAM,DARRYL TYRONE",Boyd,12/17/2036,TRAFF OF PERSON L/18-PROST/FORC,6/3/2022,3/26/2020,15
18219220,2551075,"ESCOBEDO,ALYSSA LYNN",Plane,1/18/2032,MAN DEL CS PG1 4-200G,3/31/2025,1/18/2024,8
18219242,2588739,"THANASOUK,THILDA",Halbert,6/16/2026,POSS CS PG1 4-200G,3/23/2023,11/1/2022,5
18222952,2402146,"MENDOZA,ROLANDO",Garza West,4/24/2062,CONT SEX ABUSE-CHILD,7/6/2022,1/1/2014,40
18224913,2485008,"NICKERSON,JAMARI DESHAUN",Garza East,12/16/2031,MURDER,1/8/2024,9/30/2021,10
18228480,2596285,"MCGHEE,LESLEY ANN",Coleman Work Facility,12/19/2026,MAN/DEL CS PG1 4-200G,12/22/2025,7/25/2025,7
18235255,2357726,"COPELAND,CHARLES I",Ramsey,8/31/2039,INDECENCY-CHILD EXPOSURE,7/20/2021,12/31/2008,10
18235676,2563326,"MEDRANO,NICKOLAS ALLEN",Briscoe,10/12/2063,MURDER,5/29/2025,5/27/2023,40
18243053,2560783,"QUILLON,ANTHONY",Garza East,7/28/2033,AGG ROBBERY,5/7/2025,7/12/2023,10
18247883,2515788,"BATES,ALEMAN DESHIRE",C. Moore,8/10/2027,ASLT FAMILY CHOKING/STRANGU,8/16/2024,6/11/2022,3
18249067,2406445,"EZERIOHA,STEPHEN",Stevenson,7/10/2032,AGG SEXUAL ASLT CHILD,7/28/2022,9/8/2019,10
18254414,2576032,"FLORES,DAMIAN",Garza East,1/27/2030,AGG ROBBERY,8/12/2025,5/18/2019,5
18254498,2570195,"TREVINO,JONATHAN DAVID",Dominguez,6/12/2029,ASLT PUB SERV,7/9/2025,9/11/2019,4
18263111,2584453,"KUNZ,JACQUELINE MICHELLE",Henley,8/18/2026,MAN DEL CS PG 1 >=4G<200G,,2/11/2024,10
18263157,2355332,"GARZA,MARTIN CALZONCIN",Jordan,7/5/2033,AGG SEXUAL ASLT CHILD,7/9/2021,9/15/2019,12
18265104,2514751,"MCCORMICK,ALEXANDER RANDALL",Cotulla,1/26/2041,AGG KIDNAPPING TERR,7/2/2024,1/27/2023,18
18265536,2575813,"LOPEZ,ALAN MAURICIO",Garza East,5/27/2027,COLLISION INV INJURY,8/6/2025,9/28/2024,2
18274231,2465897,"JIMENEZ,CHRISTIAN MARK",Garza West,6/19/2030,AGG ASLT DWPN,10/7/2021,8/27/2019,8
18280199,2606289,"HENRY,BRITTANY NICOLE",Henley,9/7/2026,ARSON,,9/24/2019,2
18287644,2380529,"PEREZ,PRECILIANO",McConnell,9/28/2039,AGG ROBBERY,1/25/2022,9/28/2019,20
18288028,2396592,"FLORES,STEVEN",Torres,5/31/2034,AGG SEX ASLT-CHILD,6/1/2022,1/1/2011,8
18296040,2589553,"PATTERSON,NOAH JAMES",Garza East,5/30/2043,DDLY CONDUCT DISCH FIREARM,10/8/2025,5/18/2023,20
18300496,2543489,"BRUNO,JACOB ROLANDO JR",Lychner,8/1/2026,BURG HABIT,1/16/2025,7/12/2024,4
18301703,2412115,"ACOSTA-TORRES,ELIJAH ALEXANDE",Lewis,7/6/2027,AGG ASLT W/DW,8/30/2022,7/26/2021,5
18302937,2585409,"DIAZ,LEI ARNALDO",Lopez,10/28/2027,UNL POSS F/ARM BY FELON,10/15/2025,4/3/2025,5
18303017,2517765,"GAMBLE,ALEX BRANDON",Dominguez,3/7/2027,UUV,5/29/2024,3/27/2020,3.6
18307280,2557585,"GONZALEZ,GUSTAVO ABEL",Estelle,12/22/2027,EVADING ARRST DET W/VEH,4/25/2025,11/29/2023,6
18308296,2458910,"PENA,EDWIN GEOVANY SANABRINA",Garza East,6/8/2027,INTOX MANSLAUGHTER,7/19/2023,1/1/2022,12
18313021,2354544,"ORTIZ,MIGUEL BENITO",Garza West,1/16/2027,AGG ROBBERY,6/28/2021,10/9/2019,5
18320677,2531953,"ALEJANDRO,GOVANNY LUNA",Briscoe,11/5/2030,AGG ASLT DW,11/18/2024,10/26/2022,6
18332982,2324501,"YBARRA,BRIAN JACOB",Torres,7/12/2035,AGG SEX ASLT CHILD,7/17/2020,4/30/2019,15
18337162,2565726,"ALSBROOKS,ADAM MARQUES ANDRE",Dominguez,8/27/2029,AGG ROBBERY,6/10/2025,6/16/2024,5
18338888,2502701,"MARTINEZ,JULIAN",McConnell,4/11/2027,EVAD ARR/DET VEH,4/19/2024,5/31/2021,4
18341002,2381783,"TURNER,JIMMY KEITH",Roach,10/28/2051,MURDER,2/8/2022,10/28/2019,32
18341379,2544659,"HENDERSON,NICHOLAS MICHAEL",Dominguez,9/19/2026,"THEFT PROP>=$2,500<30K",7/5/2023,8/31/2020,2
18342487,2552630,"LOPEZ,NICHOLAS ANDREW JR",McConnell,11/5/2028,ONLINE SOLICIT OF A MINOR,3/24/2025,5/25/2024,4
18345015,2452138,"MARQUEZ,BRAULIO",Telford,12/22/2027,AGG ROBBERY,6/12/2023,12/18/2022,5
18345387,2594735,"MARTINEZ-MORENO,JOSE CARLOS",Lopez,11/2/2026,POSS CS PG1/1-B 4-200G,12/4/2025,6/15/2025,3
18347595,2514752,"MENDEZ,NATHEN SEAN",Garza East,3/29/2029,AGG ASLT DW,9/2/2021,8/12/2020,8
18353590,2452897,"CANO,MICHAEL A",Dominguez,9/18/2026,INJ TO CHILD-BI-INT/KNOW,5/31/2023,10/14/2016,10
18354311,2332305,"CAMACHO,ARMANDO CHRISTIAN",Coffield,11/26/2030,SEX ASLT CHILD,12/8/2020,1/7/2019,10
18354512,2589317,"JOHNSON,LEE ANTHONY",Torres,2/11/2030,AGG ASLT DWPN,11/7/2025,3/30/2024,5
18362493,2354541,"MENDOZA,ROGER XAVIER",Hodge,11/7/2039,AGG SEX ASLT-CHILD,7/1/2021,11/1/2019,20
18367224,2485267,"LOCKETT,CHRISTOPHER",Briscoe,7/27/2035,AGG ASLT W/DWPN,1/10/2024,11/26/2021,12
18368148,2437770,"GARZA-CHAPA,LUIS EVERARDO",Ney,7/30/2032,AGG ROBBERY,2/27/2023,12/25/2020,10
18376367,2421411,"GUERRA,SEBASTIAN",Wynne,8/29/2028,AGG ROBBERY,11/7/2022,8/22/2021,7
18377797,2585438,"MEDEL,DOMINIC",Torres,7/12/2033,AGG ROBBERY,1/10/2024,1/18/2023,10
18379978,2588249,"DEMOSS,MALACHAI ISAIAH",Connally,10/9/2026,INJ CHILD/ELD/DIS W/INT BI,10/23/2025,5/19/2025,3
18382454,2378294,"PARK,ELLIS M",Hilltop,12/22/2036,AGG ASLT W/DW,1/6/2022,11/18/2019,15
18387620,2506057,"RODRIGUEZ,ISAIAH ROBERT",Dominguez,6/8/2027,BURG HABIT,5/21/2024,9/5/2021,4
18391111,2372521,"WRIGHT,TED ALLEN",Michael,11/24/2074,AGG SEX ASLT-CHILD,10/13/2021,12/20/2018,20
18395753,2584588,"DELGADO,DEAN PABLO",Dominguez,6/29/2027,UUV,10/2/2025,4/8/2021,2
18395881,2471937,"AVILEZ,MIKE J",Garza East,10/3/2031,SEXUAL ASLT CHILD,10/16/2023,8/6/2021,8
18398007,2506015,"ALVAREZ,JOSHUA",Torres,5/19/2036,AGG SEXUAL ASLT CHILD,5/29/2024,5/19/2015,12
18399165,2581938,"MILES,ALEXIS MICHELLE",Murray,1/7/2049,INJ CHILD/ELD/DIS W/INT SBI/MENT,10/8/2025,9/28/2021,25
18401927,2402705,"GARCIA,NICHOLAS",Estelle,6/5/2026,INDECENCY W-CHILD-CONTACT,7/8/2022,8/31/2017,5
18405460,2600790,"LOPEZ,ROBERTO",Glossbrenner,9/4/2026,AGG ASLT W/DW,9/30/2022,9/29/2021,6
18409685,2449593,"HERNANDEZ,TONY ANTHNOY",Briscoe,12/5/2032,AGG SEX ASSLT - CHILD,5/12/2023,4/5/2013,10
18411605,2591877,"ESPINOZA,MATTHEW ANDRES",Garza West,1/22/2030,AGG ROBBERY,9/2/2025,11/27/2022,6
18426408,2406451,"GREEN,XAVIER MARQUEST",Willacy County,4/16/2029,TRAFF PERSON U/18 PROST/FORCE,7/29/2022,2/11/2020,7
18428733,2553754,"WILLIAMS,MALEQUE JORDAN DEV",McConnell,7/23/2032,AGG ROBBERY,3/24/2025,7/23/2024,8
18429276,2464374,"SKARE,SASHA",Crain,2/5/2076,MURDER,9/1/2023,1/22/2021,55
18429408,2476629,"GONZALES,MICHAEL JOE ANTHONY",Torres,11/28/2028,AGG ROBBERY,11/1/2023,10/15/2022,6
18431278,2470972,"CORDOVA,JOE A",Briscoe,9/28/2033,AGG ROBBERY,10/2/2023,1/26/2022,10
18431718,2601905,"LEDESMA,ISAIAH ROMAN",Garza West,6/4/2030,ROBBERY,4/28/2026,6/1/2022,6
18433648,2585196,"MISHLER,TROY ROBERT",Torres,11/7/2037,POSS CHILD PORN U/10 YOA,10/13/2025,11/13/2023,30
18436831,2597657,"MILTON,EARL III",Sayle,8/12/2026,AGG ROBBERY,,12/28/2019,10
18441103,2606166,"MELECIO,ALAN EDWIN",Garza West,5/18/2028,ASLT PUB SERV,3/2/2026,5/19/2025,3
18444870,2522296,"GONZALEZ,DANIEL",Memorial,8/1/2026,INDECENCY W/CHILD SEX CONT,9/11/2024,12/24/2023,2
18446775,2502706,"RODRIGUEZ,JUAN MANUEL",Willacy County,8/29/2026,ESCAPE FEL CUSTODY/CORR FAC,5/1/2024,1/20/2022,3
18450956,2573509,"AGUADO-SUTHERLAND,CALEB NICHOL",Hamilton,7/24/2026,AGG ASLT W/DW,7/25/2025,4/24/2021,4
18457832,2531685,"ELIZONDO,JORDAN M",Segovia,7/1/2026,BURG OF HABIT,11/1/2024,3/20/2022,4
18459564,2530292,"ROCHA,FERNANDO JIMINEZ",Ferguson,1/14/2027,ROBBERY,4/2/2024,11/8/2023,3
18461892,2492629,"HOGAN,MICHAEL DEANGELO",Lopez,1/2/2031,AGG ASLT AGAINST PUB SERV,6/22/2022,4/23/2020,10
18462108,2480368,"VILLARREAL,ADRIAN ARTURO",LeBlanc,9/22/2034,AGG ASLT W/DWPN,11/3/2023,9/21/2022,12
18467586,2573110,"DOMINGUEZ,ALYSSA MARIE",Marlin,4/11/2027,UNL CARRY WPN FELONY CONV,7/7/2025,4/11/2025,2
18471525,2443404,"PAULINO,JOAN FRANCISCO",Garza West,2/3/2031,MANSLAUGHTER,4/6/2023,2/3/2021,10
18480130,2610534,"REYES,ARMANDO III",Dominguez,12/27/2026,ROBBERY,3/20/2026,11/10/2024,3
18484183,2558526,"ALEXANDER,RYAN AUSTIN",Willacy County,9/28/2028,ROBBERY,4/30/2025,9/28/2024,4
18485127,2522566,"BELL,TAMARI'E JAY",McConnell,7/30/2048,AGG ROBBERY,9/12/2024,7/31/2023,25
18488336,2541211,"SCOTT,TRELLVON",Garza East,2/16/2028,DEADLY CONDUCT FIREARM,1/16/2025,11/12/2023,10
18490343,2585410,"DOXIE,XAVIER DANTE",Garza East,3/29/2029,ARSON INT DMG HB/WRSHP,7/17/2025,5/30/2019,6
18491925,2382284,"RAMIREZ,MATTHEW ERIC",Torres,1/6/2034,INDEC W/CHILD CONTACT,2/10/2022,8/1/2019,12
18493187,2354547,"REYES,JUAN JOSE",Torres,2/1/2027,POSS CONT SUBS PG1 OVER 400G,6/29/2021,1/28/2020,10
18494226,2471957,"MOSLEY,FRANK KALVIN",Hughes,10/15/2037,AGG ASLT W/DDLY WPN,10/10/2023,3/8/2022,15
18496406,2442971,"JONES,JONATHAN PAUL",Bartlett,9/30/2034,MANSLAUGHTER,4/3/2023,1/31/2020,11.5
18496815,2358990,"HARRIS,ZACHARY",Coffield,1/29/2030,AGG SEXUAL ASLT-CHILD,7/29/2021,8/21/2017,10
18501882,2508366,"JOHNSON,ANGEL DESHUN",Hobby,10/15/2031,AGG ROBBERY,6/25/2024,4/11/2022,8
18507389,2403167,"ALMENDAREZ-HURTADO,ALEJANDRO",Wallace,2/4/2065,MURDER,7/19/2022,8/5/2016,45
18507530,2599540,"MALDONADO,SAMUEL RAYMOND",Lopez,2/28/2028,EVADING ARREST,1/14/2026,9/29/2025,5
18511109,2548169,"SKINNER,DYLAN JACOB",Garza West,8/5/2028,AGG ASLT W/DDLY WPN,2/24/2025,8/5/2024,4
18511131,2575809,"HUTCHINS,CARL E III",Garza West,6/3/2030,AGG ASLT W/DDLY WPN,8/5/2025,5/13/2023,6
18529004,2604248,"INSURRIAGA,MATTHEW",Garza East,12/26/2030,AGG SEX ASLT CHILD,2/12/2026,6/2/2024,5
18534677,2474559,"MENDOZA,ROMAN ALFONSO",Garza East,10/19/2033,AGG ASLT W/DWPN,10/25/2023,6/3/2022,10
18536605,2370902,"NEUHAUS,ZACHARY CARSON",McConnell,2/20/2055,POSS W/I DEL CONT SUB PG2 4-400G,10/4/2021,2/21/2020,35
18539356,2452400,"REID,JAMES MITCHELLE",Clements,11/7/2047,SUPER AGG SEX ASSAULT - CHILD,5/30/2023,8/1/2022,25
18550457,2474557,"MARTINEZ,JUAN MANUEL",Memorial,4/22/2028,ROBBERY,10/19/2023,2/28/2020,5
18550874,2382271,"BARNETT,JAMES J SEAN",Garza West,6/23/2029,AGG KIDNAPPING,2/9/2022,2/25/2021,8
18558688,2531718,"PAPELL,RANDY STEVEN",Willacy County,2/2/2027,EVADING ARR/DET W/VEH,10/22/2024,8/19/2024,2
18560265,2484996,"DITA,FLORENTINE STEFAN",Willacy County,8/5/2043,AGG SEXUAL ASSAULT-CHILD,1/8/2024,1/1/2014,20
18563427,2383915,"ROGERS,TREVON DEONTE",Ellis,8/27/2030,AGG SEX ASLT CHILD,2/15/2022,1/22/2020,10
18571365,2451694,"DIAL,JORDAN MAHON",Lynaugh,10/18/2027,AGG ROBBERY,6/1/2023,10/18/2022,5
18571412,2447285,"COUTROS,JEANNE-NICOLE BERNICE",Hilltop,4/29/2033,INTOX MANSLAUGHTER,5/2/2023,3/10/2020,10
18575983,2345659,"ESCOBEDO,FERNANDO",Sanchez,12/16/2026,CONTINUOUS VIOL AGAINST FA,4/27/2021,9/4/2020,6
18576646,2465888,"DUENAS,EDWIN MANUEL",Garza West,4/20/2030,AGG ROBBERY,8/30/2023,4/21/2022,7
18576701,2442205,"MAADARANI,AHMAD ALI",Polunsky,4/7/2027,AGG ASLT DW,9/17/2021,3/10/2020,7
18577213,2577975,"GONZALEZ,RICHARD",Segovia,3/6/2027,UNL POSS FIREARM FELON,8/25/2025,11/14/2024,5
18579893,2372486,"DEJESUS-CANCEL,CARLOS ISAAC",Torres,2/24/2035,SEXUAL ASLT-CHILD,11/8/2021,1/1/2014,15
18585482,2577712,"MARQUEZ,ALBERTO",Vance,11/8/2028,POSS CS PG1 400G,8/25/2025,5/7/2021,10
18585669,2464756,"MACIAS,JUAN PABLO",Jester III,3/26/2029,AGG ROBBERY,8/2/2023,8/13/2020,6
18588525,2447962,"TRAVIER,MICHAEL",Wainwright,1/31/2048,ARSON HAB/PL OF AS,5/4/2023,3/24/2020,25
18588591,2397178,"ALEXANDER,BRITTON MICHAEL",San Saba,4/21/2027,INJURY CHILD BI INT/KNOW,4/7/2021,3/23/2020,6
18591948,2459774,"MURRELL,BRANDON DEVON",Wynne,1/13/2027,POSS CS PG1 1-4G,7/24/2023,3/31/2022,7
18591966,2469543,"MENDEZ,MARIA DELROSARIO",Crain,9/21/2043,MURDER,10/9/2023,3/27/2020,20
18591967,2583975,"MARTINEZ,JESSIE CHUY JR",Briscoe,10/30/2036,AGG ROBBERY,9/29/2025,10/13/2024,12
18591987,2502712,"VASQUEZ,JOSHUA",Memorial,2/1/2027,BURG HABIT FORCE,4/19/2024,4/22/2023,5
18592045,2439883,"CASTILLO,MARIO",Lopez,7/18/2030,AGG ASLT W/DWPN,3/7/2023,3/27/2020,8
18592815,2460764,"BARBOSA,MIGUEL",McConnell,2/19/2028,FAIL-STOP/RENDER AID-DEATH,8/1/2023,2/19/2021,7
18599015,2609558,"ALMENDAREZ,SERGIO SAUL JR",Garza West,3/17/2030,ROBBERY,3/17/2026,11/14/2021,4
18602798,2531964,"FARRUGGIA,BRADEN RICHARD C",Goree,10/19/2031,INTOX MANSLAUGHTER,11/15/2024,12/6/2023,15
18604421,2434037,"FIGUEROA,CHRISTOPHER",Vance,7/25/2030,AGG ROBBERY,2/8/2023,4/10/2020,10
18605988,2445295,"GARCIA,ELOY",Stevenson,3/8/2038,INDEC CHILD CONTACT,3/29/2023,4/15/2018,15
18612469,2605031,"RABAGO,DAVID IV",Gist,4/1/2027,ASLT PEACE OFFICER/JUDGE,2/18/2026,5/11/2025,2
18619656,2615204,"CONETHAN,DOUGLAS LEE II",Garza West,5/28/2027,ASLT ON SECURITY OFFICER,4/20/2026,7/23/2025,4
18619760,2402136,"GONZALEZ,JULIO JIMENEZ",B. Moore,6/29/2026,INDEC W/CHILD CONTACT,6/30/2022,3/1/2014,4
18620213,2430728,"GRACE,CASSI NICOLE",O'Daniel,4/1/2027,AGG ASLT W/DW,1/18/2023,6/12/2022,8
18620420,2589547,"HERRERA,OMAR",Garza East,2/4/2027,EVAD ARREST DET W/VEH,10/30/2025,6/28/2025,3
18625524,2567922,"CARRIZALES,JACOB",Goree,11/14/2027,SEX ASLT CHILD6,6/16/2025,5/7/2020,4
18633196,2615198,"BAINES,XAVIER ANTONE",Garza West,12/21/2029,ROBBERY,4/16/2026,12/21/2025,4
18636872,2365445,"RAMIREZ,ETHAN JOEL",Willacy County,5/9/2032,AGG ASLT W/DWPN,9/21/2021,5/9/2020,12
18639075,2418342,"THOMPSON,MICHAEL",Dalby,11/1/2026,ASLT PUBLIC SERV BI,10/18/2022,8/22/2022,5
18643654,2563333,"RODRIGUEZ,LAZARO NICHOLAS JR",Garza East,12/8/2027,ASLT FAM HSEHLD MEM PREV CONV IA,10/31/2024,6/22/2024,3
18643725,2504378,"CAMPOS-JIMENEZ,MARIANA",Hobby,6/14/2028,INTOX MANSLAUGHTER,5/22/2024,5/23/2020,10
18643945,2579491,"COX,CANDACE LEA",Plane,6/20/2027,POSS CS PG1 <1G,9/15/2025,2/7/2022,2
18644179,2531741,"VERA,BRIAN RIVERA",Willacy County,1/7/2030,AGG ASLT W/DW,11/4/2024,12/4/2020,6
18644212,2453114,"GONZALES,MICHAEL",Ellis,5/24/2048,MURDER,6/7/2023,5/24/2020,28
18644900,2560781,"MORALES,DANIEL ANDRES",Garza West,12/9/2029,ASLT INT RCK BRTH CIRC FM PREV,5/5/2025,12/8/2024,5
18646868,2520448,"RAMIREZ,ROMAN ANGEL",Connally,11/10/2027,FELON POSS FIREARM,8/2/2024,11/10/2023,4
18651467,2468041,"HERRERA,ALONZO",Garza East,4/12/2028,BURG HAB INTENT COMMIT FEL-FOR,9/14/2023,4/13/2023,5
18653411,2604028,"RAMIREZ,RUDY RAUL",Segovia,12/16/2027,VIOL BND/PROTCT ORD 2+ W/I 12 MO,7/25/2025,6/9/2020,3
18655632,2463779,"CLEMMONS,EDDY",Kyle,8/4/2026,AGG ASLT W/DWPN,8/16/2023,5/17/2020,6
18662319,2513788,"GUERRA,GEREMY RYAN",Garza East,5/30/2030,AGG ASLT DW,5/31/2024,6/11/2023,6
18662738,2497062,"JACKMAN,DANIEL THOMAS",Garza West,8/23/2026,ASLT FAM 2ND OFFENSE,8/15/2022,5/1/2022,3
18665196,2589328,"WARRINGTON,ANTHONY LEROY",Lopez,6/25/2026,POSS CS PG1/1-B 4-200G,11/4/2025,7/22/2025,2
18670728,2608017,"SEGUNDO,JUAN ANTONIO",Segovia,7/15/2027,DDLY CONDUCT FIREARM,12/8/2025,6/28/2022,4
18671700,2413529,"MARTINEZ,LEONEL",Goree,5/1/2027,INTOX MANSLAUGHTER,8/26/2022,6/13/2020,12
18673432,2568136,"CASTILLO,CONRADO",Clemens,8/18/2049,AGG SEX ASLT,6/17/2025,5/18/2024,25
18674043,2453113,"DIAZ,RAYBERT",Ramsey,9/18/2026,FAIL STOP/RENDER AID DEATH,6/12/2023,3/25/2021,8
18677269,2417817,"DIAZ-RAMIREZ,JORGE ESTEBAN",Garza East,6/17/2028,SEX ASLT CHILD,10/6/2022,6/21/2019,8
18680530,2404144,"VICKSTROM,TRAVIS JACOB",Lychner,6/1/2026,AGG ROBBERY,7/18/2022,3/24/2021,6
18695186,2458701,"GONZALES,ALBERT MENCHACA",Dominguez,12/24/2027,AGG ASLT W/DWPN,7/14/2023,9/20/2022,5
18707725,2506049,"ONEAL,KENDALL",Lopez,6/1/2026,AGG ASSLT W/DWPN,5/24/2024,7/9/2020,5
18709668,2452917,"NADOLSKI,STEVEN",Luther,5/1/2027,SEX ASLT CHILD,5/31/2023,5/5/2019,6
18710088,2602821,"HARTNETT,AUSTYN LEE",Briscoe,7/18/2064,MURDER,2/4/2026,7/20/2023,40
18717752,2573797,"SCOTT,EYEKING RAHIM",Garza East,6/26/2031,ASLT INT/REC BRTH/CIRC FAM PREV,7/24/2025,6/26/2025,6
18726030,2539264,"KENDRICK,LANDON OMAR",Segovia,8/1/2026,POSS CS PG1 1-4G,10/15/2024,4/22/2024,2
18732051,2408573,"MONDS,JULIAN JAQUAN",Willacy County,1/25/2031,AGG ROBBERY,8/8/2022,1/25/2021,10
18741769,2552089,"HENDERSON,DANIELLE LEIGH",O'Daniel,10/1/2027,ATTACK BY DOG CAUSE SBI,4/10/2025,8/16/2023,6
18745113,2516969,"MORENO,ABEL BILLY",Briscoe,3/1/2027,FELON POSS F/ARM,7/24/2024,4/4/2024,5
18757652,2611356,"PARTIDA,JACQUELINE YVETTE",Plane,6/22/2026,POSS CS 4-200G,5/12/2025,12/3/2021,4
18761048,2444143,"EKPENYONG,INI OKON",Clemens,8/10/2028,AGG ASLT DW,3/29/2023,8/10/2020,8
18765062,2517960,"MIMS,KENDRICK MORQUIZZE",Lychner,6/2/2026,AGG ASLT AGAINST PUB SERV,8/2/2024,2/19/2024,3
18771260,2527614,"POUZO,LUIS MIGUEL AVILA",Garza East,5/15/2029,ASLT FAM/HSEHLD MEM PREV CONV,9/23/2024,8/17/2023,5
18774304,2398643,"ESPINOZA,ROGELIO RENTERIA",Stevenson,6/9/2034,AGG SEXUAL ASSAULT CHILD,6/13/2022,11/3/2015,12
18785377,2441741,"SMITH,HANNAH MARIE",Coleman Work Facility,4/8/2028,MANSLAUGHTER,3/30/2023,8/23/2020,6
18787667,2507285,"ROBLES,EMILY",Hobby,3/24/2029,AGG ROBBERY,10/28/2024,3/25/2023,6
18794612,2468076,"SMITH,AVIAR MALEEK",Clements,9/22/2055,MURDER,9/12/2023,9/22/2020,35
18811797,2543518,"SIDHU,AMARPREET SINGH",Telford,10/19/2028,ROBBERY,1/28/2025,9/2/2024,4
18825307,2510880,"BARNETT,TEVIN CARRY",Lychner,4/28/2028,AGG ASLT W/DW,6/21/2024,7/12/2021,5
18833819,2444167,"VERA,JULIAN ALEX",Vance,10/15/2037,AGGRAVATED ROBBERY,4/3/2023,9/17/2020,17
18836743,2610536,"RODRIGUEZ,STEVE",Garza West,8/7/2027,DWI 3RD MO,3/16/2026,11/27/2023,3
18836919,2494662,"ACOSTA,ISAIAH ELIJAH",Lynaugh,4/7/2038,MURDER,2/16/2024,9/12/2022,15
18848382,2410715,"CASTANO,PATRICK ANTHONY",Bartlett,4/30/2034,INDEC W/CHILD CONTACT,8/22/2022,12/2/2018,12
18858159,2382289,"VIDALES,DANIEL A",Stevenson,1/14/2032,SEXUAL ASLT-CHILD,1/31/2022,7/30/2020,10
18859626,2393886,"WOLF,RYAN CHRISTOPHER",W. Scott,6/11/2026,AGG ROBBERY,5/12/2022,5/24/2021,8
18863474,2413528,"MARTINEZ,JONATHON E",Ramsey,9/9/2030,INDECENCY W/CHILD CONTACT,9/12/2022,4/1/2020,8
18867249,2367875,"VALLEJO,JOSE CHRISTIAN",Torres,10/5/2045,AGG SEX ASLT CHILD,10/4/2021,9/16/2017,25
18868828,2510934,"RAMOS,ORION XAVIER BELIAL",Ellis,4/26/2027,POSS CS PG1 1-4G,5/30/2024,10/9/2022,5
18869707,2570181,"MARTINEZ,LUIS ALBERTO",Byrd,10/17/2026,ASLT HOSPITAL PERSONNEL ON PROP,7/2/2025,10/17/2024,2
18875044,2540483,"AVALOS,JAIME JR",Garza East,10/4/2027,INDECENCY W/CHILD EXPOSES,1/9/2025,9/5/2019,3
18877976,2490116,"CRUZ,RUBEN SALVADOR",Memorial,1/22/2028,FELON POSS FIREARM,2/7/2024,1/21/2024,4
18878755,2601894,"RUFFIN,DAQUAN VENEKA",Hightower,9/14/2043,AGG ROBBERY,2/2/2026,8/8/2023,20
18886043,2500499,"HINOJOSA,ERIC RAMOS",Willacy County,11/1/2026,ONLINE SOLICIT MINOR-AROUSE/GR,4/12/2024,12/5/2023,8
18894697,2438491,"VASQUEZ-CARDONA,JOEL MATTHEW",Telford,4/4/2028,FELON POSS FIREARM,3/10/2023,10/19/2020,10
18900191,2563305,"BENITEZ,ELVIS RAY",Chasefield Wilderness,5/11/2028,AGG ASLT DWPN,5/30/2025,4/5/2025,3
18901494,2533688,"ONTIVEROS,KATRINA ISIS",Henley,4/6/2036,AGG ASLT W/DWPN,11/26/2024,4/6/2024,12
18904495,2390512,"CHAPA,CHRIS",Stevenson,2/14/2037,SEX ASLT CHILD,3/31/2022,7/29/2019,15
18906719,2389514,"SAMAYOA,JUAN CALEB VELAZQUEZ",Lopez,10/26/2030,AGG ASLT W/DWPN,4/4/2022,10/26/2020,10
18915061,2410517,"DE LA CRUZ,EDGAR KRISTOFF",Ferguson,9/30/2045,AGG ROBBERY,9/14/2022,9/19/2020,25
18917690,2394833,"ALATASI,DANE BRYANT-TUPUA",Torres,10/30/2050,AGG SEX ASLT,5/9/2022,9/30/2020,30
18931359,2572360,"DAVALOS,JOSE ISAAC SOTO",Garza West,3/19/2033,AGG ASLT W/DWPN,7/21/2025,3/20/2023,10
18935716,2419321,"MORRISON,GREGORY",Allred,11/9/2048,MURDER,10/24/2022,11/3/2020,28
18943202,2372990,"VILLARREAL,ROSS ROBERT",Hamilton,7/24/2026,ROBBERY,11/17/2021,12/22/2020,7
18955654,2563321,"JOHNSON,JUSTIN CHRISTOPHER",Garza East,5/1/2027,INDECENCY W/CHILD EXPOSES,5/19/2025,8/13/2021,3
18964183,2415635,"VASQUEZ,SERGIO",Chasefield Wilderness,9/10/2030,INTOX MANSLAUGHTER,9/27/2022,11/29/2020,8
18968687,2615214,"IBARRA,DIOLES AVALOS",Garza West,3/12/2028,EVADE ARR DET VEH,4/14/2026,12/1/2020,2
18970815,2414033,"VALDEZ,EMILIA GABRIELLA",Hilltop,3/1/2027,AGG SEX ASLT CHILD,9/23/2022,11/1/2019,6
18983815,2522300,"HASAN,MOHAMMED SAMEER",Torres,4/27/2034,RACING ON HIGHWAY CAUSING DEATH,8/30/2024,9/30/2021,10
18991704,2608005,"LOPEZ,LOUIS ANTONIO CORTEZ",Dominguez,1/1/2027,INJ CHILD/ELD/DIS W/INT BOD INJ,3/5/2026,6/29/2022,5
19000127,2514762,"TIJERINA,DEVIN XAVIER",Polunsky,4/25/2030,ASSLT FAM CHOKING/STRANG,7/16/2024,4/25/2024,6
19006109,2422270,"DEHOYOS,AGUSTINE",Ferguson,3/2/2027,AGG ROBBERY,11/9/2022,12/18/2020,5
19007234,2545612,"SIKMA,SHEA MICHELLE",Hobby,8/21/2026,BURG HABIT,2/28/2025,6/18/2024,5
19007256,2578889,"MCELROY,PERRY LEMONE",Chasefield Wilderness,11/9/2030,AGG ROBBERY,8/20/2025,11/9/2024,6
19007268,2539269,"PUENTE,MARCIAL",Lopez,3/16/2027,AGG ASLT W/DEADLY WPN,11/18/2024,7/21/2021,4
19014801,2409430,"CARRERA,DAVID MARIN",Briscoe,1/1/2031,AGG SEX ASLT CHILD,8/15/2022,1/1/2021,10
19022679,2443410,"RODRIGUEZ,ALEJANDRO MONTOYA",Willacy County,2/18/2043,INTOXICATION MANSLAUGHTER,4/5/2023,12/24/2020,20
19035538,2410739,"MEDRANO,SAMUEL L",Wynne,8/20/2030,AGG SEX ASLT CHILD,8/25/2022,12/30/2019,8
19041357,2396662,"COLORADO,JAZMYN",Crain,9/2/2026,AGG ROBBERY,5/24/2022,9/2/2021,5
19049874,2592108,"COONE,SIDNEY PAUL",Garza East,4/24/2050,AGG SEX ASLT CHILD,11/13/2025,5/1/2017,25
19051031,2599529,"GAZAMOUNDJOU,MIKAEL TONTON M",Ney,8/14/2027,AGG ASLT W/DDLY WEAPON,1/12/2026,1/23/2021,6
19067987,2581939,"MORENO,KRYSTLE ANN",Hilltop,6/1/2026,HARASSMENT OF PUBLIC SERV,10/7/2025,7/4/2025,2
19072384,2362050,"REDDEN,JAMES CHRISTOPHER",San Saba,11/10/2026,POSS CHILD PORNOGRAPHY,8/18/2021,2/4/2021,5
19076123,2520457,"WATKINS,JARABION DARCEL",Hightower,6/1/2026,AGG SEX ASLT CHILD,5/7/2024,6/1/2019,6
19087943,2419315,"LOZANO,GERARDO SAID ZUNIGA",Stevenson,12/23/2036,INTOX MANSLAUGHTER,10/21/2022,12/24/2021,15
19089987,2585203,"RAMOS,ELIJAH",Garza East,5/11/2063,MURDER,10/9/2025,12/6/2020,40
19092695,2480347,"GUERRERO,ZACHERY NOEL",Wainwright,10/5/2029,AGG ASLT W/DWPN,12/7/2023,2/22/2021,6
19102389,2589132,"GOMEZ,CHRISTIAN",East Texas Treatment Facility,9/17/2026,POSS CS PG 1/1-B >=1G<4G,,8/25/2022,3
19104764,2439937,"SAPP,LADARIAN",Bartlett,6/7/2037,AGG ROBBERY,3/15/2023,6/2/2022,15
19112036,2415583,"GARCIA,JARREN DIEGO",Robertson,5/2/2040,MURDER,9/30/2022,3/5/2021,18
19116532,2397182,"CANTU,JOSE MARGARITO",Powledge,3/7/2046,AGG SEX ASLT-CHILD,6/1/2022,8/1/2009,25
19127426,2574181,"CHAIREZ,D LANNY REANEILLE",Murray,4/28/2041,ASLT INT KNOW SBI OMISS CHILD,8/5/2025,4/28/2021,20
19128321,2577972,"DUNKLEY,SHARTTARIUS ANTWOND",Hamilton,7/24/2026,EVAD ARRST DET W/VEH,1/13/2023,10/6/2022,4
19131652,2484991,"BULLOCK,SIMON MICHAEL",McConnell,1/3/2077,SEX ABUSE CHILD CONTINUOUS,1/5/2024,4/15/2022,53
19144541,2457708,"TONEY,SAMUEL GILBERT",Willacy County,7/3/2026,CONT VIOL AGAINST FA,7/10/2023,11/7/2020,3
19144706,2425613,"SERRANO PAULA,SANTOS ADALBERTO",Garza East,3/23/2031,INDEC W/CHILD CONTACT,12/2/2022,3/8/2012,10
19146766,2566873,"MASCORRO,JACOB JOHNSON",Dominguez,4/25/2027,DDLY CONDUCT DSCH F/ARM,5/13/2025,5/2/2024,2
19152749,2452484,"CARRANZA,ELENA MAE",Crain,6/27/2029,INTOX MANSLAUGHTER,6/1/2023,1/3/2021,15
19164614,2420620,"CORDOVA,GABRIELA ESMERALDA",Hobby,11/14/2031,AGG ASLT AGAINST PUB SERV,10/31/2022,4/16/2021,10
19166791,2491623,"WIEMERS,WESLEY MICHAEL",Cotulla,9/25/2031,AGG ROBBERY,2/21/2024,9/25/2023,8
19167193,2494693,"PARDO,RUDY ISAIAH",Garza East,2/18/2029,MURDER,2/29/2024,2/19/2023,6
19169570,2515376,"CASTILLO,SAMANTHA LEIGH",Crain,6/25/2032,INTOXICATION MANSLAUGHTER,6/28/2024,4/7/2021,8
19171684,2583970,"JONES,CAMERON ANDRE",Segovia,4/29/2027,PROST/OTHER PAYOR SOLICIT U/18,3/4/2025,11/26/2020,5
19174292,2491340,"POWELL,CHRISTOPHER LEE",Cotulla,1/21/2064,MURDER,2/7/2024,4/9/2021,40
19174675,2465883,"DAVIS,LENARD GERARD",Garza East,9/20/2028,SEX ASLT CHILD,8/31/2023,9/21/2022,6
19174707,2469910,"RANGEL,ADAM",Ferguson,4/3/2028,ALTER/DESTR/CONCEAL HUMAN CORP,9/25/2023,7/19/2022,8
19174832,2608876,"TURNER,JASON EDWARD",Dominguez,3/17/2027,POSS CS PG1/1-B <1G,3/18/2026,12/24/2025,1
19177276,2590348,"ANDRESEN,COREY REED",Dominguez,6/6/2026,CRIM MISCH 2500-30K,11/17/2025,3/12/2022,1
19180860,2499426,"RANDLE,MICHAEL LAVELLE",Robertson,9/23/2047,MURDER,4/9/2024,9/3/2022,25
19185510,2456837,"GONZALEZ,MIGUEL GARCIA",Garza East,6/13/2042,MURDER,6/26/2023,6/13/2021,21
19185591,2424557,"ALONSO,FERNANDO FABIAN",Willacy County,4/15/2031,AGG SEX ASLT CHILD,11/28/2022,2/1/2020,10
19185627,2605404,"RAMOS,ROGELIO JOAQUIN",Dominguez,2/17/2031,POSS CS PG2 1-4G,2/19/2026,8/26/2025,5
19191194,2482079,"BRIDEGROOM,WILLIAM ERIC",Garza West,5/10/2038,SEXUAL ASLT CHILD,12/13/2023,5/2/2023,15
19197583,2397210,"RIVERA,ERICK ARATH GONZALEZ",Allred,8/30/2029,AGG ROBBERY,6/2/2022,8/24/2021,8
19198925,2366332,"JEANLOUIS,CHRISTOPHER JAMES",Ellis,11/16/2026,BURG HABIT-FORCE,9/22/2021,4/25/2021,5
19198931,2499679,"MARTIN,ROBERT D",Coffield,8/1/2036,MURDER,4/16/2024,4/25/2021,15
19201274,2443146,"CAMACHO,SEPHIROTH GUTIERREZ",Memorial,6/28/2032,AGG ROBBERY,3/27/2023,6/29/2022,10
19201705,2615222,"VALDESPINO,ISAAC DANIELLE",Garza West,9/2/2027,EVADING ARREST DET/W/VEH,10/16/2023,4/27/2021,3
19203015,2456847,"SANCHEZ,REYNALDO",Stevenson,6/28/2033,SEXUAL ASLT-CHILD,6/30/2023,8/25/2018,10
19204271,2612624,"DELUNA,LAURA E",Plane,2/16/2028,POSS CS 4-200G,4/2/2026,7/5/2022,2
19209269,2398191,"JUAREZ,FRANCISCO ANTONIO",Hightower,4/29/2029,INDEC CHILD-EXP,6/14/2022,7/10/2019,8
19209271,2550466,"SALAS,SAMUEL H",Connally,2/13/2034,AGG SEXUAL ASLT-CHILD,3/5/2025,9/1/2019,10
19209594,2418312,"CABRERA,MARCOS PATINO",Stevenson,10/13/2036,AGG SEX ASLT-CHILD,10/17/2022,1/4/2017,14
19210081,2468072,"SANCHEZ,JULIO CESAR",Torres,3/20/2033,INDECENCY W/CHILD CONTACT,9/11/2023,5/12/2003,10
19212573,2379787,"GARRETT,JONATHAN LEE",Torres,4/27/2051,AGG SEXUAL ASLT CHILD,1/13/2022,2/7/2021,30
19218846,2608022,"VALENZUELA,NOEL ANGEL",Briscoe,2/9/2030,SEX ASLT CHILD,3/2/2026,6/15/2018,5
19222224,2604004,"BARRAZA,NATHAN TYLER",Ney,7/28/2043,AGG ASLT W/DEADLY WPN,2/6/2026,4/9/2022,20
19229745,2575805,"HALLAM,JACOB",Briscoe,9/26/2032,INDEC W/CHLD SEX CONTACT,8/13/2025,2/21/2024,8
19231996,2432989,"GARDNER,AMARI DAIJANEA",Hobby,5/14/2051,MURDER,2/6/2023,5/14/2021,30
19235367,2531966,"FIELDS,KENYETTA SHARRIFF JR",Willacy County,2/26/2034,AGG SEXUAL ASSLT,11/14/2024,10/31/2023,10
19245275,2597579,"SMITH,DYLAN TENNYSON",Torres,4/1/2027,BURG HAB,12/1/2025,5/23/2021,6
19245512,2580783,"BAILEY,SUMMER D",Plane,4/1/2028,AGG ASLT W/DW,9/22/2025,5/23/2021,4
19246437,2565960,"PEREZ-ALCORTA,ELIJAH MATTHEW J",Garza East,8/22/2029,AGG ROBBERY,1/7/2025,12/3/2022,6
19247443,2397461,"GAWLIK,RICHARD",Stevenson,5/23/2037,AGG SEX ASLT CHILD,6/13/2022,1/1/2020,16
19252025,2613027,"LOERA,CHRISTIAN MATHEW",Garza West,6/4/2049,AGG ROBBERY,4/2/2026,5/30/2024,25
19252265,2600808,"GRAY,PATRICK LAMONT JR",Segovia,12/1/2026,ROBBERY,1/7/2026,4/4/2021,3
19254709,2571338,"ALMAREZ,DANIEL ALEJANDRO",Travis County,3/9/2033,AGG ROBBERY,7/7/2023,3/10/2023,10
19256195,2394856,"PINAL,OSCAR ALBERTO GONZALEZ",Boyd,5/27/2041,AGG SEX ASLT CHILD,5/19/2022,4/30/2021,20
19257233,2572713,"MACIAS,ABELINO",Garza East,1/13/2030,AGG ASLT W/DWPN,7/25/2025,6/19/2023,5
19260570,2447494,"MONROE,DEONTA",Cotulla,3/9/2038,AGG ROBBERY,5/5/2023,7/10/2021,15
19261823,2454891,"DELACRUZ,JESUS",Garza West,7/23/2027,POSS WID CS PG2 4-400G,6/26/2023,6/3/2022,10
19262282,2466587,"SHAW,TATIANNA AQUAVIA",Coleman Work Facility,4/5/2029,AGG ROBBERY,9/21/2023,4/6/2023,6
19266191,2582502,"HERNANDEZ,DIMAGGIO BERNARD",Gist,11/12/2026,UNL CARRY WPN W/FEL CONV,9/19/2025,1/15/2025,5
19267205,2494685,"LEYVA,JAVIER MICHAEL",Garza East,2/20/2049,INJ CHILD SBI INT KNO,3/7/2024,5/30/2021,25
19267548,2592112,"STANFORD,DYRANE JEROLD",Willacy County,10/28/2026,DWI 3RD MORE,1/19/2024,4/23/2023,3
19268306,2434052,"NASH,ANTHONY",Smith,9/28/2042,MURDER,2/7/2023,1/22/2020,20
19272320,2451946,"WILLIS,MARC ANTHONY XAVIER",Memorial,9/30/2028,AGG ROBBERY,5/23/2023,10/1/2022,6
19278987,2581294,"MEJIA-MATU,ANDREW ALDUIN",Connally,12/27/2026,AGG ASLT W/DWPN,9/8/2025,12/27/2024,2
19279302,2423479,"ALVAREZ,PEDRO ESCOTO",Clements,6/12/2046,CONT SEX ABUSE CHILD,11/28/2022,7/12/2013,25
19281379,2567941,"STEPHENS,ZACHARY LOUIS",Torres,3/4/2028,EVADING ARREST,6/24/2025,3/5/2025,3
19290255,2552122,"AGUILAR,NICKOLLE C",O'Daniel,8/26/2036,INJURY TO CHILD SBI OMISSION,8/6/2024,7/24/2021,15
19290678,2519865,"HERRARTE-CERMENO,EDUARDO DAVID",Garza East,7/23/2026,AGG ASLT W/DEADLY WPN,8/20/2024,7/16/2023,3
19291161,2569719,"SCHNITZ,SHALISE MONAIE",Plane,6/22/2035,AGG ASLT W/DW,7/15/2025,9/5/2021,10
19293667,2483923,"ALVAREZ,RENZO MAX MESIAS",Torres,10/3/2027,ASLT-FAM-CHOKING/STRANG,1/9/2024,5/28/2023,10
19307138,2545152,"PEREZ,ETHAN",Ferguson,5/18/2029,AGG ROBBERY,2/11/2025,3/19/2023,5
19309764,2613016,"DEVILBISS,ETHAN LANE",Garza West,6/25/2027,ASLT FAM/CHOKING/STRANGU,4/1/2026,3/9/2022,6
19309884,2479922,"MORLEY,RICHARD",Jester III,6/18/2027,VIOL SX OFFNDR REG,1/27/2023,5/9/2022,4
19311993,2438478,"PANADRO-HERNANDEZ,EDY LISARDO",Huntsville,7/1/2031,AGG SEXUAL ASSLT - CHILD,3/3/2023,6/14/2021,10
19319335,2429954,"OCAMPO,FABIAN FIDEL",Wallace,1/1/2030,INDEC W/CHILD CONTACT,1/11/2023,7/8/2021,7
19319398,2425584,"GONZALEZ,JESUS",Lopez,7/8/2026,ARSON,12/9/2022,7/8/2021,5
19328554,2366962,"MORENO,ISIDRO IBARRA",Stevenson,1/1/2027,POSS CHILD PORN,9/28/2021,7/14/2021,7
19333099,2449743,"MONTOYA,MICHAEL JUAN",Garza East,3/12/2057,MURDER,5/18/2023,3/13/2022,35
19333920,2507751,"ROJAS,AUSTIN ANTHONY",Ney,1/16/2028,EVADING ARREST DETN W/VE,5/28/2024,11/17/2023,10
19336050,2535030,"CHAMBLISS,TABARI JAI'QWUAN",McConnell,11/1/2032,AGG ASLT DW,1/18/2023,5/23/2021,10
19338098,2446486,"LOPEZ,BRAYAN HUMBERTO MADRID",Briscoe,7/19/2046,AGG SEX ASLT CHILD,4/17/2023,7/15/2021,25
19338633,2444157,"MARTINEZ,THOMAS R",C.T. Terrell,7/20/2031,AGG SEXUAL ASLT-CHILD,3/31/2023,3/1/2020,10
19340187,2581318,"SALAZAR,ALEX ALFONSO",Garza East,10/19/2027,COLLISION INVL INJ,9/23/2025,5/3/2024,5
19342434,2585200,"NOLAN,TERRY LOUIS",Dominguez,12/1/2026,UNL POSS FIREARM BY FELON,10/2/2025,5/6/2025,4
19342954,2408581,"VALENTE LORENZO,JORGE LUIS",Ferguson,12/15/2027,AGG ROBBERY,8/15/2022,12/15/2021,6
19344531,2605039,"SKINNER,REGINALD",Segovia,6/1/2026,ASLT FAM/HSE MEM IMP BRTH/CIRC,2/18/2026,3/24/2023,2
19345176,2414027,"PRINE,LAUREN KATHLEEN",Hilltop,7/23/2029,INJ TO CHILD SBI INT/KNO,9/16/2022,7/23/2021,8
19350010,2490117,"EBERHARDT,DEREK",McConnell,6/1/2026,THEFT $150-300K,11/16/2022,8/12/2021,8
19355850,2610512,"CARRILLO,LAZERITH ESTEBAN",Garza West,1/26/2073,MURDER,3/23/2026,1/27/2023,50
19356882,2591450,"MARTINEZ,MARIA MAGDALENA QUIRI",Crain,6/10/2026,ABAN/DANG CHILD W/O INT RETURN,11/21/2025,6/15/2021,3
19357195,2505826,"BALLESTRO,WILLIAM",Stevenson,4/21/2050,MURDER,5/16/2024,3/9/2022,26
19360310,2559122,"PONCE,NOAH GILBERT",Garza East,8/4/2030,AGG ROBBERY,4/21/2025,4/14/2024,6
19364564,2423283,"LOPEZ,HERONIMO FRANCISCO",Torres,11/5/2027,BURG HAB-INTENT COMMIT FEL,11/14/2022,7/28/2021,5
19366741,2396605,"HOLGUIN,JOSHUA PAUL",Goree,12/7/2026,AGG SEXUAL ASLT CHILD,5/27/2022,5/3/2010,8
19369732,2518753,"DUNLAP,CODY LANE",Clements,2/8/2033,AGG ASLT AGAINST PUB SERV,8/9/2024,2/9/2024,9
19374595,2611815,"OROZCO,DANIEL ENRIQUE",Garza West,5/19/2033,AGG ROBBERY,5/2/2022,10/23/2021,11
19374764,2593447,"WATSON,ANTHONY JR",Briscoe,4/30/2069,MURDER,12/8/2025,8/8/2023,45
19374831,2610518,"GALLOWAY,JAY A",Dominguez,8/1/2026,ASLT FAM CHOKING/STRANGU,3/19/2026,5/26/2023,3
19377134,2466823,"MATHEWS,MYRON B",Connally,8/11/2051,SUPER AGG SEX ASLT CHILD,9/5/2023,8/3/2021,30
19381725,2609549,"REDD,SAMUEL LEE",Byrd,10/23/2026,ESCAPE FEL CUSTODY/CORR FACIL,2/2/2022,8/13/2021,8
19387349,2548558,"WILLIAMS,DEWAYNE MEKHI III",Garza West,11/28/2031,AGG ROBBERY,8/26/2022,11/28/2021,10
19388113,2451940,"HEMPHILL,TRESTON JAYSHAWN",Dominguez,6/1/2026,BURG HABIT FORCE,6/1/2023,10/10/2022,5
19388942,2456281,"HOLGUIN,ZENAIDA JUDE",O'Daniel,7/4/2033,AGG KIDNAPPING,7/7/2023,12/5/2021,10
19389404,2532669,"LIRA,KEVIN",Willacy County,12/1/2026,MAN DEL CONT SUB 4-200G,11/26/2024,6/6/2024,6
19393927,2542087,"MARTINEZ,SUZETTE",Hobby,12/1/2031,ASLT PEACE OFFICER/JUDGE,2/5/2025,12/1/2024,7
19394128,2611806,"GARCIA,ANDRE JOE",Garza West,6/29/2028,BURG HABIT,3/25/2026,6/24/2025,6
19397326,2462898,"CARO,JOEL JAVIER ENRIQUE",Telford,11/26/2037,AGG ROBBERY,8/2/2023,11/6/2022,15
19408897,2478917,"SOTO,MICHAEL RENE",Ferguson,1/6/2037,MANSLAUGHTER,11/27/2023,8/28/2021,15
19412629,2512013,"VILLARREAL,PHILLIP RYAN",Dominguez,3/2/2027,POSS WID CS PG2 4-400G,6/25/2024,8/12/2021,7
19429067,2406472,"PENA,RICARDO PEREZ",Briscoe,5/12/2027,ROBBERY,8/4/2022,8/17/2021,5
19430410,2502687,"FOSTER,LARRY L",Connally,6/26/2026,DWI 3D/M,2/23/2022,9/10/2021,6
19430773,2564632,"LOMAS-HERNANDEZ,LUIS CARLOS",Stevenson,9/14/2028,INTOX MANSLAUGHTER W/VEH,6/9/2025,6/30/2024,10
19431098,2605040,"TOLSON,JAHMEIRE ALEX SHIHEM",Lopez,3/2/2027,EVADING ARREST DET W/VEH,2/11/2026,9/18/2025,3
19432737,2578890,"MOLINA,NICHOLAS JOSEF",McConnell,10/8/2030,INDEC W/CHILD SEX CONTACT,8/29/2025,10/5/2024,6
19433423,2508749,"HERNANDEZ CASTRO,CHRISTAN JOSU",Torres,4/8/2031,AGG ASLT W/DEADLY WPN,6/10/2024,4/8/2023,8
19440732,2567204,"CUMMINGS,JORDON",Travis County,6/23/2026,CONT VIOL AGAINST FAM,8/8/2022,9/16/2021,4
19442837,2549202,"NUNEZ,JAIME LAMAR JR",Ney,2/6/2027,ASLT PEACE OFFICER/JUDGE,3/6/2025,2/6/2025,2
19446601,2557410,"GARCIA,JAMES JOSE",Clemens,4/30/2059,MURDER,4/22/2025,3/30/2024,35
19451438,2483007,"GONZALES,ISAAC DEIGO",Estelle,1/14/2063,MURDER,1/16/2024,10/4/2022,40
19452294,2539250,"CISNEROS,JOSEPH ANDREW",McConnell,10/30/2029,INTOXICATION ASLT W/VEH SBI,12/30/2024,3/27/2023,5
19458527,2502702,"MONTALVO,ELIJAH JAMES",Robertson,12/12/2043,INTOX MANSLAUGHTER,5/3/2024,9/26/2021,20
19460839,2604023,"MILFORD,RONDRIC",Segovia,2/1/2027,ASLT PEACE OFFICER/JUDGE,3/18/2025,7/14/2024,3
19463012,2415772,"ARIAS,KADE",McConnell,9/10/2034,AGG SEX ASLT CHILD,9/19/2022,3/9/2020,12
19468218,2539267,"MARTINEZ,CARLOS JULIO III",Segovia,10/11/2027,ASLT FAM 2ND OFF,12/20/2023,2/6/2023,4
19470782,2611823,"SCOTT,BYRON LEVON",Garza West,7/8/2033,AGG ROBBERY,3/27/2026,7/8/2025,8
19474991,2615201,"CANTU,AIDEN LORENZO",Garza West,1/26/2029,AGG ROBBERY,4/9/2025,1/27/2023,6
19484667,2412375,"SALAZAR,JESUS GARCIA",Stevenson,10/11/2031,AGG SEX ASLT CHILD,9/2/2022,10/11/2021,10
19492497,2573800,"SILVA,JULIAN CARLOS",Lopez,1/14/2033,AGG ROBBERY,7/22/2025,12/8/2024,8
19499239,2531721,"RIOS,ALDO G MARTINEZ",Lopez,9/16/2034,AGG ASLT DW,10/28/2024,10/19/2021,10
19500190,2594731,"HILL,JONATHAN",Willacy County,8/25/2027,POSS CS PG1/1-B L/1G,12/5/2025,8/25/2025,2
19503327,2499403,"BAZAN,LEX LUIS",Garza East,3/28/2029,SEXUAL ASLT CHILD,4/11/2024,7/19/2021,5
19504251,2510881,"BECERRA,JUAN ALVARADO",Connally,6/8/2046,MURDER,6/14/2024,10/23/2021,22
19504258,2605025,"MOHAMMAD SULTAN,MOHAMMAD KHAN",Dominguez,5/26/2027,VIOL BND/PRO ORD 2 TIMES 12M,2/17/2026,5/26/2025,2
19508668,2428557,"VALDEZ,DAVID",Garza East,10/24/2036,AGG SEX ASLT CHILD,12/16/2022,8/16/2021,15
19520584,2561515,"MESSER,CHRISTOPHER DEONTA",Cotulla,10/26/2031,ROBBERY,5/20/2025,10/26/2024,7
19521448,2612133,"PALOMO,NOAH ANTHONY",Garza West,2/6/2029,ASLT PEACE OFFICER/JUDGE,4/1/2026,2/7/2026,3
19528971,2437233,"WESSON,NESTOR",Connally,11/7/2027,INJ CHILD BI OMISSION,2/27/2023,11/2/2017,6
19532756,2611796,"BORREGO,FRANCISCO JAVIER",Garza West,4/1/2030,PROHIBITED WEAPON,3/30/2026,4/1/2025,5
19533377,2400561,"AMADOR,JOSHUA",Stevenson,11/9/2036,AGG SEX ASLT CHILD,6/22/2022,12/6/2010,15
19536096,2550456,"MALDONADO,GEORGE ANGEL ANTHONY",Connally,6/25/2029,OBSTRUCT RETALIATE,3/6/2025,1/19/2025,5
19548430,2485009,"PEREZ,PAUL ANTHONY",Hamilton,10/1/2026,AGG ASLT W/DWPN,1/4/2024,7/11/2023,4
19548432,2569268,"ODIPO,DAVID JEREMIAH",Garza West,5/12/2027,ATTMPT TO COMMIT ROBBERY,7/16/2024,2/1/2024,3
19550254,2514743,"GONZALEZ,ALBERT A",McConnell,5/30/2053,MURDER,5/14/2024,12/6/2021,30
19554609,2539252,"CORPUS,JULIO CESAR JR",Torres,9/10/2027,ASLT PREG PERSON,12/18/2024,10/6/2022,3
19555506,2444350,"RODRIGUEZ,JOSIAH",McConnell,9/20/2032,AGG ROBBERY,4/18/2023,6/22/2022,10
19555931,2540207,"MEDEROS,ANGEL",Garza East,10/31/2030,AGG ROBBERY,3/12/2024,4/12/2023,7
19562750,2446467,"CARTER,TA'NEZ SAKAI",Stiles,6/13/2028,AGG ROBBERY,4/25/2023,2/12/2022,6
19563387,2401707,"ZAMARRIPA,DANIEL RIOS",Torres,6/24/2030,INDEC W/CHILD-CONTACT,6/30/2022,10/8/2016,8
19565346,2531984,"SERDA,KODY KOLTON",Segovia,11/11/2028,UNL CARRY WPN W/FEL CONV,11/13/2024,3/21/2024,10
19565474,2463776,"BUTLER,RICKY LYNN",Briscoe,9/4/2032,SEX ASLT CHILD REPEATER,8/15/2023,11/11/2021,10
19566095,2556141,"BANDA,RAEMON JESUS",Dominguez,3/14/2031,AGG ROBBERY,4/23/2025,3/14/2023,8
19567510,2600667,"LOREDO,FRANCISCO GENARO JR",Glossbrenner,9/5/2026,THEFT PROP >=$30K<$150K,,12/19/2024,6
19570540,2434028,"AMARO,KEVIN",Roach,3/2/2027,ROBBERY,1/30/2023,12/6/2021,6
19576826,2595404,"TOLLESON-LAMARRE,SYDNEY SUSAN",Plane,12/29/2026,POSS CS PG1/1B 4-200G,12/17/2025,12/10/2024,3
19577344,2526463,"GUTIERREZ,SAMMY CRUZ",Garza East,9/26/2044,MURDER,10/1/2024,12/12/2021,20
19581896,2590695,"MARTIN,FIONA KATHRYN",Henley,6/28/2026,"THEFT PROP <$2,500  2/MORE PREV",,6/30/2025,2
19582921,2595695,"RAMOS,VINCENT",Garza West,4/9/2034,AGG ASLT W/DWPN,12/17/2025,8/30/2023,9
19584971,2478191,"IMERY,CARLOS H",Hightower,11/10/2031,AGG SEX ASLT CHILD,11/13/2023,11/24/2021,8
19594785,2497323,"ANDERSON,ZACHARIAH LEE",Wheeler,3/24/2033,ARSON HABITATION,2/23/2024,12/24/2021,10
19595426,2467302,"HERNANDEZ,SAMANTHA ANN",Plane,1/3/2027,KIDNAPPING,9/27/2023,12/5/2021,8
19595679,2605378,"SANCHEZ,JOHN ANTHONY",Glossbrenner,10/1/2026,BURG HABIT-FORCE,11/27/2023,7/22/2023,4
19597377,2444138,"CAMACHO,ALFRED",Hamilton,6/4/2026,AGG ROBBERY,4/11/2023,3/20/2022,6
19598197,2614175,"REESE,WALTER JAMES JR",Garza West,8/28/2027,EVAD ARR DET VEH,4/14/2026,8/23/2023,3
19600843,2404126,"JIMENEZ-ZARAGOZA,JAVIER",Bradshaw,4/3/2027,BURG HABIT,7/21/2022,3/5/2022,5
19607657,2561681,"LOPEZ,ATHENA JOANE",Plane,5/28/2027,ASLT PEACE OFFICER/JUDGE,6/2/2025,7/17/2023,3
19609170,2427428,"LARA-SANCHEZ,HECTOR ENRIQUE",Torres,1/5/2037,AGG SEX ASLT CHILD,12/15/2022,1/6/2022,15
19610343,2449742,"CASTILLO,SEBASTIAN JOHNNY",Michael,11/1/2027,BURG HAB-INTENT COMMIT,5/18/2023,10/26/2022,5
19615823,2581265,"BADILLO,FIDENCIO ANTONIO",Torres,5/9/2030,AGG ROBBERY,9/11/2025,2/19/2025,5
19618907,2595704,"VARELA,ANGEL JOEL",Segovia,1/20/2027,BURG HABIT INT COMMIT ASLT,12/15/2025,10/15/2018,3
19626179,2593438,"PALK,CHRISTOPHER LYLE",Lopez,11/1/2026,AGG ASLT DW,12/4/2025,1/18/2022,4
19629558,2443373,"ALFARO,MICHAEL ANTONIO",Ferguson,2/27/2029,AGGRAVATED ROBBERY,4/4/2023,11/14/2021,7
19635044,2478894,"HARRIS,ALUCARD R",Garza West,11/21/2029,SEX ASLT CHILD,11/27/2023,2/13/2022,6
19637296,2462928,"WALLACE,OL",McConnell,1/24/2067,MURDER,8/8/2023,1/17/2022,45
19639540,2614176,"REVILLA,ARMANDO",Garza West,1/15/2027,ROBBERY,4/14/2026,4/24/2022,2
19646991,2540503,"ROMERO,MAURICIO",Lopez,8/2/2026,DDLY COND DSCH F/ARM,1/9/2025,1/30/2022,4
19648253,2468970,"LOSOYA,MANUEL",Garza West,4/1/2027,INDECENCY W/CHILD CONTACT,9/20/2023,12/18/2021,8
19649626,2471077,"MRAZEK,DEZARAIE LYNN",Crain,7/1/2026,POSS CHILD PORN,10/25/2023,2/1/2022,8
19653559,2476090,"HARRIS,ANTWON",Torres,6/1/2026,ASLT PREG PERS,11/3/2023,9/24/2023,3
19659067,2430589,"MEDELEZ,AUGUSTON KANE",McConnell,2/7/2046,MURDER,1/18/2023,10/11/2021,24
19660573,2450031,"AGUILLARD,KEVIN MONTRELL",Fort Stockton,2/8/2028,AGG ROBBERY,5/19/2023,2/8/2022,6
19661439,2464849,"JONES-MITCHELL,JEROME M",W. Scott,5/23/2031,ROBBERY,8/23/2023,10/8/2022,8
19663615,2596672,"CANTU,ANGEL ANTONIO",Garza West,9/3/2033,IND CHILD SEX CONT,12/18/2025,4/8/2021,8
19665998,2478903,"MARTINEZ-VARGAS,OMAR",Wynne,2/11/2052,MURDER,11/21/2023,2/11/2022,30
19666996,2557598,"ZENDEJAS,EDMUND RAINE",Garza East,8/18/2036,AGG ASLT W/DDLY WPN,4/17/2025,7/17/2024,12
19667019,2459758,"CISNEROS,ANDREW THOMAS",Clemens,7/9/2029,AGG ROBBERY,7/21/2023,2/8/2022,6
19673341,2547692,"RAMIREZ,ANGEL MARIE",Hobby,11/13/2033,AGG ROBBERY,2/27/2025,10/31/2023,10
19675062,2586944,"COLES,DERRICK",Ney,4/18/2070,ASLT INTENT KNOW SBI CHILD,10/20/2025,2/6/2022,45
19675309,2452390,"MERAZ,PORFIRIO",Torres,2/16/2037,AGG SEX ASLT CHILD,6/2/2023,12/3/2020,15
19678230,2455430,"JARAMILLO,GEORGE ESTEVEN",Pack,2/19/2042,AGG SEX ASLT CHILD,7/5/2023,2/19/2022,20
19680552,2505833,"GANNON,GEORGE PHILLIP",Jester III,12/26/2026,POSS CS PG1 4-200G,1/5/2024,7/22/2023,3
19688842,2487013,"MARTINEZ,ENRIQUE",Allred,2/26/2042,AGG ROBBERY,1/23/2024,2/26/2022,20
19688862,2446469,"CASTILLO,CARLOS LEE",Dominguez,2/26/2034,AGG ROBBERY,4/24/2023,2/26/2022,12
19688953,2439026,"SINGLETON,LEON",Hospital Galveston,2/26/2042,AGG ASLT DW,3/8/2023,2/8/2022,20
19692690,2576031,"EDDENS,CHRISTOPHER WILTEZ",Lopez,9/24/2026,ROBBERY,8/14/2025,10/10/2022,3
19704764,2468963,"GILLIAM,DAVID SCOTT",Garza East,9/16/2030,INDECENCY CHILD EXPOSURE,9/21/2023,8/14/2021,7
19706821,2478889,"GARCIA,RYAN TYLER",Dominguez,4/6/2027,DEADLY CONDUCT-FIREARM,11/29/2023,2/27/2022,3
19711715,2541200,"LAFAYETTE,DONALD",Garza East,3/11/2030,INDEC CHILD EXPOSE,1/27/2025,12/26/2020,8
19712464,2581275,"DINES,MICHAEL JOHN",Stiles,1/1/9999,MURDER,4/18/2024,3/13/2022,Life
19714199,2535868,"GAMEZ,DAVYN DYLAN",Gist,11/12/2026,AGG ASLT W/DDLY WPN,12/9/2024,1/3/2024,4
19719756,2541208,"RIVERA,ANGEL ANTHONY",Garza East,1/20/2029,AGG KIDNAPPING,5/31/2024,10/13/2022,5
19719931,2420764,"LEVY,JONATHAN BARTON",Hughes,3/30/2034,AGGRAVATED ROBBERY,11/3/2022,3/30/2022,12
19721919,2440906,"HUGO,GOMEZ RETA NORBERTO",Willacy County,3/17/2029,AGG SEXUAL ASLT CHILD,3/22/2023,4/2/2021,6
19722932,2571539,"MARTINEZ GOMEZ,ALEXANDER RAFAE",Glossbrenner,11/10/2026,EVADING ARREST DET W/VEH,7/15/2025,12/6/2023,4
19726978,2564354,"PHILLIPS,ETHAN TYLER",Willacy County,6/13/2036,AGG KIDNAPPING RANSOM/REWARD,6/2/2025,6/13/2024,12
19728226,2575817,"POLK,ZAKAR ANDREW KIMANI",W. Scott,3/22/2044,AGG ASLT MV DISCH FIREARM HAB/BL,7/29/2025,2/22/2024,20
19729783,2502479,"WALKER,JONATHAN",Wynne,4/23/2039,AGG SEX ASLT CHILD,4/23/2024,2/1/2017,15
19731142,2476097,"MORAN,NOAH ANGEL",Hightower,10/28/2031,AGG ROBBERY,10/30/2023,12/11/2022,8
19731624,2410339,"RAMIREZ,ANA VICTORIA",Plane,8/29/2026,INJURY CHILD W/INT BI,8/30/2022,2/4/2021,4
19732872,2536722,"GARZA,BELLA DAE",Crain,12/8/2036,INTOXICATION MANSLAUGHTER,12/27/2024,3/22/2022,12
19733912,2569000,"EZEKIEL,AUSTIN ROBERT",Lopez,4/9/2028,DWI 3RD OR MORE,7/1/2025,4/10/2025,3
19740015,2605027,"MURPHY,DENNIS M",Lopez,9/24/2026,VIOL BOND PROT ORD 2+ W/I 12M,1/10/2025,10/23/2021,4
19744177,2574863,"LOPEZ,ARTURO CRISOSTOMO",Garza East,7/15/2027,COLLISION INVOLVING SER BOD INJ,7/21/2025,9/3/2023,5
19744403,2565753,"WHITLEY,DEMARCUS",Garza West,5/16/2046,MURDER,6/9/2025,8/4/2023,22
19744757,2604030,"REBELO-GARCIA,DAVID FRANCISCO",Ney,3/4/2045,AGG ROBBERY,2/9/2026,3/30/2024,20
19744798,2468027,"FERNANDEZ,RICARDO ANTONIO",McConnell,3/20/2033,DDLY COND FIREARM,9/18/2023,8/24/2022,10
19747751,2501433,"VILLAREAL,JEREMIAH JOE ANTHONY",Briscoe,10/24/2062,MURDER,4/17/2024,10/22/2022,40
19750027,2508758,"MORALES,LEE ROY",Ney,4/5/2029,FAIL STOP RENDER AID DEATH,6/6/2024,12/16/2022,15
19751239,2454089,"BRANCH,SHAWN",Hightower,4/3/2042,AGG SEXUAL ASLT CHILD,6/15/2023,3/8/2016,20
19754356,2564629,"GARZA,JUAN LERICK",C.T. Terrell,11/11/2026,ATT INDECENCY W/CHILD SEX CON,5/8/2025,4/20/2022,4
19762724,2497073,"SCOVILL,TIMOTHY TYLOR",Vance,11/1/2026,AGG ROBBERY,3/27/2024,8/5/2022,5
19766632,2426693,"DIAZ-DE LA CRUZ,JUAN CARLOS",Torres,4/14/2032,TRAFF CHILD ENGAGE CONDUCT/SEX,12/9/2022,7/6/2021,10
19771938,2427429,"LOTHAMER,JUSTIN ABRAM ANDREW",Connally,4/18/2032,AGG SEX ASLT CHILD,12/13/2022,4/19/2022,10
19774380,2556659,"VALDEZ,CARLOS",Holliday,12/5/2032,AGG ROBBERY,12/18/2024,11/13/2022,8
19778253,2598476,"GALARZA,ERIC",Cotulla,10/11/2035,ASLT FAM/HSE MEM PREV CONV,1/7/2026,10/8/2025,10
19784204,2447478,"ALSIDEZ,ANTONIO SALVADOR",Lynaugh,5/25/2028,POSS CHILD PORN,4/27/2023,4/26/2022,5
19794361,2474723,"HUFFMAN,URIAH DAVID",Bartlett,5/3/2034,AGG ASLT W/DDLY WPN,10/26/2023,4/23/2022,12
19804027,2423990,"GIBBS,DAYQON DOMINQUE",Torres,5/9/2037,AGG ROBBERY,12/1/2022,5/10/2022,15
19805305,2444137,"CABRERA,JAVIER SANDOVAL",Garza East,3/19/2031,INDECENCY W CHILD CONTACT,4/4/2023,6/4/2021,8
19806124,2461924,"TREVINO,ALEJANDRO HERNANDEZ",Garza West,11/1/2026,SEXUAL ASLT CHILD,8/3/2023,3/23/2022,5
19808229,2564635,"MORROW,CODY TYLER",Lopez,6/14/2030,POSS CS PG1 4-200G,5/30/2025,5/12/2022,12
19811154,2516942,"CHANDLER,TAFORREST DONTA",Lewis,5/12/2072,AGG ROBBERY,7/18/2024,5/13/2022,50
19811277,2476647,"THOMAS,DAVID ANTHONY",Lewis,10/14/2038,AGG SEX ASLT CHILD,10/19/2023,11/3/2021,15
19813824,2569015,"RICARTE,JOSE III",Dominguez,1/24/2039,AGG ROBBERY,7/2/2025,1/25/2024,15
19815996,2507130,"LUNA,GEORGE ANGEL",Connally,11/19/2031,INDECENCY W CHILD CONTACT,5/28/2024,11/19/2023,8
19820599,2603608,"LIRA,OLGA VANESSA",Plane,7/2/2026,UNAUTH USE OF VEHICLE,2/10/2026,8/12/2025,0.8
19835908,2498462,"GALAN,DAVID NATHANIEL",Ferguson,7/25/2030,AGG ROBBERY,4/17/2024,7/25/2022,8
19841084,2497051,"ARANDA RODRIGUEZ,FABIAN ANDRES",Wynne,1/1/9999,MURDER,3/27/2024,5/30/2022,Life
19845986,2453696,"BRUNN,DAVID ALAN",Hughes,10/1/2026,EVADE ARR DET VE,6/12/2023,9/4/2022,6
19847220,2484287,"CASILLAS,MATTHEW",Hightower,5/26/2028,PROH SEX COND INCE,1/31/2024,5/27/2023,5
19847381,2589308,"DELGADO,MICHAEL ANTHONY",Segovia,4/1/2027,ASLT SECURITY OFFICER,11/10/2025,5/27/2025,4
19847435,2611799,"CUELLAR,NATHANIEL SKYLAR",Garza West,7/26/2031,AGG ROBBERY,2/6/2026,7/26/2025,6
19851248,2554385,"RIVAS,VICTOR NATHANEAL",Garza East,9/7/2062,MURDER,4/2/2025,5/16/2022,40
19851714,2465901,"LOPEZ,ALEJANDRO L",C.T. Terrell,8/28/2039,INDECENCY W/CHILD CONTACT,8/10/2023,1/1/2015,16
19853949,2588273,"ONEILL,CULLEN SPENCER",Connally,2/24/2027,ONLINE SOLICIT MINOR SEX CONDUCT,10/28/2025,5/8/2024,3
19853958,2592107,"CASTELLANOS,ALIEL PENA",Garza West,7/1/2026,PROH SUB CORR FACIL ALC/DRUG/PH,11/18/2025,7/13/2022,2
19864150,2485015,"RODRIGUEZ,CARLOS RENE",Stiles,9/8/2026,BURG HAB INT COMM ASLT,1/11/2024,9/9/2023,3
19865815,2503670,"KATTA,KANJAKSHA KUMAR",Hughes,6/13/2029,SX PERFORM CHILD PRODUCE/DIRE,2/2/2024,5/29/2022,7
19867103,2572376,"ROSALES,ETHAN ANDTHONY",Dominguez,3/19/2027,DEADLY CNDT DISCH FIREARM INDV,7/14/2025,6/15/2022,4
19869508,2605035,"ROBINSON,ISAIAH CRISTON",Lopez,3/2/2027,ASSLT PEACE OFFICER/JUDGE,2/18/2026,2/13/2025,2
19870044,2513776,"ALEMAN,VICTOR LEWIS",Torres,2/5/2058,MURDER,7/15/2024,2/5/2023,35
19871060,2544957,"MORALES,JOHN MICHAEL CATAMISAN",Clemens,5/24/2027,POSS WID CONT SUB 1-4G,2/5/2025,6/17/2022,6
19871219,2588260,"HERNANDEZ,ALBERT",Willacy County,9/9/2030,AGG ROBBERY,10/10/2025,12/27/2024,5
19871391,2601880,"AVILA,ANTHONIE JUAN",Willacy County,6/5/2033,AGG ROBBERY,1/22/2026,4/21/2025,8
19875956,2605058,"WASHINGTON,RODNEY STEVEN",Dominguez,8/24/2026,POSS CS PG1/1-B L/1G,2/26/2026,1/7/2024,0.5
19879761,2472651,"LEAL,GILBERT",Torres,10/12/2043,AGG SEX ASLT CHILD,10/16/2023,7/1/2020,20
19884843,2468971,"MALDONADO RIVERA,ANDY JAIR",Garza East,6/23/2030,AGG SEX ASLT CHILD,9/19/2023,10/9/2019,8
19886119,2564342,"GUERRERO,ALAN JIMENEZ",Torres,2/26/2027,EVAD ARR DET VEH,6/3/2025,2/26/2025,2
19888600,2606486,"MANCILLAS,PAUL ALEXANDER JR",Dominguez,10/28/2026,UNAUTH USE OF VEHICLE,3/3/2026,12/6/2024,0.7
19889110,2609569,"GALVAN,MALIKI MARCIAL",Ney,6/18/2031,ROBBERY,3/16/2026,5/4/2025,6
19889195,2576710,"DUHART,DARRYION DESEAN",Garza West,11/8/2027,VIOL BOND/PROT ORD ASLT/STALK,8/15/2025,8/31/2024,3
19889213,2531973,"HERNANDEZ,SEBASTIAN LEE",Cotulla,11/9/2056,MURDER,11/18/2024,9/25/2021,32
19892412,2486053,"ALVAREZ,LUIS EDUARDO",Garza East,12/26/2030,AGG SEXUAL ASLT-CHILD,1/17/2024,11/4/2019,7
19892690,2448683,"DELGADO,AJAY",Ferguson,12/2/2027,AGG ROBBERY,5/1/2023,7/1/2022,5
19892741,2502460,"MIRELS,MATTHEW LAWRENCE",Daniel,2/27/2029,AGG ASLT DDLY WPN,4/29/2024,9/10/2022,5
19893071,2518750,"CHOC,JAIRON B YAT",Garza West,2/14/2032,MANSLAUGHTER,7/29/2024,7/1/2022,8
19895612,2445308,"PARTAIN,DANIEL MARCUS",Stiles,7/3/2032,SEXUAL ASLT-CHILD,4/12/2023,6/13/2018,10
19898256,2531693,"GREENE,JAMES",Connally,7/29/2028,ROBBERY,11/6/2024,4/27/2024,4
19902087,2526473,"UNDERWOOD,IDI ISAAC",Lewis,12/1/2028,ARSON INT DAM HAB/PLC WORSH,10/2/2024,12/2/2023,5
19902103,2532173,"JONES,DANIEL MARLIN",Clemens,5/14/2030,AGG ROBBERY,11/21/2024,2/26/2024,6
19902261,2445289,"ARISTA,EDUARDO",Ney,7/7/2040,INDECENCY W/CHILD CONTACT,4/18/2023,4/1/2020,18
19911440,2550172,"BASHON,CASMIER JAIR",Garza East,6/21/2034,AGG ROBBERY,3/11/2025,5/18/2024,10
19913396,2470996,"MORALES,PEDRO MALDONADO",Ney,7/13/2032,INDECENCY W-CHILD-CONTACT,10/3/2023,7/14/2022,10
19915041,2602827,"MASSEY,JERRY",Dominguez,4/18/2027,OBSTRUCTION/RETALIATION,1/30/2026,2/12/2023,5
19926819,2592454,"PEREZ,IZAIAZ MAURICIO",Estelle,5/15/2029,AGG ASLT W/DWPN,12/12/2025,5/1/2025,4
19927970,2461903,"ALVAREZ-RAMIREZ,JUAN CARLOS",Clemens,7/20/2121,CONTIN SEX ABUSE-CHILD,8/3/2023,11/1/2015,99
19929144,2491611,"HERNANDEZ,MANUEL HOWARD",Torres,10/2/2047,MURDER,2/15/2024,6/19/2022,25
19941872,2528373,"PASCHAL,GIOVANNI PERA",McConnell,8/15/2073,MURDER,10/11/2024,8/12/2023,50
19941896,2574183,"GUERRERO,PRISCILLA MARIE",Plane,8/4/2037,INTOX MANSLAUGHTER,8/6/2025,7/30/2022,12
19944763,2546162,"MOORE,JUSTIN SEAN",Garza West,6/27/2032,AGG ASLT CAUSES SERIOUS BI,2/20/2025,6/27/2024,8
19950655,2463786,"HERRERA,RYAN DANIEL",Segovia,4/1/2027,INJURY TO CHILD-SBI-INT/KNO,8/17/2023,7/30/2022,5
19955920,2532659,"CUEVAS,JESUS",Diboll,10/1/2026,UNL POSS FIREARM BY FELON,12/3/2024,9/13/2024,5
19957122,2571943,"ZAMBRANO,ZAIDA ANGELIQUE",Marlin,4/9/2045,INJ CHILD ELDE DISABLE W/I SBI M,8/1/2025,10/11/2023,20
19962844,2606157,"FLORES,ARTHUR",Garza West,1/1/2027,EVAD ARREST/DET VEH,3/2/2026,11/10/2022,3
19967019,2466815,"ESTRADA-NAVA,AARON MELCHOR",Garza East,8/10/2031,AGG ASSLT W/DWPN,9/8/2023,3/20/2022,9
19970258,2516939,"BADILLO,JAVEN RYAN",Segovia,1/19/2028,RACE HIGHWAY SBI DEATH,7/19/2024,8/3/2021,4
19971151,2576718,"MENDELLHALL,SETH",Garza West,6/15/2037,ROBBERY,8/19/2025,5/26/2025,12
19977590,2598496,"VARGAS,MARIO ALBERTO",Segovia,1/24/2027,DWI 3RD OR MORE,7/18/2024,10/27/2022,3
19983436,2508764,"SANTOS,ANTHONY RYAN GARCIA",Briscoe,10/5/2033,AGG ASLT W/DWPN,6/6/2024,9/17/2023,10
19983478,2491610,"HEFLIN,DEVEN TALIB",Polunsky,8/27/2030,AGG ASSLT W/DWPN,2/20/2024,8/28/2023,7
19985641,2450044,"RODRIGUEZ-RENTERIA,OLIVEROS A",Torres,4/17/2027,POSS CS PG1 O/400G,5/25/2023,8/18/2022,10
19993203,2453118,"MORALES,FERNANDO SILVA",Ellis,8/22/2032,INDECENCY W/CHILD CON,6/12/2023,8/23/2022,10
19996467,2601481,"COZBY,JAMES STEVEN",Dominguez,6/13/2026,THEFT PROP $2500 2/M PREV,1/23/2026,10/13/2025,0.7
20002587,2527607,"LOZADA,JUAN CARL ALGARINA",Wynne,4/19/2038,AGG ASLT W/DDLY WPN,7/25/2024,4/10/2023,15
20005816,2427097,"LUERA,TIFFANY MARIE",Coleman,2/1/2027,INTOX ASLT,12/15/2022,8/28/2022,6
20007866,2460990,"LOPEZ-NAJERA,HECTOR MANUEL",Segovia,8/31/2027,KIDNAPPING,8/3/2023,8/31/2022,5
20007869,2470991,"LOPEZ-BENITEZ,RANDY",Lewis,4/11/2028,KIDNAPPING,10/10/2023,8/31/2022,10
20007870,2552877,"GONZALEZ-LOPEZ,ERIK",Garza West,8/31/2027,AGG KIDNAPPING,3/18/2025,8/31/2022,5
20008030,2559127,"VELASQUEZ,FROILAN GUZMAN",Garza East,2/7/2029,KIDNAPPING,5/6/2025,8/5/2022,15
20008072,2432208,"CORNEJO,ELMER OSWALDO",Estelle,1/14/2029,INDEC W/CHILD-CONTACT,1/17/2023,1/31/2008,6
20010341,2549191,"CASILLAS,JUAN CARLOS",Willacy County,8/27/2032,AGG SEX ASLT CHILD,3/5/2025,7/12/2022,10
20012589,2600132,"MANN,AMANDA KELLEY",Plane,6/13/2040,INJ CHILD/ELD/DIS W/INT SBI/MET,1/15/2026,11/5/2023,15
20012790,2446482,"HICKMAN,ANTHONY EARL",Clements,9/10/2026,SEXUAL ASLT,4/26/2023,8/31/2022,4
20013854,2522454,"WHITE,LAMAREAY EARL",Dominguez,9/1/2026,AGG ASLT DW,9/4/2024,1/20/2024,3
20014268,2491313,"AGUILAR,YUDI SAMIR",Cotulla,12/1/2026,FAIL TO SRA - SBI,2/14/2024,9/2/2022,5
20020532,2586492,"PELLERINO,JENNA LYNN",Crain,9/2/2026,ABANDON ENDANGER CHILD INT/KNOW/,,9/7/2022,4
20036788,2510909,"JOHNSON,DAVION OCTAVIOUS",Hughes,9/14/2030,AGG SXL ASSLT,6/20/2024,9/12/2022,8
20039506,2610516,"CROOM,DOMINIQUE DASHON",Connally,1/1/9999,MURDER,3/20/2026,3/9/2023,Life
20045324,2541192,"GUZMAN,JORDAN NATHANIEL",McConnell,5/17/2031,AGG ROBBERY,1/23/2025,5/14/2024,7
20057702,2595143,"ARREDONDO,ISSAC JOSIAH",Torres,1/18/2029,DDLY CONDUCT DSCH FIREARM,12/10/2025,11/8/2024,4
20062255,2504382,"SALAZAR,ERICA SUNSHINE",Plane,9/9/2027,BURG HAB INT COMMIT ASSAULT,5/29/2024,9/27/2022,4
20083633,2582770,"EDDENS,JA THOMAS LATAJIOUS",Torres,1/20/2028,ROBBERY,9/25/2025,10/10/2022,3
20085686,2455779,"SWEETMAN,CODY JAMES",Torres,10/11/2026,AGG ASLT W/DEADLY WPN,6/26/2023,10/4/2022,4
20091910,2493872,"LOPEZ,MONIQUE ALICIA",Murray,10/9/2031,AGG ROBBERY,4/1/2024,10/9/2023,8
20093872,2462929,"WINSTON,THAPELO",Garza East,10/17/2030,AGG KIDNAPPING,8/11/2023,10/17/2022,8
20098078,2458722,"SANTOS,ARTURO ANGEL CONTRERAS",Torres,12/22/2026,POSS CHILD PORN,7/13/2023,10/19/2022,10
20102426,2591872,"GONZALES,JEREMIAH DAVID",Travis County,1/25/2039,AGG ROBBERY,10/24/2025,1/26/2024,15
20103767,2548757,"DIXON,FLORIDA-MAE ANN",Plane,2/17/2027,DWI 3RD MORE,3/31/2025,11/10/2024,5
20119467,2453720,"REYNA-DURAN,CARLOS",Garza East,10/31/2027,INDECENCY W/CHILD CONTACT,6/2/2023,8/5/2012,5
20119531,2473754,"MARTINEZ,FRANCISCO ANGEL",Ferguson,1/28/2031,SEXUAL ASLT-CHILD,10/2/2023,9/23/2021,8
20119533,2480343,"ELMQUIST,ETHAN R",Cotulla,5/1/2027,POSS CHILD PORN,11/13/2023,6/6/2022,6
20126730,2509504,"ESTRADA,VANESSA CONSEPCION",Plane,9/11/2029,AGG ASLT AGNST PUB SERV,7/2/2024,9/12/2023,6
20127154,2485014,"RODRIGUEZ GARCIA,JOSUE DAVID",Dominguez,10/1/2026,INTOX ASLT,1/8/2024,4/16/2023,6
20127306,2581290,"MACIAS-CASTRO,JORGE",Torres,7/13/2036,AGG SEX ASLT CHILD,9/12/2025,9/5/2021,13
20129506,2474567,"SILVA JIMENEZ,GERSON GABINO",Garza East,11/5/2030,INDECENCY W/CHILD - CONTACT,10/18/2023,11/5/2022,8
20135094,2512881,"PUGH,JEFFREY EARL JR",Garza East,12/28/2035,AGG ROBBERY,7/5/2024,12/28/2023,12
20138007,2465044,"WIEDMAN,BROCK CHRISTOPHER",Lychner,8/20/2026,ROBBERY,8/28/2023,11/13/2022,8
20138189,2553395,"GARCIA,ALICE",O'Daniel,11/13/2047,MURDER,4/9/2025,11/13/2022,25
20138255,2487970,"CANTU,DAMIAN",Briscoe,11/13/2030,AGG ASLT DW,1/24/2024,11/13/2022,8
20139893,2491624,"WILDE,LUCIEN SAELOR",Briscoe,2/14/2027,KIDNAPPING,2/21/2024,11/14/2022,10
20144448,2555071,"PETERSON,SIDNEY LEE",Chasefield Wilderness,3/7/2027,BURGLARY OF HABITATION,4/3/2025,1/25/2025,5
20154744,2585193,"MARTINEZ,SAUL CABALLERO",Garza East,7/23/2026,ATT SEXUAL ASLT,10/13/2025,6/1/2023,2
20155052,2488719,"RUIZ,ELIZABETH DESIREE",Hobby,11/25/2042,INJURY TO CHILD,2/16/2024,11/25/2022,20
20161583,2586739,"CASTRO,GABRIEL GIOVANNY",East Texas Treatment Facility,6/3/2026,ASSAULT PEACE OFFICER/JUDGE,,9/29/2023,6
20161614,2566427,"PERKINS,AMBER ALEXANDRIA",Plane,7/5/2035,AGG ASLT W/DWPN,6/5/2025,7/5/2023,12
20165636,2459982,"MYLES,QWENDALE ZATRAYVION",Ferguson,11/1/2026,ROBBERY,7/28/2023,11/5/2022,4
20166559,2472920,"GALEAS-JIMENEZ,WILLIAN OQUELI",Dominguez,3/6/2030,AGG ASLT AGAINST SECURITY OFF,9/25/2023,3/7/2023,7
20166583,2558534,"FERNANDEZ,ERIK FERNANDO",Garza West,8/21/2061,AGG ROBBERY,4/11/2025,8/10/2023,38
20168930,2576052,"VELEZ,JOE ANGEL",Garza East,7/24/2028,INTOX MANSLAUGHTER,8/18/2025,11/11/2022,8
20169521,2468980,"TORRES,THOMAS",Stiles,6/29/2027,INJ CHILD C/BOD INJ,9/20/2023,6/29/2022,5
20177256,2576051,"SALINAS,JOHN J",Wynne,3/5/2034,AGG ROBBERY,5/22/2025,2/27/2024,10
20177663,2531681,"CRUZ,DYLAN ANTHONY",Garza East,5/22/2029,AGG SEX ASLT CHILD,11/6/2024,4/8/2023,5
20180948,2572356,"BRIONES,HECTOR RONALDO",Segovia,10/20/2026,PROH WPNS,7/24/2025,10/23/2023,3
20182563,2490130,"MARTINEZ,RAFAEL RAMIREZ",Ramsey,12/13/2034,INDECENCY W/CHILD CONTACT,2/12/2024,6/1/2018,12
20184279,2541202,"MEJIA,LUIS FERNANDO",Cotulla,4/2/2032,AGG ASLT DW,1/22/2025,9/11/2023,8
20184290,2607502,"CHARO,NICOLE R",Plane,12/24/2027,POSS CS PG1 1-4G,3/5/2026,12/14/2022,2
20188269,2448363,"FLOYD,DEVON LATRICIA",Murray,12/15/2028,AGG ASLT DW,5/5/2023,9/7/2021,6
20195279,2561500,"ALAQUINEZ,JERRY",Luther,1/7/2029,AGG ASLT DW,1/10/2024,12/21/2022,5
20195854,2516971,"PEREZ,MICHAEL ANTHONY",Stevenson,6/25/2036,INTOX MANSLAUGHTER,6/27/2024,12/25/2022,12
20196111,2550190,"SULLIVAN,AMARION DEJON",Ferguson,11/5/2026,ROBBERY,3/3/2025,3/30/2024,2
20200106,2500495,"EADS,TYRON LOUIS",Garza East,12/27/2052,AGG SEXUAL ASLT,4/15/2024,11/23/2022,30
20200893,2602839,"VASQUEZ,JUAN SEYMOUR",Willacy County,8/29/2053,MURDER,2/4/2026,8/30/2023,30
20203457,2495835,"LEE,AARON",Lewis,1/1/2059,MURDER,3/11/2024,12/30/2022,36
20203944,2597580,"SOTO,BRANDON JAVIER HERNANDEZ",Dominguez,8/23/2030,ASLT PEACE OFFICER/JUDGE,12/19/2025,6/30/2025,5
20207342,2581268,"CANEDO,FERNANDO GONZALEZ",Torres,7/12/2055,MURDER,9/15/2025,12/13/2022,30
20209577,2589313,"HARRIS,JOSEPH JOSHUA",Garza West,6/1/2026,TAMP/FAB PHYS EVID W/INT IMPAIR,10/30/2025,2/23/2025,3
20211078,2561531,"TREVINO,DESTIN",Ferguson,10/23/2032,AGG ASLT W/DWPN,5/20/2025,10/20/2024,8
20212344,2598489,"RIOS,JOHN MICHAEL",Garza East,9/11/2031,ROBBERY,8/28/2025,5/26/2025,6
20220265,2491608,"ESPINOSA-RAMOS,LAZARO YONARY",Garza East,12/15/2030,AGG KIDNAPPING,2/13/2024,12/8/2022,8
20227220,2524302,"ANDUTAN,SAMANTHA HERSHEL",Crain,3/21/2030,ROBBERY,9/30/2024,3/20/2024,6
20229310,2516977,"SOTO-VICTORINIO,JUAN CARLOS",Torres,12/13/2032,AGG KIDNAPPING,7/8/2024,12/8/2022,10
20229416,2586545,"SALINAS-GARCIA,RAEANN N",Plane,8/9/2026,ASLT FM 2 OFF,10/22/2025,7/31/2023,3
20230592,2476102,"VITALEZ,JORGE",Segovia,4/1/2027,UNL REST-RISK SBI,11/3/2023,1/6/2023,6
20231675,2503685,"TRINIDAD,JOE LUIS",Garza East,6/1/2026,INDEC CHILD EXPOSE,5/9/2024,10/31/2018,8
20242265,2518356,"AGUILAR,JUAN CARLOS",Estelle,4/23/2031,AGG ASLT W/DDLY WPN,9/18/2024,4/23/2023,8
20242272,2614180,"TELLO,ROLANDO JR",Garza West,9/29/2035,AGG ASLT W/DEADLY WPN,4/10/2026,1/25/2023,10
20251022,2473759,"ROSADO,JOSE GREGORIO",Briscoe,1/30/2027,SEX ASLT,10/19/2023,9/25/2022,4
20251115,2546165,"WALLS,JOSHUA JAMES",LeBlanc,1/25/2042,MURDER,2/14/2025,12/18/2022,19
20256673,2567921,"CAMARILLO,RENE JR",Briscoe,1/26/2044,AGG ROBBERY,6/13/2025,1/26/2024,20
20256691,2564350,"MCLELLAND,TRISTEN RUBEN",Garza East,11/7/2028,POSS W/I PROMOTE CHILD PORN,5/30/2025,2/21/2024,10
20259305,2582519,"RIVERO-MONTILLA,BRIAN JOSETTE",Garza East,8/24/2041,MURDER,9/18/2025,6/14/2023,18
20261845,2608020,"TREJO,CHARLES III",Cotulla,2/25/2032,AGG ASLT DW,9/15/2023,12/9/2022,6
20263500,2558773,"GOMEZ,ADRIAN LOUIS",C.T. Terrell,1/9/2037,MANSLAUGHTER,5/5/2025,12/18/2022,13
20264649,2486687,"JOHNSON,MAKAYLA ALISE",Hobby,8/17/2029,ROBBERY,2/1/2024,2/8/2023,6
20268066,2614151,"FLORES,JAVIER ALONZO JR",Garza West,5/1/2030,ROBBERY,4/9/2025,4/19/2024,5
20268083,2497072,"SABLAN,ALEXANDER JOSEPH",Garza East,6/13/2033,SEX ASLT,3/5/2024,5/11/2023,10
20274020,2588255,"GARCIA,MICHAEL ANTHONY",Gist,3/13/2030,POSS CS PG1/1-B 4-200G,10/28/2025,8/1/2025,10
20276326,2593435,"MUNOZ,AIDEN ISAAC",Gist,8/30/2027,EVADE ARREST DET W/VEH,11/18/2025,8/30/2025,2
20279098,2547476,"GOMEZ,JAAYDEN ABEL",Estelle,9/29/2035,AGG ROBBERY,3/20/2024,9/29/2023,12
20281503,2492411,"CANNADY,JAMES MICHAEL",Garza East,2/17/2057,INJ TO CHILD SBI OMISSION,2/22/2024,2/18/2023,34
20281645,2486685,"ELIZONDO,NORMA LISA",Crain,2/17/2053,INJURY TO CHILD-SBI-OMISSION,1/9/2024,2/18/2023,30
20282542,2543507,"OATES,NASIR ALLEN",Garza East,12/11/2031,AGG ASLT W/DDLY WPN,1/30/2025,12/11/2023,8
20285094,2609315,"ARANDA,JONATHAN",Dominguez,3/10/2030,ASLT PEACE OFFICER,3/12/2026,1/23/2025,4
20287431,2498134,"HERNANDEZ-MURILLO,WILMER",Garza West,2/22/2043,AGG SEX ASLT,1/22/2024,2/22/2023,20
20295911,2483717,"SMITH,ZARIE",Hobby,8/27/2027,DEADLY CON FIREARM,1/8/2024,1/18/2022,4
20296611,2532156,"BAILEY,JUDAH AMIR",W. Scott,2/27/2035,AGG SEXUAL ASLT,11/13/2024,2/27/2023,12
20300340,2531677,"ALEMAN,ANSELMO",Hamilton,11/1/2026,ROBBERY,11/15/2024,2/1/2023,4
20302367,2609321,"FARIAS,MARIO ALBERTO",Garza West,11/5/2027,POSS CS PG1/1B 4-200G,3/12/2026,12/31/2025,4
20304677,2522280,"CAVINESS,ERIC WAYNE",Stiles,3/2/2051,AGG SEXUAL ASLT CHILD,9/11/2024,2/16/2022,28
20305964,2548557,"WESTLEY,KA'VEON QUASHAUN",Dominguez,5/4/2028,EVADE ARR DET VEH,2/19/2025,3/4/2023,6
20308295,2540499,"MAYHAM,CORY DEVON",Garza East,5/9/2032,AGG ROBBERY,1/13/2025,3/6/2023,8
20318078,2541203,"MONTOYA,TYLER ANDREW",Garza East,10/30/2049,AGG SEXUAL ASLT CHILD,10/31/2024,5/1/2019,25
20325978,2462457,"VALDEZ,ALEXIA JEANNETTE",O'Daniel,3/13/2028,AGG ASLT W/DWPN,8/18/2023,3/14/2023,5
20329363,2598490,"RODRIGUEZ,TIMOTHY",Briscoe,6/1/2041,AGG ASLT DW,1/5/2026,2/22/2024,16
20335396,2583591,"LEGG,BRENDON CROCKER",Ferguson,2/1/2027,POSS CS PG1 4-200G,9/26/2025,3/22/2023,5
20339590,2480182,"VALENZUELA,PETER JUAREZ",Garza East,3/24/2031,AGG SEXUAL ASLT CHILD,12/8/2023,3/24/2023,8
20345361,2558152,"FLORES ZAMARRIPA,YAJAIRA MARIE",Plane,2/10/2027,OBSTRUCTION RETALIATION,5/9/2025,8/9/2024,2
20352099,2538108,"SANTES,MIGUEL ANGEL LUNA",Garza East,3/31/2030,AGG ASLT W/DWPN,12/16/2024,3/31/2023,6
20356510,2476644,"SALAZAR,NATHAN ANTHONY-IVAN",Connally,4/3/2043,INDEC CHILD CONTACT,11/1/2023,1/31/2023,20
20356582,2602330,"ROBERSON,ADIAH NAMIR",Plane,10/23/2064,MURDER,1/30/2026,7/7/2024,40
20363092,2577977,"MALAGON,ALFREDO",Garza East,7/30/2030,ARSON INTEND DAMAGE HAB/PL,8/25/2025,4/8/2023,5
20365937,2465902,"LUNA,MIGUEL",Bridgeport,4/9/2028,POSS CS PG1 4-200G,8/31/2023,4/10/2023,5
20375324,2573781,"GONZALEZ,MATTHEW RYAN",Garza East,7/25/2029,AGG ASLT W/DWPN,7/29/2025,4/16/2023,4
20384892,2505824,"ALDAZ,DIIJON A",Segovia,7/21/2027,UNL CARRY WPN FEL CON,5/14/2024,4/21/2023,10
20386736,2573789,"MURPHY,CODY",Hodge,7/26/2031,INDEC W/CHILD SEX CONTACT,7/30/2025,8/5/2023,6
20388926,2535873,"LOPEZ,RUBEN",Chasefield Wilderness,12/1/2028,AGG ASLT DW,12/4/2024,2/12/2023,4
20392667,2468956,"CASEY,ELIJAH HEATH",Polunsky,4/24/2030,SEXUAL ASLT-CHLD,9/14/2023,3/20/2023,7
20393767,2573790,"PAXTON,BARRY JUDSON",Lopez,12/1/2026,TAMP FAB PHYS EVID W/INT,7/29/2025,5/15/2023,4
20402423,2613046,"THOMAS,JORDAN ANTHONY",Garza West,12/16/2028,UNL POSS FIREARM FELON,4/2/2026,12/17/2025,3
20405046,2569549,"RAMIREZ,ALBERT GONZALO",Dominguez,2/5/2027,THEFT PROP 2500-30K,6/11/2025,7/31/2024,1.7
20406809,2581291,"MADRID,JOSE LUIS",Garza East,5/15/2030,AGG ROBBERY,9/9/2025,5/8/2025,5
20409826,2509005,"CASTELLANOS,GUILLERMO JR",Briscoe,6/6/2038,AGG ASLT W/DWPN,6/7/2024,5/6/2023,14
20412579,2464844,"GARIBALDO,GUILLERMO",Dominguez,6/19/2027,ASLT FAMILY CHOKING STRANGU,8/23/2023,4/26/2023,10
20414613,2593424,"GARCIA,JULIAN REY",Garza East,11/29/2033,AGG ASLT W/DEADLY WPN,12/4/2025,5/6/2023,8
20418917,2545148,"DARTER,MICHAEL A",Vance,3/7/2029,INTOX ASLT W/VEH SBI,2/5/2025,5/10/2023,10
20422658,2555065,"LUNA,EASON RODRIGO RODRIGUEZ",Coffield,5/12/2122,MURDER,4/2/2025,5/13/2023,99
20432254,2527605,"HARGROVE,ERIC CHRISTOPHER",Garza West,7/2/2029,AGG ASLT W/DW,10/7/2024,5/12/2023,5
20432318,2513987,"ESQUIVEL,BENITO EFREN",Garza East,4/3/2038,SEX ASLT CHILD,6/17/2024,6/15/2015,15
20440621,2583963,"CARDOVA,DUAN JIMENEZ",Willacy County,6/2/2042,BURG OF HABIT INTEND SEX OFFENSE,10/1/2025,6/2/2024,18
20445480,2548162,"CARPENTER,CHARLES CYRILL",Torres,7/21/2027,ROBBERY,2/26/2025,7/21/2024,3
20447794,2559106,"GALVAN,CAMILLUS AUGUSTINE",Segovia,9/18/2026,EVADING ARREST DET W/VEH,5/5/2025,5/26/2023,4
20454471,2566428,"PRESCOTT,HEATHER ANN",Plane,10/26/2035,INJ ELD SBI,7/7/2025,10/26/2023,12
20457448,2527596,"BRODUS,TEJON NAACER",Polunsky,5/30/2041,AGG SEX ASLT,7/17/2024,5/31/2023,18
20469685,2545605,"ARROYO,ANGEL LYNN",Plane,4/23/2027,ASLT ON SECURITY OFFICER,2/26/2025,3/17/2024,3
20472443,2611801,"ESCOBEDO,JOSEPH MARIO",Garza West,2/1/2027,ROBBERY,4/2/2026,6/8/2023,3
20478866,2528365,"LIMON,JOSEPH RAY",Willacy County,6/13/2053,MURDER,10/14/2024,6/14/2023,30
20479595,2512005,"MELENDEZ,DANIEL",Garza East,6/13/2027,AGG ASLT DW,6/24/2024,6/4/2023,4
20479714,2561676,"BAKER,SAMANTHA ELIZABETH",Hobby,6/12/2053,INJ CHILD INT SBI MENT,5/27/2025,6/10/2023,30
20492753,2601340,"TOOMEY-MOGFORD,KAITLIN",Plane,11/9/2027,POSS CS PG1 1-4G,1/28/2026,1/4/2022,2
20495170,2577981,"MOHAMMED,ARSHAD",Dominguez,7/1/2026,ROBBERY,8/7/2025,4/12/2024,2
20495700,2540490,"DOERR,JOHN PAUL",Polunsky,2/27/2054,MURDER,1/8/2025,12/31/2023,30
20497691,2485012,"REGALADO,ARMANDO",Stevenson,6/24/2053,MURDER,1/4/2024,6/25/2023,30
20503001,2507743,"GALARZA-ORTIZ,EDGAR EDUARDO",Garza East,6/26/2026,INDECENCY CHILD EXPOSES,5/28/2024,9/24/2021,3
20507222,2538087,"ANDERSON,TAUREAN KIERRE",Jester III,6/1/2026,ASLT FAM/HSEHLD MEM PREV CONV,12/18/2024,6/14/2024,2
20508554,2494690,"MORALES,JOSE LOPEZ",Garza East,7/1/2026,AGG ASLT W/DEADLY WPN,3/8/2024,7/2/2023,3
20524609,2600814,"SEGOVIA,DAMION MICHAEL",Segovia,1/29/2027,POSS CHILD PORN,1/13/2026,6/15/2023,4
20524811,2613033,"NUNN,FERNANDO LAMONT",Garza West,10/5/2027,INJ CHILD/ELD/DIS W/INT BOD INJ,4/1/2026,7/12/2023,2
20527597,2552874,"ESQUIVEL-FLORES,JOSE MARTIN",Lopez,11/15/2026,VIOL BOND PROT ORD 2+T W/I 12M,3/27/2025,6/28/2023,2
20536748,2476082,"ESPINOZA-RODAZ,FERNANDO",McConnell,12/15/2035,AGG KIDNAPPING,11/13/2023,12/8/2022,13
20538872,2459767,"JUAREZ,JOEVONNE PRINCE",Jordan,7/13/2068,AGG SEXUAL ASLT CHILD,7/17/2023,11/26/2020,45
20538933,2615209,"GAINES,JEAMARYUN SHANNADOR",Garza West,8/19/2040,AGG ASLT W/DWPN,4/21/2026,7/15/2023,15
20542682,2593442,"SAAVEDRA,BARRY RAY ALLEN",Segovia,1/29/2028,REPEATED VIOL CT ORD/BOND COND,12/7/2023,8/10/2023,3
20550086,2486067,"JOHNSON,GREGORY ROBERT",Lopez,9/24/2026,ASLT FAM CHOK STRANGU,1/17/2024,7/26/2023,8
20555529,2558529,"BROWNING,MICHAEL CONRAD II",Garza West,12/13/2029,ROBBERY,4/29/2025,7/29/2023,6
20557957,2541191,"GLANCY,SCHUYLER",Ney,4/4/2032,INDEC CHILD CONTACT,1/29/2025,3/29/2024,8
20560905,2508760,"PEREZ,FELIPE ANGEL JR",Garza West,9/14/2027,TAMPER EVID INTENT IMPAIR,6/3/2024,9/18/2020,8
20565315,2507385,"SPAETH,ELIZABETH ANNETTE",Hilltop,8/2/2063,TRAFFICKING CHILD ENGAGE CON/SEX,6/7/2024,11/13/2020,40
20582915,2549195,"GARCIA,EDGAR FERMIN",Garza East,2/14/2033,INDECENCY W/CHILD SEX CONT,3/4/2025,3/17/2023,8
20583861,2543825,"ELORZA-YANEZ,LUIS FERNANDO",Garza East,8/12/2028,AGG ROBBERY,2/6/2025,8/13/2023,5
20589909,2591888,"MARTINEZ,DANIEL JR",Garza West,7/25/2027,UNL CARRY WPN PROH PLACE,9/22/2025,9/22/2024,4
20600012,2557426,"WALKER,JEKIERIN TOKIEN",Hightower,8/21/2043,MANSLAUGHTER,3/27/2025,8/21/2023,20
20611164,2529366,"MEJIA,MARVIN GARCIA",Briscoe,8/26/2031,AGG SEXUAL ASLT CHILD,10/21/2024,1/1/2014,8
20619207,2496503,"ESTRADA,XANDER IAN",McConnell,8/30/2035,SEX ASLT CHILD,3/25/2024,11/1/2022,12
20621376,2535993,"CABRERA,MARIAH",O'Daniel,8/30/2058,MURDER,12/10/2024,3/25/2023,35
20621543,2548007,"JOHNSON,JAYVEON",Garza East,8/30/2033,MURDER,2/10/2025,3/25/2023,10
20627773,2468955,"CASAS,JOSE ANGEL",Garza East,9/17/2031,AGG ASLT W/DWPN,9/19/2023,10/24/2021,8
20628251,2514950,"TORRES,JAIME JULIAN JR",Willacy County,2/20/2032,AGG ROBBERY,6/20/2024,2/20/2024,8
20628883,2602828,"MORENO,BRYAN DANIEL",Garza East,4/29/2037,AGG ROBBERY,1/27/2026,4/23/2025,12
20641051,2581267,"CALVILLO-ESCALANTE,JOSE DE JES",Garza East,10/30/2029,BURG HABITAT INT SEX OFFENSE,9/15/2025,9/16/2024,5
20656848,2551985,"VARGAS,MATEO MORALES",Duncan,9/18/2029,INDECENCY W/CHILD SEX CONTACT,2/26/2025,9/11/2021,6
20662447,2595160,"MORENO,MARCELINO EMANUEL",Briscoe,3/25/2035,ROBBERY,12/10/2025,3/19/2025,10
20662660,2575826,"SMITH,QUADARIOUS MONTRELL",Segovia,4/25/2027,DDLY COND DSH FIREARM,8/12/2025,9/22/2023,2
20663878,2519867,"JONES,KEVIN WINDALE JR",Gist,3/6/2039,AGG ROBBERY,8/15/2024,9/21/2023,15
20670211,2554636,"RODRIGUEZ,STEPHANIE THERESA",Hobby,9/24/2030,AGG ASLT W/DWPN,4/23/2025,9/24/2024,6
20675509,2574885,"VALDEZ-MARMOLEJO,JAIME URIEL",Torres,12/7/2027,POSS CS PG1/1-B 200-400G,7/31/2025,7/2/2024,8
20702199,2577703,"DOTSON,KIMREDELL",Garza East,9/26/2028,ROBBERY,8/19/2025,10/14/2023,4
20703434,2486083,"ZURITA,ISAAC",W. Scott,10/16/2027,ASLT PUBLIC SERV BI,1/18/2024,10/16/2023,4
20705487,2615217,"MARTINEZ,ALEXANDER INES",Garza West,4/14/2041,AGG ASLT W/DEADLY WPN,4/15/2026,9/28/2023,15
20711078,2505853,"URRUTIA,JOSUE DARRIEL MARQUEZ",Garza East,10/17/2028,TRAFF CHILD ENG COND/SEX/BE,5/10/2024,8/11/2023,5
20711093,2498140,"MEJIA-MELGAR,CARLOS",Garza East,10/17/2028,TRAFF OF PERSON L/18-PROST/FORC,4/2/2024,8/11/2023,5
20711127,2597578,"PRADO,JESUS AVIEL",McConnell,10/19/2083,AGG ASLT AGAINST PUB SERV,12/17/2025,10/19/2023,60
20712412,2529241,"RAMIREZ-VARGAS,VICTOR DAVID",McConnell,10/19/2028,BURG HABIT INTEND OTH FEL,10/21/2024,10/20/2023,5
20716930,2595236,"GONZALES,DAVID ALLEN JR",Fort Stockton,9/22/2039,INDEC CHILD CONT,11/12/2025,1/17/2016,15
20717202,2530271,"BAUERLE,DANE MATTHEW",Garza West,10/9/2026,INDECENCY W/CHILD SEX CONTACT,10/10/2024,11/1/2021,2
20719831,2502465,"OSBORN,JERRY ANTHONY",Wainwright,10/24/2028,ASLT FAM CHOKING/STRANGU,4/30/2024,10/23/2023,5
20724436,2593448,"WELCH,CHAZ EDWARD",Dominguez,3/11/2030,AGG ASLT W/DWPN,12/3/2025,3/11/2025,5
20732053,2516948,"ESPARZA,PEDRO",Stevenson,10/31/2030,AGG KIDNAPPING,7/29/2024,10/18/2023,7
20734571,2583969,"HARRIS,TROY DANIEL",Garza East,10/30/2030,INDEC CHILD EXPOSURE,9/29/2025,2/24/2016,6
20736768,2519869,"LAWRENCE,DUSTIN MICHAEL",McConnell,11/4/2038,INJURY TO CHILD-SBI,8/15/2024,11/5/2023,15
20741136,2560778,"KELLEY,RONALD ROSHAUN JR",Briscoe,3/1/2035,AGG ASLT AGAINST PUB SERV,5/13/2025,3/1/2025,10
20748454,2510920,"MARQUEZ-PEREZ,JOSE ALEJANDRO",Clements,11/12/2026,AGG ASLT DW,6/24/2024,11/13/2023,3
20752644,2613015,"DENNIS,KONNER BRADLEY",Garza West,6/21/2033,AGG ROBBERY,4/7/2026,6/21/2025,8
20753200,2585406,"COOKE,GARRETT EUGENE",Hamilton,10/7/2026,VIOL BOND/PROT ORDER 2 W/I 12MO,10/17/2025,12/17/2023,2
20755601,2590679,"GABRIEL,ALEXIS SHEA",Marlin,12/1/2026,POSS CS PG1/1-B 1-4G,11/3/2025,11/16/2023,6
20756178,2601701,"HERNANDEZ,NICHOLAS",Briscoe,11/10/2060,MURDER,1/23/2026,11/8/2024,35
20756900,2577711,"MACCOLLISTER,AUSTIN JARRETT",Gist,11/12/2026,UNL POSS FIREARM,8/19/2025,7/18/2024,4
20757166,2573330,"SOSA,DANIEL",Dominguez,12/10/2026,UUV,8/12/2025,3/21/2025,1.7
20757370,2514750,"MARTINEZ,JUAN CARLOS",Cotulla,7/27/2028,SEX ASLT-CHILD,7/29/2024,8/4/2020,4
20761470,2524696,"JIMENEZ,FAUSTINO",Lopez,11/20/2027,POSS CS PG1 4-200G,9/17/2024,11/20/2023,4
20761486,2613279,"BENAVIDEZ,CARLOS CECILIO",Garza West,9/15/2028,AGG ASLT W/DEADLY WPN,4/9/2026,3/13/2024,3
20766311,2606152,"COLLINS,NATHAN RUDD",Garza West,7/10/2031,AGG ROBBERY,2/24/2026,6/27/2025,6
20766547,2524714,"STADEL,TRISTEN DAVID",Connally,3/20/2044,AGG SEX ASLT CHLD,9/16/2024,5/13/2023,20
20769755,2606169,"NAPOLES,CHRISTOPHER MICHAEL RE",Garza West,5/31/2035,AGG SEX ASLT CHILD,2/24/2026,2/27/2025,10
20773717,2498148,"PONCIANO,ALEJANDRO CEDOMIO",McConnell,11/29/2028,INDECENCY W/CHILD-CONTACT,4/5/2024,8/8/2019,5
20775051,2498149,"RIGOBERTO,FELIX TALAVERA PUERT",Garza East,3/30/2027,KIDNAPPING,4/1/2024,12/1/2023,8
20777619,2530289,"RIOS,RENE",Garza East,10/23/2044,AGG SEX ASLT CHILD,10/28/2024,10/14/2018,20
20788984,2543820,"AMADOR,JOSE",Connally,12/9/2026,AGG ASLT DW,1/30/2025,12/8/2023,3
20789009,2582515,"PEREZ,JOSEPH ISACC",Havins,10/26/2026,COLLISION INVOLV SER BOD INJ,9/17/2025,12/9/2023,4
20789137,2548168,"SCOTT,KEITH ANTHONY",Garza West,12/11/2031,ROBBERY,2/19/2025,12/11/2023,8
20791013,2555068,"MATA,JESUS JAVIER VILLARREAL",McConnell,2/12/2034,AGG ASLT DW,3/26/2025,12/10/2023,10
20792502,2510873,"ALMENDAREZ,MAXIMUS A",Garza East,12/12/2028,ROBBERY,6/10/2024,12/13/2023,5
20794387,2502678,"CORNELIO,MARVIN EDUARDO REQUEN",Garza East,12/12/2029,INDEC CHILD CONT,5/3/2024,8/15/2019,6
20797121,2615200,"BOWIE,DONEVYN A",Garza West,12/9/2063,MURDER,4/20/2026,12/15/2023,38
20801645,2614364,"MOORE,BARRY EUGENE",Garza West,7/6/2028,MANSLAUGHTER,4/14/2026,12/19/2023,5
20807069,2550888,"TOVAR-GONZALEZ,RAFAEL",Segovia,1/8/2027,INTOX ASLT VEH SBI,3/17/2025,1/1/2022,7
20807242,2522594,"SINKFIELD,CEDRIC LAMAR",Dominguez,3/4/2027,AGG ASLT W/DWPN,9/11/2024,12/23/2023,3
20813563,2565739,"MENA,RAMIRO DANIEL",Stevenson,4/2/2028,POSS CHILD PORN,6/7/2024,8/31/2021,10
20817814,2585210,"WEST,LILBRIAN",Segovia,9/1/2026,TAMP/FAB PHYS EVID W/I IMPAIR,10/8/2025,12/8/2024,2
20817857,2520451,"SILVAS,CRUZ EMILIO",Garza East,1/1/2029,AGG ROBBERY,8/16/2024,1/2/2024,5
20818499,2506025,"CHACON,CARLOS",Garza East,1/3/2032,AGG ASLT DW,5/8/2024,12/6/2020,8
20819152,2611816,"PRECIADO,CHRISTOPHER RAY",Connally,1/1/5555,CAPITAL MURDER MULTI PERSON,3/26/2026,12/21/2023,LWOP
20823498,2588809,"GREEN,ROCHELLE MARITZA",Coleman Work Facility,1/1/2027,ROBBERY,11/4/2025,2/1/2023,2
20823823,2529226,"CASTRO,FERNANDO ALVAREZ",Cotulla,3/15/2028,COLLISION INVOLVING DEATH,10/16/2024,10/6/2023,10
20825024,2574857,"HERNANDEZ-GALDAMEZ,YEFERSON AR",Hughes,1/6/2031,AGG ASLT W/DWPN,8/5/2025,7/2/2023,7
20825053,2527035,"CRIADO,BRENDA NICOLE",Marlin,2/4/2029,FRAUD/USE POSS ID INFO 10-50,7/26/2024,2/16/2024,12
20828940,2529370,"VEGA-GARZA,EDGAR JESUS",Briscoe,1/12/2029,INDEC W/CHILD-CONTACT,10/21/2024,4/25/2021,5
20830967,2527619,"TORO PEREZ,GUILLERMO",Briscoe,1/9/2027,SEX ASLT,10/7/2024,1/10/2024,3
20834508,2522283,"CORDONA,FREDY",Garza East,1/12/2034,SEX ASLT CHILD,9/4/2024,1/13/2024,10
20839641,2487973,"ESTRADA-PEREZ,LAZARO ALFONSO",Stringfellow,12/14/2032,AGG KIDNAPPING,12/18/2023,12/8/2022,10
20840728,2543523,"ZARRAGA,MIGUEL ANGEL",Garza East,12/23/2038,AGG ASLT AGAINST PUB SERV,2/3/2025,12/24/2023,15
20842710,2532671,"MORALES OBANDO,HERBERT STUARDO",Torres,8/22/2026,INJ CHILD ELD DISAB INT BI,10/3/2024,1/17/2024,6
20843165,2546155,"BARBER,JAMES GORDON",Connally,1/19/2064,MURDER,2/18/2025,1/19/2024,40
20844303,2568152,"SARMIENTO,LUCIO CANTILLANO",Willacy County,3/1/2027,AGG ASLT W/DDLY WPN,6/24/2025,3/1/2025,2
20848563,2563332,"RAMIREZ,ALEJANDRO",Briscoe,3/23/2033,AGG SEXUAL ASLT CHILD,3/28/2025,9/1/2021,8
20869138,2568148,"RICHARDSON,JUSTIN ANTOINE",Garza East,8/4/2032,BURG OF HABIT,6/10/2025,4/17/2024,20
20873868,2524711,"SARABIA,ALVINO JR",Torres,2/5/2042,AGG SEXUAL ASLT CHILD,9/24/2024,2/6/2024,18
20876836,2519882,"VASQUEZ,JAVIER",Garza West,2/5/2039,AGG SEXUAL ASSLT CHILD,8/15/2024,5/27/2019,15
20878124,2606179,"VIERA,RAUL BONILLAS",Garza West,6/25/2044,POSS CHILD PORN CHILD U/10YOA,2/27/2026,10/24/2023,40
20887957,2585194,"MATA,MOSES ADAM",Garza East,10/3/2033,AGG ASLT W/DWPN,10/8/2025,2/12/2024,8
20888082,2590696,"TERAN,DIVIANA JEWELL",Henley,6/28/2026,POSS CS PG 1/1-B >=4G<200G,,7/2/2025,8
20890265,2540195,"HILL,MICHAEL RYAN",Garza East,1/4/2033,INDEC CHILD CONTACT,1/6/2025,9/19/2007,8
20894490,2577694,"CABRERA,AMBROCIO",Garza East,11/30/2028,POSS CHILD PORN L/100 VIS DEPIC,8/21/2025,10/11/2023,8
20901210,2595157,"KING,STEPHEN JAMES HEATON",Briscoe,3/6/2028,ASLT ON SECURITY OFFICER,12/9/2025,2/22/2024,3
20901545,2532685,"TYSON,PATRICK E",Garza East,2/21/2049,MURDER,11/25/2024,2/22/2024,25
20904817,2573108,"AYALA,LESLIE ANN",Hobby,2/29/2028,POSS CS PG 1/1B 4-200G,7/24/2025,2/24/2024,4
20905268,2531968,"GARCIA-CRUZ,CHRISTIAN URIEL",Willacy County,2/23/2027,SEXUAL ASLT CHILD,11/15/2024,12/29/2023,3
20909480,2517956,"GUZMAN,ISAID DE ALFONSO",Dominguez,2/25/2027,AGG ASLT W/DWPN,8/9/2024,2/26/2024,3
20909497,2524708,"ROMERO-FLORES,LUIS DALBERTO",Garza East,2/26/2029,AGG ASLT W/DWPN,9/12/2024,2/27/2024,5
20910843,2518771,"SILVA,MARCO ANTONIO GUAJARDO",Garza West,2/25/2029,ROBBERY,8/9/2024,2/18/2024,5
20916170,2578878,"FLORES,ARMANDO JAVIER",Stringfellow,2/27/2039,ARSON PLACE OF HABITAT,8/5/2024,2/25/2024,15
20916434,2580225,"MORALES,JAVIER ZETINA",Briscoe,2/27/2034,INDECENCY W/CHILD SEX CONTACT,8/29/2025,7/20/2020,10
20923966,2526453,"BLANDON,LUILLER JOSE PERNIA",Garza East,11/13/2026,AGG ASLT DDLY WPN,10/2/2024,11/14/2023,3
20924715,2555633,"BOSTICK,KARA ROSE",Skyview,5/17/2030,ASLT PEACE OFFICER,4/24/2024,3/6/2024,6
20931639,2581274,"DAVIS,ANGELO BENARD",Connally,7/5/2030,INDECENCY W/CHILD EXPOSES,8/28/2025,2/12/2024,5
20937340,2516112,"SCHOENER,JEFFREY ALLAN",Hospital Galveston,3/13/2029,INDECENCY W/CHILD EXPOSURE,7/24/2024,5/4/2022,5
20939231,2593436,"NANDIN,NOE MOWGLI",Briscoe,1/21/2030,AGG ASLT W/DWPN,11/20/2025,6/5/2024,5
20939408,2495250,"HINOJO,JESSE",Bartlett,2/15/2029,INDECENCY W/CHILD CONTACT,2/16/2024,11/1/2018,5
20942785,2570171,"ESPINO,SERGIO",Dominguez,4/8/2027,FRAUD USE ID INFO ITEMS 10-50,6/23/2025,3/17/2024,7
20950892,2591895,"PHILLIPS,JU VON WILLIAM",Ney,3/21/2064,MURDER,8/27/2025,2/29/2024,40
20951966,2613514,"BRADEN,JAMES DAVANTAY",Byrd,6/18/2027,ASLT INT RCK/BRTH CIRC FAM PREV,3/31/2026,8/31/2024,2
20951997,2615205,"CORNWELL,DAVID",Garza West,7/9/2027,FAIL CMPLY SEX OFF DTY REG LIFE,4/14/2026,11/26/2025,3.5
20953399,2539256,"GARRETT,TIMMY ANDREW",Torres,3/24/2034,AGG ASLT DWPN,12/30/2024,3/24/2024,10
20958756,2522287,"DURAN,ANDREW NATHANIEL",McConnell,3/27/2029,AGG ASLT AGAINST PUB SERV,9/11/2024,3/27/2024,5
20975581,2561517,"MULATO,CATALINO",Garza West,4/7/2027,ASLT FAM HSE MEM IMP BRTH CIRC,5/19/2025,4/7/2024,3
20979783,2601709,"RODRIGUEZ,ROMAN ORRY",Dominguez,8/1/2026,PROH WPNS,1/27/2026,4/4/2024,2
20992918,2551387,"BOWIE,RONALD GERARD III",Hightower,7/25/2026,POSS CHILD PORN YOUNGER 10YOA,3/19/2025,4/17/2024,5
20998559,2602830,"PARKER,NATHANIEL DOUGLAS",Garza East,1/24/2029,SEX ASLT,1/27/2026,4/3/2024,3
21001641,2541323,"ROMANOWSKI,MICHAEL WAYNE",Ellis,2/15/2027,COLLISION INV SBI,1/16/2025,8/4/2022,5
21001805,2594405,"CRUZ,MARCO",Dominguez,10/3/2026,POSS CS PG1/1-B<1G,12/11/2025,4/22/2024,1
21004235,2559243,"LOPEZ,VIRIDIANA GARCIA",Plane,3/4/2031,MAN/DEL CS PG1 400G,5/19/2025,4/24/2024,15
21009009,2610526,"LOPEZ,AUGUSTINE ANTHONY",Garza West,5/26/2031,AGG RROBBERY,3/18/2026,5/19/2025,6
21012536,2567041,"ANDRADE,JAMES ANDREW",Garza West,11/21/2031,AGG ROBBERY,6/17/2025,11/19/2024,7
21013462,2560780,"MILLER,BRANDON MICHAEL",Lychner,4/29/2028,ROBBERY,5/16/2025,4/29/2024,4
21013468,2585445,"NELSON,LOREN",Garza West,11/24/2028,AGG ASLT W/DWPN,10/21/2025,4/29/2024,4
21013567,2588283,"ROSAS,GABRIEL ARREDONO",Ney,7/12/2045,INTOX MANSLAUGHTER,10/28/2025,4/30/2024,20
21022185,2613018,"FERNANDEZ-MORALES,ENZO DAVID",Garza West,4/17/2028,AGG ASLT DW,4/2/2026,4/10/2024,2
21032767,2585429,"JIMENEZ-MARROQUIN,ARTURO ERIC",Garza West,8/17/2026,ONLINE SOLICIT OF MINOR SEX COND,10/8/2025,5/9/2024,5
21040282,2593441,"ROESSER,AARON JAMES",Connally,1/1/9999,SEX ABUSE CHILD CONT VIC U/14,11/18/2025,6/6/2018,LWOP
21047753,2540505,"UZCATEGUI,CESAR BOLANO",Willacy County,7/20/2026,BURG HABIT,1/10/2025,5/19/2024,5
21048666,2574878,"RODRIGUEZ,MIGUEL ANGEL",Dalby,5/19/2028,AGG ASLT W/DWPN,8/7/2025,5/19/2024,4
21049844,2555070,"PADRON AREVALO,FERNANDO LORENZ",Garza West,3/15/2028,COLLISION INV INJURY,4/4/2025,5/19/2024,3
21082048,2544955,"MONTOYA,NATHAN TYLER",Garza West,5/15/2031,INDEC CHILD CONTACT,2/6/2025,5/15/2024,7
21113578,2610506,"ABELSEN,ADAM CHRISTOPHER",Garza West,6/26/2032,SEX ASLT CHILD,3/19/2026,6/1/2024,8
21113629,2614654,"SHAW,CHARLENE AMANDA",Plane,7/10/2034,SEXUAL ASLT CHILD,4/21/2026,6/5/2024,10
21116859,2513798,"SIERRA,BRANDON DEANDRE",Garza East,4/1/2027,SEX ASLT CHILD,6/7/2024,2/13/2021,3
21128632,2615211,"HARRIS,MARNIER SHAWN",Garza West,6/17/2027,CONSPIR COMMIT AGG ROBBERY,4/27/2026,12/8/2024,5
21146592,2568133,"BANDERA-DOMINGUEZ,MANUEL A",Segovia,7/18/2026,ROBBERY,6/20/2025,7/3/2024,2
21160830,2590101,"EPSTEIN,LEMUEL DAVID",Garza West,1/22/2033,AGG ASLT W/DWPN,11/17/2025,7/26/2024,8
21166134,2610517,"DIXIE,JAMON",Garza West,9/2/2042,AGG ASLT W/DWPN,3/9/2026,9/2/2024,18
21187678,2548166,"RODRIGUEZ,DANIEL",Dominguez,8/8/2026,BURG OF HABIT,2/24/2025,8/8/2024,2
21196600,2577696,"CHICAS,TONIS",McConnell,8/14/2046,AGG SEX ASLT CHILD,8/21/2025,12/31/2013,22
21197700,2558547,"RASCON,JUAN MANUEL CLARA",Garza East,8/14/2026,INDECENCY W/CHLD SEXUAL CONTACT,4/22/2025,4/22/2022,2
21201962,2582767,"AGUILAR,JUAN ANDRES",Garza West,1/3/2029,INJ CHILD/ELD/DIS W/INT BI,9/23/2025,8/16/2024,8
21202962,2597564,"ALVARADO,XAVIER",Garza West,1/1/2033,DDLY CONDUCT DISCH FIREARM,12/30/2025,8/17/2024,8
21206047,2577967,"CHO,WALTER CONRADO SACUL",Garza East,8/19/2026,SEXUAL ASLT,8/28/2025,8/19/2024,2
21216477,2601707,"QUINTANILLA,JOSE ANTONIO",Segovia,11/1/2026,ONLINE SOLICIT OF MINOR,1/29/2026,11/28/2023,3
21218309,2581320,"SMITH,ANTHONY",Cotulla,8/23/2032,AGG ASLT DW,9/9/2025,8/22/2024,8
21222565,2614365,"ONTIVEROS,DANIEL",Garza West,12/2/2030,ASLT FAM/HSE MEM IMP BRTH/CIR,4/13/2026,12/2/2025,5
21230678,2586950,"RIOS,REYNALDO ORION III",Connally,3/15/2063,MURDER,10/24/2025,4/18/2024,38
21237533,2575396,"ZAMARRIPA,RACHEL REBECCA",Hobby,8/31/2054,MURDER,8/27/2025,8/31/2024,30
21261641,2572374,"RAMIREZ-HERNANDEZ,ERLY YOSUETH",Garza East,11/20/2036,AGG ROBBERY,7/14/2025,11/4/2024,12
21274233,2555075,"SOLAR,JORDY",Garza East,9/23/2027,ROBBERY,4/4/2025,9/23/2024,3
21274288,2585208,"URQUIZO,JOSE",Segovia,9/24/2026,AGG ASLT W/DWPN,10/7/2025,9/24/2024,2
21275433,2603625,"SEINWILL,CONSTANCE",Plane,9/24/2054,MURDER,2/5/2026,9/24/2024,30
21275802,2610213,"GARCIA,ISIDRO",Dominguez,9/5/2027,FRAUD USE/POSS CRDT/DEBT CARD <5,3/10/2026,12/2/2025,1.5
21279162,2570399,"LANDEROS,ADOLFO",Garza East,12/6/2032,AGG ROBBERY,7/11/2025,10/29/2024,8
21279987,2560759,"ALTUVE MEDINA,JENDERSON JOSE",Dominguez,11/29/2026,TAMP/FAB EVID W/INT IMPAIR,5/14/2025,9/28/2024,2
21282194,2592839,"POSADAS,MATILDE",Plane,8/4/2026,INJ CHILD ELDER/DISABLE W/I BI,12/2/2025,9/25/2024,4
21284446,2586949,"MADDOX,DANIEL XAVIER",Jester III,10/1/2032,AGG ROBBERY,10/22/2025,9/8/2024,8
21300286,2553741,"HERNANDEZ,JUSTIN ANGEL",Hodge,8/14/2028,POSS CHILD PORN,3/25/2025,5/19/2021,10
21310950,2595142,"ALVARADO GUEDEZ,YAKNIEL JOSUE",Torres,10/13/2032,SEX ASLT CHILD,12/9/2025,10/13/2024,8
21314378,2601686,"BOUCHER,JUSTIN MEDERICK",Stevenson,11/10/2035,AGG SEX ASLT CHILD,1/26/2026,10/16/2024,10
21317837,2529373,"WILLIAMS,GARRETT LANE",Ney,4/7/2057,AGG SEX ASLT CHILD,10/17/2024,4/6/2024,33
21322817,2601698,"HAMILTON,DAVID D",Garza West,10/11/2029,INDECENCY W/CHILD SEXUAL CONTACT,1/29/2026,2/1/2021,5
21325170,2609333,"PEREZ,ANTONIO RUIZ",Garza East,3/4/2028,COLLISION INVOLVING INJURY,3/6/2026,10/25/2024,2
21328696,2558551,"TART,MARVIN",Wynne,10/23/2026,BURG HAB,4/24/2025,7/7/2024,2
21330074,2559583,"GUTIERREZ,CESAR",Briscoe,4/30/2028,INDECENCY W/CHILD SEX CONT,5/6/2025,10/13/2019,3
21342843,2595155,"HERNANDEZ-RAMIREZ,SALVADOR",Lopez,11/4/2029,ARSON INT DAM HAB/PLACE WORSHIP,12/8/2025,11/4/2024,5
21346954,2595686,"GONZALEZ,ERNESTO ALEJANDRO GRA",Ney,11/8/2030,AGG ASLT AGAINST PUB SERV,12/15/2025,11/8/2024,6
21348095,2555048,"CASTILLO,JOSE SAMUEL MILLA",Segovia,10/7/2026,CONTIN VIOL AGNST FAM,3/31/2025,10/7/2024,2
21349098,2589314,"HERNANDEZ,ABEL JR",Cotulla,11/9/2031,SEXUAL ASLT CHILD,11/3/2025,7/1/2023,7
21351968,2564338,"CONCEICAO-PEREZ,RENE MARICIAL",Segovia,11/11/2026,DEADLY COND DSCH FIREARM,6/5/2025,10/10/2024,2
21355477,2586744,"SALAZAR,FRANCISCO ARNULFO",Glossbrenner,6/3/2026,EVADING ARREST DET W/VEH,,11/13/2024,10
21358858,2571607,"RODRIGUEZ ARIAS,ABNER BENITO",Garza East,11/16/2027,COLLISION INVOLVING INJURY,7/21/2025,11/16/2024,3
21365218,2585398,"AVILA,ALEX",Garza East,11/20/2031,AGG ROBBERY,10/20/2025,11/18/2024,7
21370171,2585197,"MITCHELL,ERIC LOPEZ",Cotulla,11/23/2039,AGG SEXUAL ASLT CHILD,9/22/2025,3/4/2018,15
21378811,2569001,"GARCIA,ERNESTO ALONSO LOPEZ",Segovia,12/1/2026,AGG ASLT DATE/FAM/HSE W/WPN SBI,7/7/2025,4/6/2024,2
21385683,2550446,"FLORES-SOLIS,CARLOS ALBERTO",Memorial,12/5/2027,POSS CS PG 1/1-B 4G-200G,3/10/2025,12/5/2024,3
21387842,2540488,"CARMONA-AZUAJE,DARWIN JOSE",Garza East,7/6/2026,INDECENCY W/CHILD EXPOSES,1/13/2025,7/6/2024,2
21390373,2578894,"RUIZ,ISIAIH ANGEL",Cotulla,10/30/2039,AGG ROBBERY,8/28/2025,10/13/2024,15
21400823,2540215,"SIFUENTES,JESUS OLGUIN",Luther,8/5/2032,SEX ASLT CHILD,11/20/2024,3/1/2023,8
21414013,2582503,"HERRERA,RAUL",Garza East,9/14/2031,INDEC W/CHILD SEX CONTACT,9/17/2025,12/24/2024,6
21416307,2574871,"ORTIZ,FRANCISCO J",Stevenson,12/30/2032,INDEC W/CHILD SEXUAL CONTACT,8/11/2025,1/7/2023,8
21422511,2548522,"BOND,ZACHARIAS SOLOMON",McConnell,6/6/2034,SEX ASLT CHILD,2/26/2025,6/6/2024,10
21425196,2601705,"MOLINA,LUIS",Dominguez,12/19/2026,VIOL BOND PROT ORD ASLT STALK,1/27/2026,1/31/2025,4
21428016,2554381,"LAGUNA,RICHARD",Willacy County,1/9/2043,SEXUAL ASLT CHILD,4/10/2025,1/26/2022,18
21434002,2574844,"BEALE,DANIEL MARICE",Garza East,1/14/2035,INDECENCY W/CHILD SEXUAL CONTACT,8/6/2025,9/5/2016,10
21436627,2563925,"FLORES MORALES,BARBARA",Murray,2/24/2029,AGG ASLT W/DW,6/16/2025,4/2/2024,4
21437787,2585366,"LOPEZ,JOSE ALFREDO NINO",Briscoe,1/14/2035,MANSLAUGHTER,9/26/2025,1/13/2025,10
21451550,2585198,"MORALES,HECTOR RODRIGO",Garza East,11/3/2026,ATT SEXUAL ASLT,10/13/2025,1/22/2025,4
21465242,2610510,"CABRERA,ALBERTO FERRER",Garza West,2/1/2065,MURDER,3/20/2026,2/1/2025,40
21481058,2605034,"RIOS,JERSSON",Garza West,2/9/2040,INTOX MANSLAUGHTER VEH,1/29/2026,2/9/2025,15
21488736,2581304,"REYES,DELFINO",Garza East,8/27/2040,AGG SEXUAL ASLT CHILD,9/12/2025,1/1/2015,15
21495108,2609324,"GUNALDA,DANIEL ANTHONY",Garza West,3/12/2031,ROBBERY,3/12/2026,2/20/2025,5
21498364,2612875,"MORALES,JOE ELISEO",Garza West,12/14/2026,VIOL BOND/PROT ORD 2X W/I 12MO,4/9/2026,5/31/2025,3
21502670,2589893,"VALDEZ,PABLO O",Dominguez,7/5/2026,THEFT PROP <$2500 2/M PREV CONV,11/13/2025,9/6/2025,1
21504410,2589104,"MORENO,ROBERT LOUIS II",Young,3/18/2038,SEX PERF CHILD 14Y EMP DIR PRO,10/28/2025,1/28/2017,13
21508178,2548535,"KELLY,JOSHUA SHAYNE",Connally,6/1/2026,POSS CS PG1/1B 1-4G,2/3/2025,7/6/2024,2
21509802,2608010,"MORENO,LEONEL PINA",Garza East,2/24/2037,AGG SEX ASLT CHILD,3/5/2026,5/1/2013,12
21510439,2570574,"WYATT,CHASE AUSTIN",Garza East,9/9/2039,SEX ASLT CHILD,10/2/2025,7/2/2021,14
21511201,2609559,"ARITA,DARWIN CASTELLANOS",Ney,12/8/2027,INTOX ASLT VEH SBI,3/17/2026,3/2/2025,6
21512142,2608014,"ROBBINS,JOHNATHON",Cotulla,11/27/2026,ASLT FAM/HSE MEM IMP BRTH/CIRC,3/5/2026,8/16/2025,4
21516631,2582526,"SEGURA,ENRIQUE TALAMANTES",Dominguez,5/3/2031,POSS CS PG 1/1-B 400G,9/15/2025,3/6/2025,15
21523358,2593431,"LINARES,JUAN ESCALANTE",Garza East,9/22/2030,COLLISION INVOLV DEATH,12/1/2025,3/8/2025,12
21531292,2585207,"TREVINO,TROY XAVIER",Torres,3/15/2033,AGG ASLT W/DWPN,10/7/2025,1/24/2025,8
21537618,2585423,"HERNANDEZ,AURELIO",Garza East,5/16/2027,ONLINE SOLICIT MINOR,10/15/2025,2/27/2025,5
21540929,2573787,"MOREHEAD,NATHANIEL",Wynne,12/1/2026,AGG ASLT W/DWPN,8/1/2025,3/21/2025,2
21544022,2604034,"SIFUENTES,FRANCISCO XAVIER ZAP",Garza West,3/24/2029,AGG ASLT DW,2/10/2026,3/24/2025,4
21547500,2588282,"RODRIGUEZ-SERRANO,JOSE LEONARD",Connally,3/25/2031,AGG ROBBERY,10/30/2025,3/25/2025,6
21552912,2606150,"CASERES ESPINOSA,SELBIN SEBAST",Garza West,3/29/2032,AGG SEX ASLT CHILD,2/26/2026,3/29/2025,7
21563903,2580222,"MARTINEZ,JOSHUA RAY REJINALDO",Torres,6/25/2030,AGG KIDNAPPING RANSOM/REWARD,9/2/2025,6/13/2024,6
21565404,2593138,"WILSON,CONNER WILLIAM",East Texas Treatment Facility,10/14/2026,AGG ASSAULT W/DEADLY WEAPON,,6/27/2025,7
21565421,2568137,"CERVANTES,JOSE ANGEL",Torres,1/23/2033,INDEC W/CHILD SEX CONTACT,6/26/2025,1/6/2007,8
21576083,2591882,"GUMARO,MEJIA-ORTEGA",Garza East,4/13/2035,AGG SEXUAL ASLT-CHILD,11/13/2025,3/1/2018,10
21579662,2582511,"MARTINEZ MEJIA,BRYAM EDENLISON",Garza East,4/15/2030,SEXUAL ASSLT CHILD,9/18/2025,12/26/2021,5
21584662,2609582,"PINEDA,JULIO CESAR",Garza West,4/20/2031,ARSON INT DAMAGE HAB/PLACE WOR,3/11/2026,3/24/2025,6
21588294,2615196,"AHMADZAI,MALYAR",Garza West,4/16/2028,ASLT OF HOSPITAL PERSONNEL,4/22/2026,4/15/2025,3
21613651,2609330,"NAVARRO,JONATHAN LOPEZ",Garza East,5/7/2033,AGG SEX ASLT CHILD,3/10/2026,3/13/2025,8
21628054,2590112,"MATA,ENCARNACION TORRES",Garza West,5/16/2027,AGG ASLT W/DWPN,11/13/2025,5/16/2025,2
21628957,2611825,"VASQUEZ-SANCHEZ,CAMILO MIGUEL",Garza West,7/1/2026,CRIMINAL MISCHIEF 30K-150K,3/23/2026,8/26/2025,2
21644645,2563315,"GALAVIZ,DARIO",Garza East,10/3/2029,AGG ROBBERY,4/25/2025,10/3/2024,5
21645390,2563337,"VEGA,BERTIN",Garza East,6/9/2032,AGG SEX ASLT CHILD,5/29/2025,6/9/2024,8
21652910,2605397,"FUNES-CORREA,ERIK MAGDIEL",Stevenson,5/31/2035,SEX ASLT CHILD,2/23/2026,7/15/2024,10
21705961,2589318,"LOPEZ,JOHN CASTRO",Dalby,8/28/2030,POSS CHILD PORN L/10 YOA,10/28/2025,1/3/2025,12
21707563,2611821,"SANCHEZ HERRERA,WILL ADONEY",Garza West,7/6/2030,SEXUAL ASLT CHILD,3/27/2026,3/6/2025,5
21724529,2590120,"SANCHEZ,IKER",Connally,7/16/2027,ATT COMMIT ARSON,11/10/2025,7/16/2025,2
21743949,2608021,"VALADEZ,DANIEL MARTIN",Segovia,7/28/2027,STALKING,3/3/2026,7/25/2025,2
21745991,2615220,"OVALLE-DAVILA,JESUS",Garza West,7/28/2035,SEXUAL ASSLT CHILD,4/21/2026,7/1/2021,10
21758753,2574847,"RONDA,ANGEL MIGUEL CESPEDES",Garza East,7/29/2028,AGG KIDNAPPING W/DWPN,8/5/2025,5/4/2024,3
21759549,2600807,"GOMEZ-RIOS,LUIS ANTONIO",Garza East,5/12/2028,MAN DEL CONT SUB 4-200G,1/16/2026,8/5/2025,6
21788713,2583492,"WRIGHT,FRANCES SAVANNAH",Plane,6/1/2026,ROBBERY,10/6/2025,6/21/2024,4
21802394,2608011,"NAVARRETTE,MICHAEL ANDRE",Willacy County,8/27/2035,INDECENCY W/CHILD SEX CONTACT,3/4/2026,1/1/2025,10
21814649,2613028,"LUGO,OSCAR",Garza West,9/8/2027,ASLT HOSPITAL PERSON ON HOS PROP,3/31/2026,9/8/2025,2
21866172,2613025,"LAMBERT,SHAUN",Garza West,10/5/2040,AGG SEXUAL ASLT CHILD,4/1/2026,8/1/2018,15
21885266,2598494,"TERAN,DANIEL CAMPOS",Garza West,8/16/2027,ARSON,1/6/2026,8/15/2025,2
21895275,2609566,"ESPARZA-MARTINEZ,JESUS",Segovia,10/26/2027,SEXUAL ASLT CHILD,3/16/2026,9/1/2022,2
21898581,2614178,"SCOTT,LYNELL OKERA",Garza West,10/28/2027,AGG ASLT W/DEADLY WPN,4/13/2026,10/28/2025,2
21953247,2594726,"FRANCO-GONZALEZ,RAUL ENRIQUE",Willacy County,12/26/2026,CRUEL NON LVSTK KILL POI SBI,12/8/2025,8/8/2025,3
22000628,2604006,"BERRY,BRIAN DAVID",Byrd,1/13/2028,"CRIMINAL MIS $2,500-$30K",2/9/2026,10/4/2024,2
22027204,2604012,"DIAZ,JOSE ZARAGOZA",Garza West,2/2/2028,INDECENCY W/CHILD SEX CONTACT,2/12/2026,4/27/2019,2
50000104,2541632,"JOINER,DARION DAKOTA",Travis County,7/1/2026,POSS CS PG1/1-B 4-200G,10/22/2024,2/28/2024,5
50000695,2554710,"LOPEZ,RENE",Dominguez,12/29/2026,FORGERY FINANCIAL INSTRUMENT,8/24/2023,3/3/2019,2
50001015,2366976,"SORIANO,DANIEL",Stiles,9/29/2032,AGG SEX ASLT CHILD,9/29/2021,12/6/2019,12
50001247,1858107,"VARELA,FREDYS ANTONIO",Michael,2/7/2082,AGG SEX ASLT-CHILD,5/7/2013,8/15/2011,70
50002848,2170830,"HASTINGS,DARRICK BOLAR",Wynne,8/2/2031,AGG ROBBERY,11/29/2017,8/2/2016,15
50003736,2603023,"DIAZ,DANIEL JOHN",McConnell,4/16/2045,AGG SEX ASLT CHILD,2/9/2026,3/31/2024,20
50003875,2375422,"AVILA,BULFRANO",Coffield,7/31/2029,AGG KIDNAPPING,12/9/2021,7/31/2019,10
50004000,2303242,"MONROE,JUSTIN",Dalhart,3/22/2044,AGG ROBBERY,1/14/2020,3/10/2019,25
50004911,1984812,"DOMINGUEZ,PAUL A",W. Scott,6/12/2032,MURDER,2/17/2015,2/14/2012,20
50005768,2590100,"DIETERT,NICHOLAS MARQUISE",Connally,11/13/2034,ASLT PUB SERV,11/13/2025,7/23/2025,9
50005799,2485019,"VALDIVIA,EDGAR",Stiles,9/5/2031,AGG ROBBERY,1/4/2024,1/13/2023,8
50005906,2563319,"HARGROVE,MICHAEL ANDRE",Garza East,5/21/2028,ROBBERY,5/21/2025,5/21/2024,4
50006008,2447483,"FUENTES,RUDOLFO",San Saba,10/1/2026,SEX ASLT,5/1/2023,10/18/2021,6
50006026,2548524,"DAVIS,DOMINIQUE JARSHAY",Briscoe,9/11/2032,BURG OF HABIT,5/8/2023,5/29/2021,8
50006742,2557589,"MINEROS-PEREZ,ALAN J",Garza East,8/30/2029,SEXUAL ASLT CHILD,4/25/2025,5/15/2020,5
50007147,2388421,"MORALES-HERNANDEZ,GERARDO",Huntsville,7/7/2027,SEX ASLT CHILD,3/25/2022,7/7/2021,6
50007414,2568147,"RABAGO,ISAIAH RAFAEL",Dominguez,12/21/2032,ROBBERY,6/25/2025,12/21/2024,8
50008608,2569880,"BALDERAS,STEVE JR",Dominguez,5/10/2027,TERROR THRT AGAST PCE OFF/JDGE,7/16/2025,5/11/2025,2
50009276,2071263,"MARTINEZ,JONATHAN",Smith,1/14/2036,AGG SEX ASLT-CHILD,4/13/2016,5/21/2012,20
50009387,2435074,"SMALE,GARRETT LESLIE",Connally,12/16/2026,EVADING ARREST DET W/VE,2/14/2023,12/16/2022,4
50010091,2561503,"CASTILLO-VAZQUEZ,GUSTAVO",Segovia,8/15/2026,POSS CS PG1 4-200G,4/17/2025,9/8/2022,2
50012311,2465872,"ARTEAGA,NATHANIEL MELECIO",Wainwright,1/26/2028,AGG ASLT W/DWPN,9/11/2023,1/26/2023,5
50015453,2459979,"BADILLO,RODOLFO GENARO",Stiles,11/1/2026,AGG ASLT DW,7/26/2023,3/9/2020,6
50015952,2118544,"RAMOS,SAMUEL MATTHEW",Gist,6/11/2026,ROBBERY,2/21/2017,5/1/2016,20
50016311,1802158,"JENKINS,MICHAEL",Hightower,10/22/2026,AGG SEX ASLT CHILD,7/30/2012,3/2/2012,20
50018589,2426233,"DELGADO,OLIVIA APRIL",Crain,4/6/2050,AGG SEX ASLT CHILD,12/14/2022,7/4/2019,30
50019557,2473608,"WILLOUGHBY,EVETTE NICOLE",Coleman Work Facility,10/23/2027,INJURY CHILD W/INT BODILY,11/8/2023,12/27/2020,10
50020221,2034453,"HALE,JEROME LEE",Allred,10/24/2030,BURG HAB INT COMMIT FEL-FOR,10/26/2015,12/11/2014,15
50022600,2188032,"GAMBLE,CHANDLER TYREA DEMOND",Luther,2/3/2033,AGG ROBBERY,3/2/2018,10/8/2017,15
50023646,2336105,"LONGORIA,RICHARD ANGEL",Willacy County,5/11/2027,ASLT FAMILY 2ND OFFENSE,1/8/2021,2/25/2018,3
50024885,2127794,"OSBORNE,DUSTIN LEE",Hughes,2/23/2096,MURDER,2/10/2017,8/11/2014,80
50025138,2525583,"MARTINEZ,ZOE SARIAH",Murray,10/8/2026,AGG ASLT W/DWPN,9/24/2024,3/17/2023,3
50025608,2561818,"TREVINO,DAMIEN",Dominguez,6/7/2026,BURG BLDG,5/27/2025,2/18/2024,1.9
50026107,2378742,"DAVIS,JASON",Torres,12/4/2026,ALTER/DESTR/CONCEAL HUMAN CORP,1/6/2022,6/23/2019,15
50026210,2500488,"CASTRO,JONATHAN CRUZ",Torres,8/10/2027,THEFT $30K-$150K,1/12/2024,5/7/2022,10
50026809,2566869,"HUGHES,TONY RAYNAZZ",Dominguez,7/6/2033,AGG ASLT W/DWPN,6/23/2025,1/8/2023,9
50027792,2598156,"KOSTOS,DANIELLE",Henley,11/18/2026,ROBBERY,,11/21/2023,3
50028178,2385686,"GARCIA,DEMETRIUS DONAVON",Briscoe,5/28/2031,SEX ASLT-CHILD,3/8/2022,12/26/2018,10
50028680,2614167,"MENDEZ,MATHEW RYAN",Garza West,9/16/2027,CRIMINAL MIS $30K-$150K,7/30/2025,4/12/2025,2
50029333,2456419,"SANCHEZ,ROYLAN",Willacy County,3/11/2030,ROBBERY,10/21/2024,9/25/2022,7
50030051,2593133,"PULIDO,JACOB DYLAN",East Texas Treatment Facility,10/14/2026,AGG ASSAULT W/DEADLY WEAPON,,5/23/2017,8
50030139,2105820,"JACKSON,CLARENCE",Dalhart,1/17/2030,AGG ROBBERY,12/12/2016,1/18/2016,14
50030804,2400117,"DE LOS SANTOS-SALAS,JUAN",Stevenson,10/31/2059,AGG SEX ASLT CHILD,6/15/2022,9/23/2019,40
50033653,2496462,"CORTEZ,DONAVAN MAXWELL",Garza East,10/22/2035,AGG ROBBERY,3/21/2024,10/22/2023,12
50034184,2601881,"BRAY,MICHAEL LEONARD",Garza East,10/4/2029,ARSON INT DAMAGE HAB/PLACE WORSH,1/16/2026,10/4/2024,5
50034285,2550891,"VASQUEZ,RUBEN",Garza West,7/23/2028,FAIL COMP SEX OFF DUT REG LIF/AN,3/11/2025,7/23/2024,4
50036725,2565748,"RODRIGUEZ,JUSTIN RAY",Briscoe,10/24/2038,INJ CHLD/ELD/DIS W/INT SBI/MENTA,6/11/2025,10/6/2023,15
50038498,2388192,"DELEON,REBECCA ANN",Murray,6/13/2030,INTOX MANSLAUGHTER,3/22/2022,9/27/2020,20
50039201,2252729,"VILLARREAL,JERRY",Clements,11/27/2026,ASLT FAMILY,3/7/2019,11/27/2018,8
50039925,2615001,"ALVARADO,ANDREW JOSEPH",Dominguez,6/14/2026,PCS PG1/1-B<1G,5/1/2026,12/19/2025,0.5
50040825,2440893,"BERRONES,LEO",Briscoe,4/1/2027,INDEC W/CHILD-CONTACT,3/20/2023,9/1/2017,7
50040846,2408572,"MEDEL,MATTHEW DIONICIO",Hightower,10/3/2029,FELON POSS FIREARM,8/8/2022,5/24/2021,8
50040992,2557418,"ROMERO,RICKY E",Clemens,11/25/2031,AGG ASLT DW,4/21/2025,11/25/2024,7
50041507,2305579,"MIKE,TAARIQ",Memorial,3/1/2048,MURDER,1/29/2020,2/21/2018,30
50043379,2516946,"DELEON,JACOB C",Cotulla,4/1/2027,AGG ROBBERY,7/9/2024,9/23/2020,9
50044242,1866296,"SALAZAR,ROLANDO",Stiles,4/12/2052,AGG SEX ASLT CHILD,6/14/2013,7/28/2011,40
50046148,2130389,"TORRES-GARCIA,CHRISTIAN",Beto,10/27/2040,MURDER,4/17/2017,10/24/2015,25
50046231,2137881,"FIELDS,CHARLES",Hughes,8/11/2040,MURDER,5/22/2017,7/17/2015,25
50046785,2457915,"WALLACE,TRAYVONE LEE",Stiles,8/8/2030,VIOL BOND/PRTCTV ORDER ASS,7/13/2023,5/3/2021,8
50046819,2374850,"STEVENSON,MICHAEL ANTHONY",Dominguez,2/19/2027,AGG ROBBERY,10/25/2021,10/25/2020,6
50047865,2277421,"MESA,SHAWN ANTHONY",Connally,11/28/2026,AGG SEX ASLT CHILD,5/23/2019,10/11/2016,8
50051351,2550171,"AVILA,HERACILO",Garza East,3/20/2037,AGG SEXUAL ASLT CHILD,3/7/2025,3/14/2023,14
50053276,2592111,"RAMIREZ,FRANK REY",Glossbrenner,11/5/2026,EVADE AREST DEW W/VEH,11/24/2025,6/16/2023,4
50054164,2358984,"CARMOND,JORGE YAOTZIN",Robertson,4/25/2068,MURDER,7/29/2021,4/26/2018,50
50061209,2595692,"MONTEMAYOR,CARLOS III",Garza East,4/21/2028,BURGLARY OF HABITATION,11/12/2025,5/29/2024,6
50064924,2468016,"BROWN,JARRELL MATTHEW",Cotulla,7/12/2031,SXL ASSLT CHILD,9/12/2023,1/1/2023,8
50066181,2227062,"BANKS,JAKROI ALLEN",Ramsey,2/14/2048,AGG KIDNAPPING,10/10/2018,10/13/2014,30
50066466,2444145,"GAITAN,RAYMOND JR",Estelle,8/1/2026,FELON POSS FIREARM,4/6/2023,9/21/2022,6
50066800,2296195,"ZIMMERS,JOHN MICHAEL",Ferguson,11/23/2051,MURDER,11/15/2019,11/20/2018,33
50069478,2564337,"CLAY,JONATHAN",Garza East,5/13/2033,AGG ASLT W/DWPN,6/2/2025,5/14/2023,10
50072185,2514949,"NESTLE,DONTRE LA RON",Stiles,2/20/2060,MURDER,7/16/2024,7/16/2021,37
50072868,2615208,"FREANEY,MARK JOSEPH",Garza West,11/6/2028,DEADLY CONDUCT DISCHARGE FIREARM,4/15/2026,10/31/2021,3
50074357,2585190,"LARA,JOHN RICHARD",Beto,8/3/2029,EVADING ARREST DET W/VEH,8/14/2025,6/5/2024,4
50078732,2550192,"VALDEZ,PERRY CHRISTOPHER",Wynne,2/9/2032,ASLT FAM HSE MEM IMP BRTH,3/3/2025,6/14/2023,7
50078868,1971025,"RUIZ,AARON NICHOLAS",Huntsville,1/16/2058,MURDER,12/1/2014,1/15/2013,45
50079111,1957567,"HAZELTON,JOHN PAUL",Roach,12/19/2043,MURDER,9/22/2014,12/19/2013,30
50081453,2454911,"MUNDAY,ZACHARY",Dalby,8/27/2027,INJ ELDERLY BI,11/9/2021,6/8/2021,5
50081614,2595696,"RICO,XAVIER MARTIN",Willacy County,5/28/2035,ENG ORG CRIM ACT,12/16/2025,5/28/2025,10
50083205,2611811,"KITCHENS,BRADLEY LAWRENCE",Garza West,5/21/2027,THEFT PROP 2500 2/M PREV,3/24/2026,11/1/2025,3
50083438,2537042,"OLIVERRI,JOEL",Lopez,3/7/2039,AGG ROBBERY,12/10/2024,3/6/2024,15
50084223,2355336,"JIMENEZ,DAMIAN KAY KAY",Hughes,9/20/2060,MURDER,7/9/2021,9/20/2020,40
50084892,2217610,"MONTOYA,MATTHEW BRANDON",Jester III,6/15/2030,AGG ROBBERY,8/22/2018,6/15/2018,12
50085030,2142423,"MARTINEZ,BARBARA ANN",Crain,8/22/2027,BURG HABIT-FORCE,7/6/2017,11/8/2015,6
50086037,2362018,"GREEN,DOMINQUE DEON",Luther,8/29/2031,AGG ASLT W/DW SBI FAM,8/30/2021,7/21/2019,10
50086130,2561682,"MENDEZ,MYCHELE MARIE",Plane,6/1/2026,ASLT ON SECURITY OFFFICER,6/4/2025,1/11/2025,2
50086199,2594062,"BARTA,RUTH MARIE",Hilltop,11/28/2026,POSS CS PG 1/1-B 1-4G,7/11/2025,3/23/2025,3
50086991,2169508,"TULIO,MARCO",Polunsky,8/9/2056,AGG SEXUAL ASLT-CHILD,11/2/2017,6/28/2016,40
50092536,2458698,"FLORES,NATHAN JOHN",Cotulla,8/15/2030,AGG ROBBERY,7/14/2023,8/15/2022,8
50092553,2508757,"MORALES-GARCIA,MANUEL ENRIQUE",Estelle,11/7/2041,AGG ROBBERY,6/5/2024,6/24/2023,18
50092614,2596684,"TELLES,DANIEL REYNALDO",Connally,12/2/2049,INJ CHILD/ELD/DIS SBI/MENT,12/17/2025,3/31/2021,25
50092996,2604772,"BOYLE,ANGELA JEAN",Plane,9/27/2027,MAN/DEL CS PG2 OR 2-A 1-4G,2/19/2026,9/27/2025,2
50094669,2574189,"ORTIZ,ASHLEY NICOLE",Plane,4/16/2030,AGG ROBBERY,8/15/2025,4/15/2025,5
50097571,2558770,"DIAZ,AUSTIN DAMIAN",Connally,5/11/2059,MURDER,5/5/2025,5/6/2024,35
50097588,2565736,"HERNANDEZ,PAUL ANTHONY",Briscoe,1/11/2033,ASLT INT RCK BRTH CIRC FM PREV,6/11/2025,6/29/2024,8
50097968,2379375,"HERNANDEZ,JOE ANTHONY",Hamilton,11/3/2026,INTOX ASLT,1/11/2022,8/13/2020,7
50098545,1984373,"PANTOJA,GENEVIEVE MARIE",Crain,6/2/2032,INTOX MANSLAUGHTER,2/25/2015,12/29/2013,18
50100181,2615215,"JONES,HENRY BENJAMIN DAVID",Garza West,3/19/2027,ASLT FAM/HSE MEM IMP BRTH/CIRC,11/13/2023,8/26/2020,4
50100206,2466828,"RODRIGUEZ,MANUEL",Briscoe,8/23/2043,SEXUAL ASLT CHILD,8/29/2023,1/1/2017,20
50101340,2601691,"CORONA,ANGEL ABAMOYI",Segovia,1/1/2027,EVADING ARREST DET W/VEH,1/16/2026,9/20/2023,3
50103729,2612634,"APOLINAR,JENNIFER NICOLE",Plane,6/5/2026,POSS CS PG1/1-B L/1G,4/6/2026,12/10/2025,0.5
50104330,2191889,"KWIZERA,JOSEPH",Michael,12/16/2033,ROBBERY,4/3/2018,1/28/2016,12
50104727,2462894,"ALVARADO,LUIS ANGEL",Torres,10/3/2036,MURDER,8/7/2023,9/20/2021,15
50105162,2291478,"YOUNG,LETICA MONAE",Murray,4/5/2042,INJURY TO CHILD-SBI-OMISSION,10/29/2019,4/1/2017,25
50106682,2515377,"CISNEROS,MARIA ELENA",Crain,1/24/2030,AGG ASLT AG SECURITY OFFICER,8/8/2024,3/22/2023,6
50106816,2415614,"POWELL,DESHAWN EUGENE",Briscoe,6/16/2030,AGG ROBBERY,9/28/2022,1/31/2021,8
50109371,2502463,"MOORE,MARC RYAN",Clemens,7/29/2027,POSS CS PG1 4-200G,4/16/2024,4/14/2021,7
50109571,2110849,"ZUNIGA,DAVID ALEXANDER",Estelle,1/1/9999,MURDER,1/12/2017,12/20/2015,Life
50112284,2595687,"GUTIERREZ,EDUARDO ALEJANDRO JR",Lopez,3/2/2027,ROBBERY,12/12/2025,5/13/2025,4
50112406,2566866,"GARCIA,KEVIN",Torres,2/15/2028,VIOL BOND/PROT ORD ASLT/STALK,6/17/2025,2/15/2025,3
50112416,2531965,"FEARS,CHRISTOPHER MICHAEL",W. Scott,7/11/2026,HARASS OF PUBLIC SER,11/12/2024,7/11/2024,2
50112657,2329241,"JACKSON,DAKOTA ROYCE WILLIAM",Robertson,4/12/2030,AGG ROBBERY,10/16/2020,12/22/2019,10
50113698,1972717,"HOLLINS,LAWRENCE",Connally,8/19/2039,AGG SEX ASLT,12/9/2014,7/10/2012,25
50113900,2318884,"BUTLER,MONTRAIL THOMAS",McConnell,3/22/2057,MURDER,5/6/2020,3/18/2017,40
50117010,2613951,"MARTINEZ,MATTHEW RENE",Dominguez,7/2/2026,UNAUTH USE OF VEHICLE,4/13/2026,11/7/2025,0.7
50118237,2345662,"GARRETT,GREGORY DYLAN",Huntsville,11/7/2043,MURDER,4/21/2021,10/25/2018,25
50118453,2545144,"BENAVIDEZ,ISAAC",C.T. Terrell,11/10/2068,SEX ABUSE CHILD CONT,2/6/2025,11/22/2016,50
50118582,2181665,"SOTO,DANNY JUAN CESAR",Clements,7/11/2063,AGG ROBBERY,2/1/2018,7/11/2016,40
50119530,2413536,"SEGOVIA,GILBERT MICHAEL",Clements,2/13/2028,ROBBERY,9/14/2022,9/26/2021,6
50119654,2501596,"GOMEZ,DAMON L",Garza West,3/5/2029,POSS CS PG1 4-200G,3/5/2024,3/30/2018,9
50119776,2573516,"FULTZ,TIMOTHY EUGENE",Stevenson,9/29/2036,INDECENCY W/CHILD SEX CONTACT,7/28/2025,6/1/2021,12
50121241,2417657,"TIJERINO,DENNIS",Havins,8/3/2026,FAIL STOP REND AID SBI,10/17/2022,4/21/2019,6
50122202,2498425,"FRAUSTO,GABRIEL RAY",Jester III,6/1/2026,AGG ASLT W/DW,4/4/2024,12/16/2019,4
50123238,1897740,"DE LA CRUZ-DE LA CRUZ,JOSE ISA",Stevenson,8/15/2027,AGG SEX ASLT CHILD,11/20/2013,6/1/2012,15
50123689,2507741,"CUELLAR,JESUS RICARDO",Garza East,8/16/2026,INJURY TO ELDERLY BI,5/28/2024,3/9/2023,5
50125071,2423278,"FLORES,REYNALDO",Connally,5/23/2046,CONTINUOUS SEX ABUSE-CHILD,11/9/2022,9/1/2015,25
50126010,2494159,"ESCARENO,NICHOLAS",Travis County,3/23/2027,REPEAT VIOL CT ORD/BOND COND,4/11/2024,4/23/2023,3
50126801,1956380,"RIZO,MARCUSS",Roach,8/21/2029,AGG SEXUAL ASLT CHILD,9/15/2014,11/22/2010,17
50127906,2498160,"WRIGHT,JEFFREY ALLEN",Ramsey,1/4/2034,MAN/DEL CS PG1B 4-200G,4/4/2024,1/5/2024,10
50128664,2296178,"PANVINI,NATHANIEL",Clemens,11/11/2042,AGG ROBBERY-REPEATER,11/7/2019,11/9/2018,24
50128700,1855415,"MOSEL,GEOFFREY JOSEPH",Stevenson,4/20/2038,AGG SEX ASLT CHILD,4/23/2013,5/15/2010,25
50130254,2460989,"JARA,MITCHELL",San Saba,4/18/2033,AGG ROBBERY,7/25/2023,4/19/2023,10
50131922,2572719,"WILLIS,JASON MANUEL",Segovia,3/2/2027,POSS CS PG1 4-200G,7/22/2025,8/15/2019,5
50132049,2039517,"GARZA,SAMUEL LEE",Allred,7/24/2030,AGG ROBBERY,12/10/2015,7/2/2015,15
50132834,2529252,"VILLARREAL,VICTOR ARMANI",Lopez,7/30/2028,UNL POSS FIREARM FELON,10/21/2024,6/12/2024,10
50132977,2140287,"HASSAN,ALLA ADIN",Wynne,5/2/2031,AGG ASLT W/DDLY WPN,6/8/2017,5/2/2016,15
50134541,2607509,"RAYNE,JACQUELINE NICOLE",Hobby,10/31/2027,DWI 3RD,2/3/2022,3/5/2020,7
50136055,2572279,"RODRIGUEZ,JACQUELINE",Crain,6/3/2026,POSS CS PG 1 >=1G<4G,,4/2/2021,7
50137018,2459409,"GARCIA,MARANDA MERRIE",Crain,4/5/2046,MURDER,8/4/2023,4/5/2021,25
50137862,2505840,"LOMAS,ANDRES DAVID",Garza East,2/19/2031,SEX ASLT CHLD,5/9/2024,4/1/2020,7
50138904,1940968,"TSATSANIS,MICHAEL",Allred,3/10/2035,AGG SEX ASLT/CHILD,6/30/2014,1/30/2013,15
50138995,2007828,"GARCIA,JONATHAN",Beto,12/3/2047,MURDER,6/18/2015,12/3/2012,35
50139353,2413316,"PILCHER,LESLIE P",Clemens,11/19/2033,ROBBERY,9/15/2022,12/21/2018,12
50142015,2532178,"MCNEAL,CLIFTON LOUIS",Lopez,7/16/2029,UNL POSS FIREARM FEL,11/26/2024,7/16/2024,5
50142028,1907295,"CISNEROS-RAMIREZ,MAURICIO",Daniel,9/15/2027,INJ TO CHILD SBI OMISSION,1/14/2014,9/15/2012,15
50142068,2496487,"ROBINSON,CLARENCE TREY",Estes,6/24/2028,ROBBERY,3/25/2024,9/22/2021,5
50143036,2408574,"MORGANFIELD,ALEXIS",Michael,5/21/2028,SEX ASLT CHILD,8/15/2022,3/29/2020,6
50143267,1841208,"FLORES,ARTURO D",Clements,12/6/2032,INDECENCY W/CHILD CONT,2/4/2013,3/28/2011,20
50143360,2610255,"GONZALEZ,JOEL NICHOLAS",Byrd,1/29/2027,COLLISION INVOLVING SERIOUS BODI,,4/6/2024,5
50143845,2532186,"STAUDINGER,ZACHEROUS CHRISTIAN",Garza West,6/14/2030,ROBBERY,11/20/2024,6/14/2024,6
50144536,2234446,"MORALES,JOHN ANTHONY",Jordan,3/29/2036,AGG ROBBERY,11/14/2018,2/21/2017,18
50144905,1984841,"RODRIGUEZ,ISAAC NATHANIEL",W. Scott,9/12/2042,MURDER,2/19/2015,9/12/2012,30
50145525,2193248,"SANCHEZ,PHILLIP JAMES",Garza West,2/1/2027,POSS CONT SUB 4-200G,4/6/2018,12/4/2017,6
50146066,2052204,"BERLANGA,GUILLERMO",Holliday,2/1/2027,AGG ASLT W/DWPN,2/19/2016,4/8/2013,20
50146687,2369050,"GONZALEZ,SERGIO ARTURO",Stevenson,12/4/2026,ASLT-PUBLIC SERV-BI,10/13/2021,12/5/2019,7
50149448,2491621,"TORRES,ROLAND DANIEL",Kyle,6/30/2026,ASLT FAM 2ND OFF,8/1/2022,6/13/2021,5
50152394,2599521,"CISNEROS,SAMUEL",Garza East,11/30/2032,ASLT FM/HSE MEM IMP BRTH/CIR,1/6/2026,10/12/2025,7
50156916,2161617,"ABDI,ABDI",Hughes,1/1/9999,MURDER,10/9/2017,6/1/2016,Life
50158356,2452371,"BARKER,ROMELO",Ferguson,1/11/2028,AGG ASLT DW,6/5/2023,12/27/2022,5
50158738,2520437,"LOPEZ,ALFRED",Garza East,12/1/2026,ASLT FAMILY CHOKING/STRANGU,8/14/2024,12/19/2023,5
50159209,2462906,"HERNANDEZ,JOSHUA",Ferguson,8/6/2029,AGG ASLT W/DEADLY WPN,8/11/2023,5/14/2022,6
50160458,2558527,"ALVAREZ-PARTIDA,JOSE MIGUEL",Briscoe,3/31/2027,DWI 3RD OR MORE,4/10/2025,5/25/2024,2
50160945,2560771,"GOMEZ,ADRIAN RAY JR",Lopez,12/18/2030,ASLT PUBLIC SERV,5/13/2025,12/18/2024,6
50162989,2053055,"ARCHULETA,ILIANA",Murray,4/6/2045,INJURY CHILD-SBI-OMISSION,2/26/2016,10/13/2012,30
50163135,2602825,"LUNA,JULIO GILBERT",McConnell,12/3/2028,POSS CS PG1/1-B 4-200G,2/5/2026,9/10/2025,7
50163598,2498428,"LOPEZ,ANGEL ORTEGA",Connally,11/1/2026,ASLT-PEACE OFFICER/JUDGE-B,10/2/2023,4/30/2023,5
50163605,2118316,"RODRIGUEZ,GERARDO RAUL",Stringfellow,1/4/2045,AGG ROBBERY,2/17/2017,12/29/2014,30
50165247,2575804,"GARZA,DANIEL",Ney,5/15/2027,MAN DEL CS PG1 1-4G,9/17/2020,9/14/2018,5
50165531,2370898,"MACIAS,CHRISTIAN",Coffield,8/16/2039,MURDER,10/25/2021,6/23/2019,20
50166149,2605053,"HERRERA,JACOB DAVID",Dominguez,7/13/2026,EVADING ARST/DETN W/PREV CONV,2/17/2026,8/22/2023,0.8
50166180,2229460,"RODRIGUEZ,JESUS",Hughes,1/4/2028,AGG ROBBERY,10/19/2018,8/12/2015,10
50166864,2525267,"WATKINS,MAGGIE MARIE",Crain,5/31/2026,POSS CS PG1/1-B 4-200G,10/11/2024,9/26/2023,3
50168869,2576711,"GAGNON,MARSHALL CODY",Goree,9/5/2033,MAN/DEL CS PG1-A>80AU,8/19/2025,2/18/2025,20
50168988,2576709,"CUBILLOS,NATHAN ALEXANDER",Willacy County,3/4/2030,AGG ASLT W/DDLY WPN,8/12/2025,3/4/2025,5
50169588,2443392,"GOODE,MORGAN MICHAEL",Stevenson,9/11/2041,MANSLAUGHTER,4/6/2023,9/11/2021,20
50170473,2439942,"WARD,MONTGOMERY DOC",Memorial,1/23/2028,ASLT FAM CHOKING/STRANG,7/11/2022,6/21/2021,6
50171031,2502694,"HERNANDEZ,VICTOR LEOPOLDO",Garza West,6/1/2026,ASLT FAMILY 2ND OFFENSE,5/7/2024,10/28/2023,6
50174790,2416950,"BENAVIDES,XZAVIER ALEXANDER",Stringfellow,9/9/2029,AGG ROBBERY,5/25/2022,9/9/2021,8
50175492,2574856,"HERNANDEZ,JULIO M",Wynne,4/15/2028,UNL POSS FIREARM FELON,7/21/2025,2/21/2025,5
50176077,2610537,"ROQUE,RODRIGO",Dominguez,8/8/2027,EVADE ARR DET VEH,3/19/2026,2/5/2025,3
50176494,2164947,"LEON,JACOB F",Hughes,7/7/2036,TRAFF OF PERSON U/18 PROST,10/23/2017,9/30/2014,20
50178381,2582498,"FONTANEZ,CRISTIAN JOAB",Segovia,11/1/2026,UNL POSS FIREARM BY FELON,9/17/2025,4/11/2025,3
50178527,2221523,"REYES,JOEL",McConnell,7/5/2033,AGG ASLT W/DEADLY WPN,8/7/2018,1/12/2017,10
50178632,2575405,"RODRIGUEZ,JENNY",East Texas Treatment Facility,6/23/2026,POSS CS PG 1 >=1G<4G,,8/15/2019,2
50179300,2295018,"PERRITTE,BRANDON",Hughes,12/8/2034,AGG SEX ASLT-CHILD,11/18/2019,12/1/2016,17
50179821,2464829,"APOLINAR,JARRET A",Segovia,2/1/2027,ASLT FAMILY 2ND,8/22/2023,2/23/2021,6
50180319,2568143,"MENCHACA,SEBASTIAN ALEXANDER",Lopez,1/3/2029,UNL POSS FIREARM BY FELON,6/25/2025,1/3/2025,4
50180576,2381372,"GEORGE,CAESAR ANDREW",Robertson,11/1/2026,MANSLAUGHTER,1/31/2022,3/4/2020,8
50181802,2424567,"MONREAL,ADRIAN ANTHONY",Dominguez,3/19/2027,HARASSMENT PUBLIC SERVANT,12/1/2022,6/14/2022,4
50184137,2593421,"DAVIS,HALEEM JEROME",Garza West,9/16/2026,POSS CS PG1/1B 1-4G,12/3/2025,4/29/2025,3
50186648,2537037,"LAMBRERAS,ARNOLDO",Garza East,1/7/2031,AGG ASLT DW,12/9/2024,2/15/2023,6
50186991,2599538,"LEIJA,ROLAND ANTONIO JR",Segovia,4/8/2028,AGG ASLT W/DWPN,1/14/2026,10/25/2023,3
50188254,2468068,"ROMERO,JASON ANTHONY",Ferguson,2/4/2032,UNL CARRY WPN W/FELONY CON,9/11/2023,2/22/2023,10
50188542,2419773,"MEDINA,PAUL",Ferguson,3/12/2029,MAN/DEL CS PG1 4-200G,11/18/2025,7/2/2025,8
50189009,2420752,"AGUILAR,RAY LEE",McConnell,7/7/2033,AGG ASLT W/DWPN,11/2/2022,4/28/2021,12
50191150,2235277,"VASQUEZ,JESSE DAVID",Ferguson,4/23/2038,MURDER,10/29/2018,4/17/2016,20
50194137,2306786,"LACEY,DAMARREA",Memorial,9/13/2029,ROBBERY,1/29/2020,1/1/2019,10
50194149,2540206,"MCCULLOUGH,DERRICK GENE",Dominguez,4/1/2027,UNL POSS FIREARM BY FELON,10/15/2024,4/14/2023,4
50196571,1943893,"ROSARIO,JONATHAN",Torres,5/19/2054,MURDER,5/23/2014,12/2/2012,40
50196856,2510887,"CHAVANA,CHRISTOPHER",Jester III,3/31/2034,FELON POSS FIREARM,6/14/2024,9/22/2023,10
50196858,2595705,"WINN,DRE-VON MAR-RICE",Dominguez,9/10/2027,POSS CS PG1/1-B 1-4G,12/17/2025,9/10/2025,2
50197994,2552619,"ANZALDUA,JOSHUA DUANE",Estes,6/1/2026,ASLT PEACE OFFICER/JUDGE,3/20/2025,3/9/2024,8
50200359,1998550,"GORHAM,BRIAN",Wainwright,1/1/9999,AGG SEX ASLT CHILD,4/17/2015,9/10/2012,Life
50201109,2601883,"CHACON,PAUL ANTHONY",Torres,11/14/2063,AGG ROBBERY,1/27/2026,3/19/2022,40
50202234,1996930,"GARCIA,JESUS MANUEL",Connally,12/16/2047,AGG ASLT AGAINST PUB SERVANT,4/21/2015,12/16/2012,35
50202866,2363714,"MILLER,ADAM JAVON",Garza West,2/23/2029,POSS WID CONT SUBS PG2 4-400G,9/15/2021,3/30/2021,10
50203980,2074561,"WILLIAMS,CRYSTAL B",Hobby,6/1/2114,INJURY TO CHILD SBI,6/28/2016,12/27/2012,99
50205275,2515380,"HERRERA,ANITA",Plane,6/1/2026,ROBBERY,8/6/2024,9/24/2022,8
50205877,2596670,"BIRDSONG,LARON ANTHONY",Willacy County,1/1/2027,DWI 3RD OR MORE,12/19/2025,10/3/2025,2
50208991,2161676,"TENEYUQUE,MICHAEL ABRAHAM",Garza East,3/14/2041,MURDER,10/2/2017,3/14/2016,25
50209046,2532667,"GREEN,ALTON MARQUES",Garza East,5/8/2027,FELON POSS FIREARM,2/23/2024,5/21/2021,8
50210418,2601448,"DOMINGUEZ,RUBEN ABRAHAM",Connally,5/7/2029,AGG ROBBERY,8/27/2018,3/1/2017,8
50211080,2589302,"BENAVIDES,JOSEPH LOUIS",Connally,5/22/2029,INDEC W/CHILD CONTACT,11/3/2025,9/23/2020,5
50211099,2002193,"GARCIA,RAY",Wynne,5/15/2054,INJURY CHILD SBI INT/KNOW,5/19/2015,4/5/2014,40
50212197,2541209,"RODRIGUEZ,RICARDO JR",Lopez,6/26/2026,ASLT FAM/HSEHOLD MEM PREV,1/17/2025,9/18/2024,2
50213126,2135135,"KNOWLES,SAMUEL GERELL",Coffield,7/1/2041,MURDER,5/17/2017,12/11/2015,25
50213178,2606160,"HERNANDEZ,STEPHEN WILLIAM",Garza West,3/2/2027,ROBBERY,8/29/2025,3/1/2025,5
50214263,2532165,"CERRATO,FERNANDO",Garza East,12/12/2027,BURG HABIT FORCE,4/17/2019,6/24/2018,8
50215049,2484598,"CABALLERO,PRISCILLA ANN",Hobby,9/2/2058,MURDER,1/10/2024,1/5/2021,35
50216148,2176789,"SMOOTS,DE VONJAE D'WAYNE",Garza East,2/13/2037,BURG HABIT,1/9/2018,11/13/2016,20
50216152,2468074,"SERNA,SANTOS JOHN ANTHONY",Dominguez,9/16/2026,UNL CARRY WPN W/FEL CON,9/12/2023,11/15/2022,5
50216910,2571606,"RANGEL,VICENTE JR",Garza East,3/7/2029,BURG HAB,11/9/2017,12/8/2016,8
50216920,2606171,"RIVAS,ISAAC",Connally,3/27/2050,AGG ASLT DATE FAM HSE WPN SBI,2/20/2026,3/26/2025,25
50217263,2362042,"OBREGON,DAVID ERNESTO",Hamilton,6/1/2026,AGG ASLT W/DWPN,9/3/2021,4/1/2021,6
50217292,2575404,"SAAVEDRA,JEREMIAH MICHAEL",East Texas Treatment Facility,6/23/2026,ASSAULT PEACE OFFICER/JUDGE,,3/17/2024,5
50217833,2565747,"RAMIREZ,ERICK ALEXIS",Dominguez,12/1/2028,AGG ASLT DW,6/10/2025,12/1/2024,4
50217913,2573801,"VILLANUEVA,ISAIAH RENE",Torres,3/20/2027,POSS CS PG2 1-4G,7/11/2025,3/20/2025,2
50218056,2330356,"CASTILLO,MARK ANTHONY",Clements,8/17/2026,ROBBERY,11/20/2020,8/17/2020,6
50218350,1912187,"RODRIGUEZ,RODLOFO MATA",Hospital Galveston,1/23/2038,CONT SEX ABUSE CHILD,2/11/2014,11/20/2010,25
50218771,2332017,"WALKER,DAMIAN ERICK",Clemens,2/10/2036,AGG ASLT W/DWPN,12/1/2020,2/9/2018,18
50218792,2589329,"YBARRA,OZZIE DAVID",Lopez,1/28/2032,ROBBERY,10/30/2025,10/23/2020,7
50219490,2435554,"PEREZ,SAMANTHA A",Hobby,12/18/2030,AGG ASSLT W/DWPN,2/17/2023,11/2/2022,8
50220270,2122431,"RUBIO,JOHN ANTHONY",McConnell,9/11/2040,AGG ROBBERY,3/13/2017,9/12/2013,20
50220921,2468069,"ROSAS,XAVREY ALEXANDER",Briscoe,3/11/2028,AGG ASLT DWPN,9/12/2023,3/12/2023,5
50221372,2567923,"CONTRERAS,JAKOB C",Connally,5/9/2028,AGG ROBBERY,6/18/2025,8/21/2018,4
50221702,2570162,"ALLEN,TERRELL",Dominguez,6/1/2026,DWI 3RD OR MORE,10/11/2019,8/3/2019,3
50221742,2610522,"GRAY,RODERICK LADARRELL DEWAYN",Garza West,4/5/2028,POSS CS PG1/1B 1-4G,3/17/2026,4/29/2025,5
50221761,2556936,"RAMIREZ,MARIVEL",Henley,8/31/2032,AGG ASLT SBI,4/21/2025,8/31/2024,8
50222038,2487984,"RAMIREZ,JALEN KYLE",Briscoe,3/28/2033,AGG ROBBERY,1/29/2024,3/29/2023,10
50224672,2154943,"VALDEZ,ORLANDO JR",Estelle,5/15/2062,MURDER,3/15/2019,3/14/2017,45
50225614,2600804,"DUNKLEY,TERRENCE LORENZO JR",Glossbrenner,11/5/2026,UNL POSS FIREARM BY FELON,1/13/2026,10/3/2020,6
50225845,2410733,"GUTIERREZ,JESUS",Smith,9/11/2045,AGG SEX ASLT CHILD,8/24/2022,7/30/2020,25
50226022,2550177,"GARCIA,JOHN",Willacy County,2/11/2029,INDECENCY W/CHILD SEX CONT,3/5/2025,4/4/2021,4
50229839,2476637,"MANJARREZ,JOSE LUIS",Torres,1/9/2029,EVADING ARREST/DET W/VE,10/31/2023,7/5/2023,6
50230243,2475471,"PAIGE,JUSTICE ANTONIO",Garza East,7/25/2030,AGG ASLT W/DWPN,10/24/2023,5/12/2021,7
50230686,2550469,"ST JEAN,MICHAEL COLBY",Memorial,7/15/2026,UNL POSS F/ARM,3/13/2025,10/18/2024,4
50230699,2510945,"SERNA,RODNEY XAVIER",Allred,1/3/2027,UNL CARRY WPN W/FEL CON,6/28/2024,7/31/2023,5
50230838,2293807,"FAZ,VICENTE",Hightower,4/6/2027,ROBBERY,11/7/2019,4/6/2019,8
50232037,2285886,"FLORES,BOBBY",Smith,6/4/2028,AGG ROBBERY,9/25/2019,8/27/2018,9
50233625,2518758,"JAEGER,MICHAEL",Ney,10/23/2027,CONTINUOUS VIOL AGAINST FAMILY,7/31/2024,5/23/2019,5
50234478,1888004,"BLACKSTOCK,DENNIS",Estelle,2/17/2031,INDECENCY W-CHILD-CONTACT,10/10/2013,2/17/2013,18
50234663,2412137,"RIZZUTO,PHILLIP PAUL",Willacy County,7/2/2048,MURDER,9/1/2022,7/1/2018,30
50236464,2494925,"GOODALE,CLINT EUGENE",Segovia,10/29/2027,THEFT $150K-$300K,9/21/2021,2/15/2020,6
50236831,2592106,"CARRIZALES,VICTOR III",Briscoe,3/7/2031,AGG ROBBERY,11/13/2025,3/7/2023,8
50236875,2323903,"VILLARREAL,NOAH ELIJAH",Telford,6/12/2030,AGG ROBBERY,9/3/2020,7/17/2019,10
50238506,1953707,"HERRERA,JESUS",Allred,8/30/2028,SEX ASLT CHILD,9/9/2014,2/23/2013,14
50240165,2476095,"MASCILLI,MARK ANTHONY",Allred,1/1/9999,AGG SEXUAL ASLT CHILD,11/2/2023,4/19/2020,Life
50240391,2133528,"REYNOLDS-SMITH,KALEUB LATHYN",Lynaugh,1/12/2032,AGG ROBBERY,5/10/2017,1/1/2017,15
50240955,2490124,"HERNANDEZ,FELIX JESUS",McConnell,2/9/2093,MURDER,2/12/2024,1/22/2022,51
50242303,2597576,"LOPEZ,CHRISTIAN",Cotulla,1/1/2035,ROBBERY,12/19/2025,12/6/2024,10
50246874,2271344,"ARIAS,AVIET OMAR LOPEZ",Lynaugh,3/21/2041,MURDER,6/24/2019,3/22/2018,23
50248273,1947927,"PORTILLO,DIEGO PABLO",Smith,3/10/2033,MURDER,7/10/2014,3/10/2013,20
50249702,2575807,"HERNANDEZ,JOHN",Segovia,7/25/2026,INJ CHILD ELDER DISABLE W/I BI,8/12/2025,6/19/2022,4
50249704,2502709,"SIMMONS,JAMARIYA DAVON",Briscoe,3/31/2028,AGG ASLT DW,5/2/2024,8/10/2023,4
50250826,2606176,"STEEN,JOSHON JERMESE",Garza West,9/1/2026,UNL POSS FIREARM FELON,4/19/2022,8/25/2021,2
50250896,2409635,"MOSQUEDA,CARMELO MENDOZA",Torres,10/7/2033,AGG SEX ASLT CHILD,8/26/2022,10/6/2021,12
50253241,2591860,"TYLER,MICHAEL BERNARD II",W. Scott,7/17/2026,POSS CS PG1/1-B,11/18/2025,10/31/2024,2
50254005,2426708,"RODRIGUEZ,ROBERT CAMACHO III",Dominguez,4/29/2028,POSS CONTR SUBST PG1 1G-4G,12/12/2022,6/6/2021,5
50255381,2433310,"SHIDAD,ABDI ALI",Michael,2/13/2061,MURDER,1/25/2023,2/13/2021,40
50256771,1998552,"HEIL,TRAVIS LYNN",Havins,7/13/2026,AGG ROBBERY,5/4/2015,3/23/2013,25
50258961,2526455,"CASAS,JONATHAN",Willacy County,2/4/2039,ROBBERY REPEATER,10/2/2024,2/5/2024,15
50259369,2560785,"ROBLES,ALFRED DANIEL",Gist,6/1/2026,AGG ASLT W/DWPN,5/15/2025,8/9/2021,4
50259761,2061265,"MILLER,TYLER W",Clements,3/17/2046,MURDER,4/7/2016,3/29/2013,30
50259889,2443908,"ALVARADO,LUCERO",Murray,1/13/2030,AGG ROBBERY,4/10/2023,12/26/2021,8
50259907,2520421,"ASTRAIN,JOE ANTHONY",Garza East,9/15/2048,AGG ROBBERY,7/15/2024,9/16/2023,25
50260454,2483930,"CORTEZ,FRANCISCO",Clemens,1/5/2028,DWI 3RD/MORE,1/8/2024,9/2/2023,4
50261892,2599550,"VARGAS,MARK ANTHONY PEREZ",Jester III,12/20/2027,EVADING ARREST DET W/VEH,1/13/2026,5/12/2025,2
50262401,2595158,"KNOWLES,TORANCE",Torres,7/19/2029,UNL POSS F/ARM BY FELON,12/11/2025,1/2/2024,8
50262506,2554380,"HERNANDEZ-AGUIRRE,JUAN ANTONIO",Garza East,2/15/2027,MAN/DEL CS PG1 4-200G,4/10/2025,1/3/2025,5
50262923,2595149,"GAITAN,CARLOS RENE",Garza West,12/9/2026,ROBBERY,12/10/2025,12/28/2023,2
50264093,2425562,"CASANOVA,JORDAN MARTINEZ",McConnell,1/2/2027,POSS CONT SUB 1-4G,1/29/2020,8/7/2018,4
50265465,2516953,"GARCIA,VICTOR R",Hodge,10/7/2057,MURDER,7/10/2024,10/8/2022,35
50265842,2580219,"LUNA,SERGIO",Segovia,1/3/2027,ROBBERY,9/2/2025,11/10/2017,2
50266726,2496459,"COLEMAN,JEROD",Dominguez,11/27/2026,DDLY CONDUCT F/ARM,3/21/2024,2/27/2021,6
50267442,2595676,"ARIAS,VINCENT ANTHONY",Segovia,2/1/2027,UNL POSS F/ARM,12/17/2025,9/17/2025,2
50267781,2611822,"SCOTT,ABDORAL MALIK",Garza West,12/24/2027,POSS CS PG1/1B L/1G DFZ,4/1/2026,10/15/2025,2
50268163,2393857,"GONZALEZ,JOSE ALBERTO",Hodge,9/8/2031,AGG ASLT W/DW,5/10/2022,9/8/2021,10
50268335,2464836,"CORRALES,JEREMIAH JAZZENIAH",Stringfellow,4/20/2035,FELON POSS F/ARM REPEATER,8/7/2023,3/28/2023,12
50268455,2496479,"LOREDO,DAVIAN ANGEL",Hightower,12/7/2037,POSS WI/DELV CS PG1 400G,3/25/2024,12/17/2023,15
50270758,2571938,"HAINES,MERCEDES DEANE",Crain,4/15/2029,PROH SUB ITM IN CORR CIV COM FAC,8/8/2025,2/24/2025,10
50271128,1950795,"NIETO,AARON S",Hightower,4/14/2028,INDECENCY W/CHILD CONTACT,8/22/2014,4/9/2013,15
50271140,2447742,"GUZMAN,BRANDON",Hughes,7/29/2089,MURDER,5/4/2023,7/29/2019,70
50271652,2325537,"PEREZ,NATHANIEL GAGE",Garza West,8/28/2026,AGG ROBBERY,9/2/2020,10/7/2018,8
50272455,2415773,"CISNEROS,PAUL JOSE",Allred,4/22/2027,AGG ASLT W/DWPN,5/20/2022,12/26/2020,6
50272580,2453724,"WILLIAMS,MICHAEL CLIFFORD",Roach,1/4/2027,ASLT FAM CHOKING/STRANG,6/12/2023,10/30/2022,10
50272777,2581302,"RAMOS,BRANDON",Glossbrenner,11/5/2026,POSS CS PG2 1-4G,9/12/2025,9/2/2016,4
50273023,2560788,"SAENZ,EDDIE EZEKIAL JR",Garza West,9/12/2030,MAN DEL CS PG1 4-200G,5/15/2025,10/25/2024,7
50273174,2164945,"LEE,DARNELL ALLEN",Jordan,8/23/2044,MURDER,10/30/2017,8/2/2016,28
50273541,2589326,"TAMEZ,RICHARD PHILIP",Garza East,10/11/2027,UNL POSS FIREARM FELON,10/30/2025,1/1/2025,6
50273713,2486338,"MARTINEZ,DIJON TYRELL",Dominguez,7/26/2026,AGG ASSLT W/DWPN,1/19/2024,7/27/2023,3
50274058,2606177,"TALLEY,CHRISTIAN SEAN",Garza West,3/2/2027,ASLT INT/RCK BRTH/CIR FM MEM,2/26/2026,2/16/2024,3
50275115,2458373,"JIMENEZ,STEPHANIE",Murray,8/1/2067,INJ CHILD SBI INTENT/KNO,7/21/2023,8/1/2012,20
50275510,2531969,"GONZALEZ,ERIC",Garza East,5/16/2027,ASLT FAM HOU MEM PREV CONV,11/14/2024,12/18/2023,3
50276430,2557586,"GUZMAN,RAMIRO",Memorial,9/15/2026,ASLT PUBLIC SERVANT,4/17/2025,9/15/2024,2
50277336,2586947,"HERNANDEZ,DERLIN DESNE FUENTES",Dominguez,6/28/2027,DWI 3RD OR MORE,10/20/2025,6/28/2025,2
50279760,1993231,"COOPER,MARCUS A",Luther,12/8/2034,AGG SEX ASLT,4/1/2015,3/30/2013,20
50281072,2037076,"CARIELO,EDUARDO",Hightower,7/29/2045,AGG SEX ASLT-CHILD,11/12/2015,6/21/2012,30
50281169,2576402,"FUENTES,JACOB ANTHONY",East Texas Treatment Facility,6/30/2026,POSS CS PG 1/1-B >=1G<4G,,4/26/2024,5
50282289,2262352,"PEREZ,PAUL ANDREW",Dominguez,5/1/2027,POSS W/I DEL CONT SUB PG1 4-200G,5/1/2019,3/8/2018,10
50284786,2577708,"KEITH,ERNEST HAROLD JR",Lopez,10/1/2026,ASLT FM HSEHLD MEM PREV CONV IAT,8/20/2025,4/4/2025,3
50284861,2142966,"BAKER,COURTNEY TYNIELLE",Clements,12/16/2026,AGG ROBBERY,5/9/2017,5/6/2015,10
50285457,2065126,"LOCKETT,ISAAC JACOB",Goree,7/10/2026,AGG SEX ASLT,4/25/2016,12/11/2014,12
50285745,2585180,"BURKS,LARRY KETUS",Stevenson,6/25/2027,CRIMINAL MISCHIEF $30-$150K,10/7/2025,11/13/2023,8
50287400,2438466,"HERNANDEZ,MIGUEL ANGEL",Garza West,8/28/2026,BURG HABIT,2/15/2023,9/8/2022,7
50287412,2520990,"ALANIZ,DAMIAN CAIN",Briscoe,10/30/2043,AGG ASLT AGNST PUB SERV,8/27/2024,7/14/2023,20
50287615,2083200,"CAMPA,JOHN ANTHONY",W. Scott,5/11/2037,AGG ASLT DW SBI FAM/DATING,8/8/2016,5/11/2013,24
50288768,2516980,"TESTER,CODY JAMES",Clements,1/7/2031,UNL POSS FIREARM BY FELON,7/16/2024,3/11/2024,7
50289581,2581301,"PEREZ-MCDONALD,JUSTIN RYAN",Garza East,3/6/2030,UNL POSS FIREARM BY FELON,9/5/2025,3/6/2025,5
50290753,1990565,"JIMENEZ,GABRIEL",Estelle,3/5/2033,INJURY TO CHILD SBI,3/19/2015,8/1/2012,18
50292019,2614181,"TURNER,JONTE D",Garza West,8/12/2044,MURDER,3/1/2024,4/18/2018,25
50292027,2615223,"WILLIAMS,DEZIRE DAVION",Garza West,2/5/2042,TRAFFICKING PERSON,4/2/2026,1/27/2025,17
50292369,2030659,"GRABOWSKI,KENNETH JOHN",McConnell,3/20/2075,AGG SEXUAL ASLT,10/16/2015,10/10/2013,60
50293039,2600135,"TORRES,DIANA PAOLA",Coleman Work Facility,8/3/2028,THEFT PROP 30K-150K,4/24/2025,7/19/2024,6
50293111,2375431,"ESPINOLA,RUBEN RENE",W. Scott,8/23/2037,AGG SEX ASLT CHILD,12/10/2021,8/24/2019,18
50293840,2086743,"PEREZ,PAUL ANTHONY",Vance,12/18/2026,AGG ROBBERY,8/23/2016,3/26/2015,18
50295354,2492416,"DAVIS,OLIJAWON",Ramsey,7/10/2033,ROBBERY,2/20/2024,7/3/2023,10
50296404,2589280,"JONES,TRUTH THEODORE",East Texas Treatment Facility,6/18/2026,AGG ASLT W/DDLY WPN,5/10/2021,6/8/2016,10
50298016,2556413,"COLLINS,JAILEN MICHAEL",Dominguez,6/1/2026,POSS CS PG1 4-200G,4/19/2023,11/10/2021,4
50298449,2303215,"CRUZ,ANTONIO MERAZ",Clemens,4/30/2028,AGG ROBBERY,1/8/2020,5/1/2018,10
50298981,2558538,"LAND,NATHAN CLAYTON",Dominguez,7/28/2026,POSS CS PG1/1-B 4G-200G,4/25/2025,1/10/2024,4
50300812,2513411,"DELGADO,JENNIFER MARIE",Murray,12/12/2031,AGG ASLT W/DEADLY WPN,8/1/2024,12/12/2023,8
50302317,2446476,"ESQUIVEL,ERIC ALLEN",Dominguez,4/20/2028,ALST BI AG SEC OFFICER,4/25/2023,11/14/2022,5
50302529,2262024,"JIMENEZ,ANTONIO",Stevenson,6/5/2053,MURDER,5/1/2019,5/27/2013,40
50303406,1950779,"CAMPOS,RAYVON",Roach,8/11/2036,INJ CHILD SBI INT KNOW,8/14/2014,11/25/2012,22
50305486,2466817,"GOULD,CHRISTOPHER WADE",Torres,11/24/2027,ROBBERY,8/29/2023,6/18/2022,5
50306204,2307901,"DOTCIE-JENKINS,NIKO NADRIAN",Allred,10/6/2052,AGG ROBBERY,2/6/2020,10/7/2017,35
50309307,2401135,"GONZALES,MANUEL VASQUEZ",Wainwright,6/1/2032,MANSLAUGHTER,6/29/2022,2/18/2019,10
50311794,2489691,"MORROW,MAKAYLA SUE",Halbert,6/1/2026,ROBBERY,2/7/2024,4/2/2017,4
50311997,2248748,"FEY,JUSTIN",Wynne,6/21/2053,INTOX ASLT,2/1/2019,10/22/2016,10
50313095,2320721,"FERNANDEZ,ROLANDO SALAS",Torres,6/4/2030,SEX ASLT-CHILD,6/15/2020,12/28/2018,10
50313890,2582500,"GARCIA,RUBEN",Garza East,9/17/2030,AGG ASLT W/DWPN,9/15/2025,1/11/2021,7
50313991,2433312,"VILLARREAL,GEORGE ANTHONY",Dominguez,3/16/2030,AGG ROBBERY,3/12/2015,9/19/2014,12
50314589,2585454,"REYES,DANIEL",Lopez,7/28/2029,POSS CS PG1 4-200G,8/11/2025,10/18/2018,10
50315043,2135413,"LARA,JORDAN",Connally,9/1/2030,AGG ROBBERY,3/28/2017,8/31/2016,14
50318234,2003861,"CANTU,CHRISTOPHER",Smith,7/1/2053,MURDER,6/1/2015,6/23/2013,40
50318350,2370914,"TINTI,DYLAN MILES",Connally,11/14/2036,MURDER,10/19/2021,11/8/2016,20
50319171,1967699,"EANNARINO,ADAM PAUL",Ferguson,1/1/5555,CONT SEX ABUSE CHILD,10/1/2014,4/24/2011,LWOP
50321090,2555047,"BYRD,ADAM",Connally,4/12/2063,MURDER,3/24/2025,4/6/2023,40
50321728,2566871,"LOPEZ,DAMIAN",C.T. Terrell,3/4/2029,MAN DEL CS PG1 4-200G,6/11/2025,4/1/2024,10
50324248,2474720,"ESPINOZA,JOHNNY R",McConnell,5/31/2031,AGG ASLT SBI,10/26/2023,11/8/2020,8
50325851,2567492,"IBARRA,ROSA ANGELA",Plane,2/2/2027,POSS CS PG1/1-B <1G,6/24/2025,5/27/2024,1.8
50327440,2385694,"MARTINEZ,MICHAEL FRANCISCO",Wynne,9/15/2050,CONT SEX ABUSE CHILD,2/28/2022,6/21/2020,30
50329000,2405612,"CARROLL,ADAM BLAKE",Hughes,10/23/2026,FELON POSS FIREARM,8/2/2022,12/14/2021,8
50329355,2576400,"HEREDIA,FERMIN RAY",East Texas Treatment Facility,6/30/2026,AGG ASSAULT W/DEADLY WEAPON,,7/15/2024,10
50329692,2400121,"GONZALEZ,DAVID",Ferguson,6/20/2044,MURDER,6/3/2022,6/21/2019,25
50329915,2597565,"BARNHARDT,RONNIE JULIAN",Garza East,4/16/2028,UNL POSS FIREARM FELON,12/8/2025,4/17/2025,3
50332189,2532744,"VALDEZ,JOYCE SAMANTHA MARIA",Plane,5/14/2036,BURG HABIT INT OTHER FELONY,12/3/2024,12/8/2019,12
50334022,2400115,"COATS,CHRISTIAN",Ferguson,1/25/2031,AGG ASLT DW,6/17/2022,1/25/2021,10
50335176,2406432,"ALVARADO,DRE DANUEL",Telford,6/2/2027,ATT SEX ASLT,8/2/2022,2/8/2019,10
50335223,2585188,"JOHNSON,LCHAUNE",Segovia,6/20/2027,BURG HABIT,10/9/2025,1/8/2023,5
50336347,2460784,"SHELDRICK,BRIAN",Dominguez,6/1/2026,AGG ASLT W/DWPN,7/31/2023,5/11/2021,3
50337009,2468060,"ONTIVEROS,BRIAN",Ferguson,1/1/9999,MURDER,6/21/2023,6/8/2019,Life
50341548,2403176,"ESTRADA,ANDREW JERMAINE",Hutchins,6/1/2026,ROBBERY,7/15/2022,4/29/2022,5
50342074,2338575,"GONZALES,ROBERT",Ramsey,8/7/2026,EVADING ARR/DET W/VE,2/11/2021,9/17/2017,7
50343944,2052229,"RESENDEZ,RUDY F",Wynne,2/19/2031,AGG SEX ASLT-CHILD,2/22/2016,6/30/2013,15
50348361,2604244,"BARRERA,LUIS JR",Gist,1/11/2031,UNL POSS FIREARM BY FEL,2/11/2026,1/11/2026,5
50350231,2443911,"COMER,RUTH ANN",Murray,9/18/2042,SOL CAPITAL MURDER REMUNERATION,4/6/2023,8/16/2013,20
50351223,2307898,"CORTEZ,JACOB LEE",Connally,6/24/2034,AGG ROBBERY,2/7/2020,5/5/2019,15
50351569,2563581,"TOWNSEND,BRYAN",Polunsky,6/1/2026,ASLT PEACE OFFICER/JUDGE,5/29/2025,5/30/2024,2
50352381,2334100,"WEBBER,ANTHONY MICHAEL",Telford,2/18/2029,AGG ASLT SBI,12/28/2020,2/19/2019,10
50353212,2204840,"GARCIA,MIGUEL",Stevenson,3/7/2038,MURDER,6/15/2018,1/26/2016,22
50353257,2243771,"LEAL,MATTHEW DAVID",Clements,7/11/2028,AGG ROBBERY,12/13/2018,7/11/2017,11
50354492,2601882,"CASIAS,JOEL",Willacy County,1/1/2034,AGG ASLT W/DWPN,1/27/2026,1/9/2024,8
50355929,2482964,"JARAMILLO,RICKY",Briscoe,1/18/2048,MURDER,12/28/2023,1/18/2023,25
50356257,2476077,"DIAZ,NATHAN",Willacy County,11/27/2032,AGG ROBBERY,11/8/2023,11/16/2022,10
50356541,2574845,"BERNAL,CHRISTOPHER XAVIER",Willacy County,6/23/2030,EVAD ARRST DETN W/VEH,8/5/2025,3/9/2025,6
50358980,2522427,"LOPEZ,RICHARD",Stevenson,1/30/2030,AGG ASLT W/DEADLY WPN,9/5/2024,3/31/2023,6
50360342,2379785,"FARLEY,BRENNAN",Byrd,9/18/2031,AGG ASLT W/DWPN,1/20/2022,5/12/2021,10
50360967,2600805,"FLORES,RICHARD MADRIGAL",Connally,4/16/2031,AGG ASLT DW,1/16/2026,4/15/2025,6
50361514,2025287,"ARROYO,DAVID",Estelle,9/14/2055,INDEC W/CHILD-CONTACT,9/16/2015,2/1/2008,20
50364529,2612134,"SANCHEZ,JORGE ENRIQUE",Garza West,12/21/2026,AGG ASLT DW,3/30/2026,1/14/2026,3
50364893,2444135,"BROWN,WILLIAM EVERETT",Connally,10/12/2027,STALKING,3/29/2023,9/17/2019,6
50367362,2460984,"BARBOSA-ABUNDIS,CHALINO",Briscoe,3/5/2027,INDEC W/CHILD CONTACT,11/15/2021,3/5/2021,6
50368712,2486080,"THOMAS,SHAQUILLE ANTHONY",McConnell,8/8/2026,ROBBERY,1/18/2024,8/9/2023,3
50369021,2233115,"ELLISON,TYHRIQUE KESHAWN",McConnell,5/1/2028,AGG ROBBERY,11/9/2018,5/1/2018,10
50369048,2602812,"DELEON,LUIS GERARDO",Segovia,1/9/2028,EVADING ARREST DET W/VEH,2/4/2026,6/29/2025,2
50369387,2601892,"MCKANE,JEROME L",Cotulla,7/26/2031,ROBBERY,1/28/2026,7/22/2023,8
50370407,2478890,"GASTON,BRODRICK DASHON",Diboll,8/17/2037,TRAFF PERSON <18,11/14/2023,8/14/2022,15
50372085,2590105,"HERRERA,ADRIAN JAKE",Lopez,11/3/2026,ASLT FAM CHOKING/STRANG,11/13/2025,9/19/2020,3
50373990,2181662,"SALDIVAR,ORLANDO",Ellis,2/3/2033,INTOXICATION MANSLAUGHTER,2/9/2018,11/13/2016,15
50374549,2224223,"HIDEN,SERGE L",Connally,6/1/2043,AGG ASLT W/DDLY WPN REPEAT,9/14/2018,2/28/2017,25
50376998,2397827,"COOKE-HOLDEN,LATOSHA",Murray,9/7/2026,INJ ELDER BI,6/16/2022,7/15/2019,6
50378223,2336107,"MEDINA,ANDRES ALFREDO",Cole,7/10/2028,AGG ASLT W/DWPN,1/8/2021,7/10/2020,8
50378292,2224253,"STEWART,STEFAN PATRICK",Hightower,11/27/2026,INDECENCY W/CHILD CONTACT,9/21/2018,7/23/2017,10
50378972,2607640,"SANCHEZ,JASON E",Dominguez,8/31/2026,CREDIT/DEBIT CARD ABUSE,3/5/2026,12/25/2024,0.5
50379030,2148547,"HAWKINS,CHARDEH",Coffield,3/15/2031,AGG ROBBERY,7/11/2017,11/24/2015,15
50379067,2595688,"GUZMAN,ANTHONY",Torres,5/14/2035,AGG ROBBERY,12/8/2025,5/27/2023,10
50379655,2271360,"HASTINGS,MONTRELL CORDEZE LAMO",Smith,3/15/2043,MURDER,6/13/2019,3/6/2018,25
50379749,2557421,"SHROYER,DANIEL DUANE",Gist,6/11/2026,UNL POSS FIREARM FELON,4/17/2025,6/12/2024,2
50380624,2454905,"MARTINEZ,JOSE MANUEL",Dominguez,8/25/2028,AGG ASLT W/DEADLY WPN REPEATER,6/21/2023,8/26/2022,6
50380630,2478206,"MURPHY,BRANDON",Hodge,7/3/2034,INDEC W/CHILD CONTACT,11/15/2023,6/4/2016,11
50381421,2586493,"MCALLISTER,KATHERINE WALLIS",Crain,9/2/2026,POSS CS PG 1/1-B >=4G<200G,,12/20/2023,8
50381484,2605400,"LOPEZ,ROBERT CHRISTOPHER JR",Dominguez,9/2/2031,ASLT RCK BRTH CIRC FAM MEM,2/19/2026,8/13/2025,6
50381909,2494695,"SILVA,JEREMY DANIEL",Gist,6/11/2026,ASLT-FAM-CHOKING/STRANG,3/18/2024,10/28/2023,3
50381966,1954857,"ALDAZ,LUIS",Lynaugh,9/7/2034,AGG SEX ASLT-CHILD,9/9/2014,8/15/1999,20
50382422,2446512,"VEGA,FABIAN",Telford,3/31/2045,MURDER,4/10/2023,2/23/2020,25
50383799,2474741,"GONZALES,RICARDO",Glossbrenner,9/22/2026,AGG ASLT W/DWPN WPN,10/16/2023,7/23/2014,7
50384854,2613048,"VELA,GABRIEL ALEXANDER",Garza West,4/15/2028,ASLT PUB SERV,4/2/2026,12/25/2025,5
50384971,2433076,"BELL,ROBERT",Stringfellow,9/12/2034,AGG SEXUAL ASSAULT CHILD,1/26/2023,11/4/2020,12
50385932,2391795,"PELAEZ,ASHLEY MICHELLE",Hilltop,4/22/2028,AGG ROBBERY,4/26/2022,10/17/2019,6
50386126,2587775,"ALONZO,CASSANDRA GUERRERO",Plane,5/16/2029,FRAD US/POS ID INF L/5 ELD,10/28/2025,2/7/2025,8
50386256,2221493,"GARCIA,JESUS",Lewis,9/12/2035,MANSLAUGHTER,9/4/2018,9/11/2017,18
50386568,2530279,"FLORES-MANCHA,GUSTAVO NICHOLAS",Garza West,11/28/2033,FELON POSS FIREARM,7/2/2024,11/29/2023,10
50387523,2468015,"BOMER,CODY COLE",Boyd,6/3/2031,AGG ASLT DWPN,9/6/2023,6/3/2023,8
50387609,2598564,"PUENTE,JOSE LUIS IV",East Texas Treatment Facility,11/19/2026,ASSAULT PEACE OFFICER/JUDGE,,8/28/2024,8
50388370,2564623,"CARTER,KENDRICK DEANDRE",Briscoe,4/3/2029,UNL POSS FIREARM BY FELON,6/6/2025,4/3/2025,4
50388444,2402148,"NEAVES,JOSE ANGEL",Wynne,6/7/2026,ASLT FAMILY-2ND OFFENSE,7/8/2022,6/7/2022,4
50388743,2478923,"WILLIAMS,CAMDEN RASHAD",Garza West,11/13/2035,BURG HABIT FORCE,12/6/2023,5/12/2019,12
50389133,2476640,"NORMAN,GIOVANI",Connally,8/21/2052,AGG ROBBERY,10/18/2023,8/13/2022,30
50389241,2561530,"THOMAS,DEMETRIUS SHAKKUR",Connally,1/3/2028,BURG HAB,5/20/2025,1/3/2025,3
50389325,2525574,"TREVINO,MARTIN A JR",Ney,2/15/2063,MURDER,9/25/2024,6/25/2022,40
50389604,2595703,"TURPIN,CHAZZ MARCELLUS",Willacy County,3/11/2029,HARASS PUB SERV,12/17/2025,5/23/2025,4
50389665,2595702,"THAYER,JAY ANTHONY",Connally,9/13/2029,ASLT PREG PERSON,12/15/2025,3/4/2024,4
50389772,2611358,"DELOSSANTOS,ERICKA MONIQUE",Plane,11/24/2026,THEFT PROP 2500 2/M PREV CONV,3/31/2026,1/15/2026,0.7
50389847,1960281,"NAJERA,MARIO",Roach,11/3/2028,AGG SEX ASLT CHILD,10/3/2014,8/1/2013,15
50390095,2372135,"MEDINA,XAVIER RAUL",Ferguson,9/14/2026,AGG ASLT W/DWPN,11/5/2021,3/3/2021,5
50390137,2593446,"TIBBETTS-GAMBOA,GEORGE ERNEST",Garza West,1/2/2030,ASLT FAM HSE MEM IMP BRTH CIRC,11/24/2025,12/31/2024,5
50391813,2295025,"RODRIGUEZ,FRASER ALEJANDRO",Connally,7/21/2026,AGG ROBBERY,11/13/2019,7/9/2019,7
50391990,2571529,"CANTU,GREGORIO",Willacy County,10/7/2029,AGG ASLT W/DWPN,7/15/2025,9/19/2022,5
50392043,2463780,"DELUNA,PAYTON RICHARD",Briscoe,4/5/2027,POSS CS PG1 1-4G,8/17/2023,4/5/2023,4
50392096,2525572,"MORGAN,GEWANA TYELL",Clemens,5/13/2030,AGG ROBBERY,10/1/2024,9/11/2018,7
50392755,2099863,"MCFADDEN,DAVONNE",Michael,4/17/2037,MURDER,11/1/2016,4/8/2014,20
50392758,2137891,"MCFADDEN,JAVONEE",Clements,4/15/2032,MURDER,5/26/2017,4/8/2014,18
50393526,2607506,"MONTOYA,VERONICA",Plane,10/13/2027,TAMP/FAB PHYS W/INT IMPAIR,3/5/2026,6/23/2025,5
50394073,2595148,"ESCALANTE,JOSE MANUEL",Dominguez,4/1/2027,MAN/DEL CS PG1 4-200G,5/13/2024,2/25/2023,5
50395103,2246401,"TORRES,JERICHO DIAMOND",Dominguez,5/25/2034,POSS W/I DEL CONT SUBS 200-400G,2/4/2019,3/22/2017,15
50395651,2309127,"COLLINS,TYLER MARQUETTE",Coffield,1/1/5555,CAPITAL MURDER OTHER FELONY,2/3/2020,8/24/2016,LWOP
50397219,2522450,"TRUJILLO,PABLO ALVAREZ",Dominguez,1/27/2027,DWI 3D/M,9/4/2024,1/28/2024,3
50397355,2574186,"MARTINEZ,CHRISTINA ANTOINETTE",Plane,6/1/2026,POSS CS PG1 1-4G,8/15/2025,5/27/2021,3
50397837,2298841,"PEREZ-BUENO,ZACHARY",Hughes,12/6/2029,AGG SEX ASLT CHILD,12/10/2019,5/22/2018,10
50397839,2394853,"MEDINA,STEVEN XZAVIER",Hughes,1/25/2035,INTOX MANSLAUGHTER,5/17/2022,1/26/2020,15
50399632,2324866,"GONZALES,GABRIEL ANTHONY",Stevenson,3/27/2030,AGG ROBBERY,9/24/2020,12/4/2019,10
50400266,2561501,"BLAKE,ROBERT LAWRENCE",Lychner,10/5/2026,UNL CARRY WPN FEL CONV,5/22/2025,1/10/2025,4
50401761,2094786,"HERNANDEZ,RENATO",Wainwright,11/24/2048,AGG SEXUAL ASLT CHILD,9/19/2016,2/18/2013,35
50402246,2440366,"LUGO,JOSEPH DOMINIC",Luther,1/6/2028,DDLY CONDUCT FIREARM INDV,2/21/2023,1/6/2022,6
50403523,2420770,"ORTIZ,DAVID",Segovia,4/23/2029,POSS WITD CONT SUBS PG1 400G,10/31/2022,3/7/2022,10
50404471,2349872,"JOHNSON,KENDELL MARZELL",Stiles,10/16/2038,ROBBERY,5/20/2021,10/15/2020,18
50404546,2611805,"GAMBOA,JUSTIN",Garza West,11/1/2026,HARASSMENT OF PUBLIC SERVANT,3/31/2026,7/9/2025,3
50405390,2585182,"CEDILLO,JUAN GILBERTO",Garza East,6/1/2035,AGG ROBBERY,10/7/2025,6/1/2025,10
50405821,2550189,"SOTO,ARMANDO RODRIGUEZ",Lychner,2/23/2027,AGG ASLT W/DDLY WPN,3/5/2025,3/13/2024,2
50405841,2556150,"HOLLIE,MARQUIS JAMIL",Segovia,9/9/2026,EVADING ARREST DET W/VEH,7/8/2020,9/21/2019,4
50406562,2589323,"RODRIGUEZ,ADRIAN",Garza West,9/9/2026,BURG HABIT,10/30/2025,3/16/2025,3
50407071,1916252,"VASQUEZ,CHARLES MARTIN",Jordan,12/6/2038,AGG SEX ASLT CHILD,2/24/2014,10/1/2007,25
50407081,2354527,"DELGADO,SIBERIO DAKOTA",Roach,7/1/2031,AGG SEX ASLT-CHILD,7/1/2021,4/1/2016,10
50407735,2309138,"ELLISON,CHRISTIAN D",Allred,8/9/2048,MURDER,2/19/2020,7/4/2018,30
50407876,2050842,"MANCHA,JOSE GARCIA",Stevenson,2/5/2031,INJ TO CHILD-SBI-INT/KNO,2/10/2016,12/8/2013,15
50407882,2209891,"PEREZ,JOSE MANUEL HERNANDEZ",Robertson,12/7/2032,AGG ROBBERY,7/16/2018,5/21/2017,15
50410710,2583974,"MARTINEZ,JACOB ANTHONY",Lopez,1/29/2029,UNL CARRY WPN W/FEL CONV,9/30/2025,7/31/2025,4
50411101,2306800,"RESENDEZ,SEAN MICHAEL",Beto,1/31/2035,AGG SEXUAL ASLT CHILD,2/4/2020,7/1/2014,15
50411378,1981642,"SANFORD,EMILY",Plane,7/26/2038,INJURY TO CHILD SBI OMISSION,2/13/2015,12/15/2013,24
50412037,2588271,"NAVA-GARCIA,LUIS MANUEL",Dominguez,2/17/2028,POSS CONT SUB 4-200G,10/31/2025,6/25/2024,5
50412079,2528366,"MARR,CLAYTON CHASE",McConnell,7/28/2026,OBSTRUCT RETALIATE,10/18/2023,7/2/2023,3
50412206,2581234,"THOMPSON,DONTAVIAS SAVION A",Young,7/8/2032,AGG ASLT W/DWPN,9/22/2025,1/6/2024,8
50413344,1973883,"MARROQUIN,ALBERTO",Torres,1/12/2031,ROBBERY,12/29/2014,12/11/2013,15
50413966,2145349,"MONTENEGRO,JOSE JASSO",Ramsey,7/5/2027,INDECENCY W/CHILD-CONTACT,7/7/2017,1/1/2010,10
50414499,2162824,"SANCHEZ,BRYAN",Smith,12/6/2031,AGG ROBBERY,10/18/2017,12/6/2016,15
50414959,2030654,"CASTELLANOS-AGUILERA,JOSE",Ellis,7/7/2032,MURDER,10/26/2015,9/24/2014,17
50419432,2597217,"RODRIGUEZ,RENEE AMY",Plane,7/22/2037,ROBBERY,1/5/2026,1/15/2025,12
50420222,2086731,"ANDRADE,JON ERIC ADAM",Memorial,8/19/2065,INJURY CHILD-SBI-INTENT/KNO,8/23/2016,7/19/2015,50
50422881,2550174,"BROWN,DANIEL ANTHONY",Telford,11/11/2028,ASLT FAM HSE MEM IMP BRTH CIRC,2/25/2025,7/27/2023,4
50425813,2577311,"GALVAN,FARRAH J",Crain,6/1/2026,POSS CS PG1 4-200G,10/18/2019,1/13/2019,4
50426818,2095632,"ALVARADO,NIDIA YOLIBETH",Crain,1/1/9999,MURDER,10/20/2016,12/23/2013,Life
50426907,2522583,"NEIRA,ELIXIER CABRERRA",Wynne,1/23/2032,AGG ROBBERY,9/18/2024,1/13/2024,8
50429904,2432187,"PEREZ,DANIEL",Memorial,11/21/2029,AGG ASLT W/DDLY WPN,1/23/2023,11/21/2021,8
50429955,1972431,"LOPEZ,ALFREDO",Hughes,1/19/2034,AGG SEXUAL ASLT CHILD,12/5/2014,11/12/2012,20
50430613,2576716,"MCGEE,JERRY KYLER",Dominguez,12/1/2026,POSS CS PG 1/1B 4-200G,8/14/2025,10/31/2024,5
50432417,2531704,"LAUBACH,ADAM ROSS",McConnell,10/13/2027,SEXUAL ASLT CHILD,11/1/2024,5/25/2023,4
50432903,2386639,"AMAYA,ROBERT",Bartlett,12/1/2026,CRIM NEG HOMICIDE DWPN,3/9/2022,8/5/2019,10
50433387,1996945,"ROBINSON,ANTWAUN DEON",Clements,3/21/2034,ROBBERY,4/28/2015,3/18/2014,20
50433551,2049295,"CORTES,MIGUEL",Wynne,3/13/2030,INTOX MANSLAUGHTER,2/5/2016,3/14/2015,15
50433982,2320732,"LEACH,JEROME ANTHONY",Wainwright,4/18/2033,AGG ASLT W/DW,6/15/2020,4/19/2018,15
50434429,2505847,"ORTIZ,MATHEW ISAAC",Clemens,6/21/2053,MURDER,5/10/2024,5/20/2023,30
50434893,2475459,"BALLESTEROS,RICARDO",Cotulla,7/20/2037,AGG SEX ASLT CHILD,10/20/2023,11/22/2021,15
50435633,2179316,"OSORIO,OSVALDO",Allred,7/18/2028,AGG ASLT W/DWPN,1/25/2018,7/18/2016,10
50435851,2417652,"RENDON,NATHAN XAVIER",Torres,1/1/2027,AGG ASLT DWPN,10/12/2022,1/4/2022,6
50435951,2575406,"GILLAY,KOREY JACOB",East Texas Treatment Facility,6/23/2026,POSS CS PG 1/1-B >=1G<4G,,10/22/2023,6
50438464,2436076,"ESPINOSA,ALEJANDRO MANUEL",Estelle,11/16/2028,AGG ROBBERY,2/21/2023,4/29/2022,6
50439169,2157586,"MORADEL-ROMERO,GUSTAVO ANTONIO",Stringfellow,5/7/2031,AGG ASLT-SBI,9/12/2017,5/7/2016,15
50440769,2491617,"RAMOS,ETHENN S",Clements,9/1/2028,ASLT FAM 2ND OFFENSE REPEAT,2/20/2024,4/4/2023,5
50442166,2435553,"NEALY,MARIA ANTOINETTE",Murray,1/1/2027,MANSLAUGHTER,2/14/2023,7/28/2022,8
50442193,2610531,"MORALES,IRVING",Segovia,10/1/2026,POSS CS PG1/1-B 1-4G,3/20/2026,11/20/2025,2
50442862,2586948,"LUNA,JOSE RICARDO JR",Chasefield Wilderness,8/14/2028,UNL POSS F/ARM,10/23/2025,5/22/2025,7
50443071,2496736,"JACKSON,RAHSHONDA LANAE",Plane,4/27/2029,AGG ASLT W/DWPN,4/9/2024,4/28/2023,6
50443227,2613020,"GARCIA,JOHN X",Connally,1/1/9999,SEX ABUSE CHLD CONTINUOUS,3/30/2026,9/1/2020,LWOP
50443614,2441257,"ANTHONY,EDWARD MICHAEL LOPEZ",Lopez,12/1/2026,POSS CS PG1 4G-200G,3/20/2023,12/23/2022,5
50445203,2397462,"JORDAN-HAMILTON,TAYMAR",Ney,11/14/2040,AGG ROBBERY,5/25/2022,7/31/2019,20
50446974,2545146,"CAMPBELL,SAMUEL EUGENE",Stevenson,6/10/2027,UNL CARRY WPN W/FELONY CONV,2/6/2025,7/18/2024,4
50447107,2402707,"KOENIGSTEIN,ANGEL JONATHAN",Polunsky,4/15/2055,MURDER,7/8/2022,4/12/2020,35
50447118,2438451,"CAZARES,CHRISTIAN ALEXIS",Ney,1/8/2028,INTOX MANSLAUGHTER,3/10/2023,11/13/2020,5
50449786,2031957,"FISK,WALTER",Clements,1/1/9999,INDECENCY W/CHILD-CONTACT,10/21/2015,2/10/2014,Life
50453028,2595169,"YAHOSHUA,JORDAN ALEXANDER",Stevenson,4/29/2044,AGG SEX ASLT CHILD,12/11/2025,12/1/2023,20
50453374,2485020,"WALTON,DAVID EDMOND REECE",Lopez,4/10/2027,AGG ROBBERY,1/2/2024,9/28/2019,5
50455706,2565961,"RANGEL,JOE ALEJANDRO JR",Lopez,5/18/2027,UNL POSS F/ARM,6/12/2025,1/22/2025,5
50456442,2560767,"ELIZONDO,GEORGE ALBERT III",C.T. Terrell,5/9/2049,SEX ABUSE CHILD CONT,5/12/2025,1/17/2022,25
50457034,2417819,"FLORES,GABRIEL LEE",Dominguez,5/20/2037,AGG ASSLT W/DEADLY WPN,10/5/2022,4/21/2020,15
50457123,2456840,"LOPEZ,ZACHARY ABRAM",Connally,3/13/2028,ASLT-PEACE OFFICER/JUDGE-B,7/5/2023,3/14/2023,5
50457580,2401138,"ROBINSON,RONALD",Torres,4/23/2030,AGG ROBBERY,6/24/2022,3/15/2022,8
50457955,2372130,"COVARRUBIAS,JOE ANGEL",Lopez,5/3/2028,ASLT FAM-2ND OFFENSE,11/12/2021,9/26/2018,5
50458785,2529962,"WALLACE,CAILIN CHANEL",Halbert,9/10/2026,ASLT PEACE OFF/JUDGE,11/4/2024,5/3/2024,5
50459241,2282830,"CARY,JASMINE",Murray,5/31/2043,MURDER,9/6/2019,11/23/2017,25
50459698,2424559,"DIAZ,JOSEPH JOHN III",Hightower,11/28/2026,IND W/CHILD-CONTACT,11/21/2017,7/1/2017,8
50460030,2529229,"CRUZ,MIGUEL ANGEL",Briscoe,6/13/2028,AGG ROBBERY,9/26/2024,1/16/2020,5
50460245,2609338,"ROSALES,JERRY J",Garza West,5/2/2027,ASLT FAM/HSE MEM PREV CONV,3/12/2026,9/26/2021,4
50462559,2265782,"RUIZ,HENRY CASTILLO",Polunsky,5/1/2058,MURDER,5/23/2019,12/21/2017,40
50464597,2199608,"TOVAR,JOSEPH",McConnell,9/21/2061,AGG ROBBERY,5/15/2018,9/14/2016,45
50465161,2176644,"BRIONES,VINCENT",Smith,2/21/2038,MURDER,1/3/2018,6/13/2015,20
50465265,2323877,"JIMENEZ,DYLAN JAKE",Stringfellow,12/8/2029,BURG HAB INTENT COMMIT FEL-FOR,8/20/2020,12/8/2019,10
50466398,2573113,"RAMOS,AGNES MARIE",Halbert,8/3/2026,EVAD ARREST/DET W/VEH,8/8/2025,9/2/2022,3
50466689,2002505,"SANCHEZ,JOHEL STEVEN",Duncan,5/22/2039,MURDER,5/21/2015,11/1/2009,25
50467532,2572357,"BYRD,CHRISTOPHER LESLIE",Torres,10/3/2031,AGG ASLT W/DWPN,1/10/2025,8/23/2023,8
50467661,2313081,"FLORES,JACOB HENRY",Wallace,8/1/2033,MURDER,3/6/2020,7/30/2018,15
50467805,1989030,"CARRIZALES,CONSTANTINO",W. Scott,3/20/2039,AGG SEX ASLT CHILD,3/17/2015,2/12/2009,25
50468167,2342236,"URIBE,ROGER XAVIER",McConnell,10/7/2027,FELON POSS FIREARM,3/17/2021,5/26/2020,5
50468293,2563579,"RAMIREZ,BRYAN ROBERT",Segovia,5/7/2027,AGG ASLT DW,5/16/2025,5/7/2024,3
50468722,2609327,"LESLEY,MARC ANTHONY",Ney,5/11/2045,AGG ASLT W/DWPN,3/12/2026,9/12/2023,20
50468999,2059978,"MARTINEZ,RICARDO",Beto,12/4/2026,AGG SEX ASLT-CHILD,3/24/2016,11/1/2013,12
50469328,2000851,"MORGAN-DAVIS,KENNETH THOMAS",Connally,3/22/2039,CONTINUOUS SEX ABUSE CHILD,5/11/2015,3/22/2014,25
50470689,2582699,"CIRILO,JOSHUA TREVINO",Dominguez,11/26/2027,POCS PG1 4-200G,12/15/2021,7/9/2021,4
50471665,2521007,"LOSOYA,JESSE ANTHONY",Ferguson,4/23/2029,ROBBERY,8/27/2024,4/23/2024,5
50473068,2418319,"GALVAN,ANGEL RENE",Briscoe,11/17/2029,SEX ASLT CHILD,10/3/2022,11/17/2019,8
50475043,1990564,"HERNANDEZ,RUBEN",Holliday,3/23/2035,AGG SEX ASLT CHILD,3/25/2015,9/30/2011,20
50475268,2581413,"RAMIREZ,JOEY HENRY",Connally,8/4/2030,SEXUAL ASLT CHILD,9/9/2025,5/1/2024,6
50475616,2522586,"RAMOS,ANTONIO ALBERTO JR",Garza West,4/18/2027,ESCAPE W/ARREST CONFINED FEL,9/3/2024,8/16/2024,5
50476651,2380530,"SAUCEDA,JESUS RUIZ",Torres,6/9/2039,INTOX MANSLAUGHTER,1/24/2022,6/9/2019,20
50477048,2410752,"QUINTANA,JASON",Vance,9/4/2029,BURG HAB INT COMM FEL-FOR,8/24/2022,9/4/2021,8
50478965,2594828,"COOPER,SHERRY VICTORIA",Young,8/1/2026,FRAUD USE/POSS ID INF ITE 50/MOR,1/5/2026,9/22/2021,5
50479618,2457911,"SANCHEZ,BENJAMIN",Stiles,10/1/2026,BURG HABIT - FORCE,7/12/2023,4/14/2023,6
50479685,2321338,"QUINTERO,HERIBERTO",Ney,6/26/2030,AGG SEXUAL ASLT CHILD,6/29/2020,6/15/2017,10
50480169,2290787,"SARLES,GIOVANNI MARCELLO",Roach,9/13/2034,TRAFF CHILD INTENT FORCED LABO,10/24/2019,11/1/2016,15
50481222,2141605,"MARTINEZ,JULIAN",Dalhart,3/22/2046,MURDER,6/16/2017,3/14/2016,30
50481230,2393885,"WIATREK,ZACHARY",Connally,3/14/2028,AGG ROBBERY,5/2/2022,10/2/2020,7
50482393,2408324,"LUNA,RICHARD PAUL",McConnell,12/10/2043,MURDER,8/12/2022,11/21/2020,23
50482686,2487017,"RODRIGUEZ,DAMIAN CHRISTOPHER",Smith,9/19/2026,FELON POSS F/ARM,1/12/2024,3/30/2023,3
50482741,2277401,"CISNEROS,DAMASO RAFAEL",Memorial,10/26/2032,INTOX MANSLAUGHTER,8/12/2019,10/27/2018,14
50482800,2502457,"MARTINEZ,JONATHAN",Havins,10/27/2026,POSS WITD CS PG 3/4 200-400,4/12/2024,10/19/2023,7
50483229,2200776,"ZENDEJAS,MARK",Luther,5/20/2038,MURDER,5/18/2018,1/26/2016,22
50483902,2405353,"HERRERA,EMMANUEL",Ferguson,12/9/2029,AGG ASLT DW,7/25/2022,10/16/2017,8
50484467,1986522,"RUIZ,MARIO GONZALEZ",Wallace,4/17/2029,AGG SEXUAL ASLT CHILD,3/5/2015,4/18/2014,15
50485183,2576037,"GIRON,JORGE",Segovia,12/29/2026,DWI 3RD OR MORE,8/15/2025,12/29/2024,2
50486150,2296183,"ROBY,CAMERON ANTOINE",Polunsky,1/1/9999,MURDER,11/18/2019,4/26/2018,Life
50486600,2436335,"CLAPPER,JOHN KYLE",Glossbrenner,11/20/2026,AGG ROBBERY,6/30/2017,2/8/2017,12
50487657,2100120,"RODRIGUEZ,VICTOR A",Lynaugh,1/17/2028,FAIL STOP/RENDER AID-DEATH,7/6/2016,2/9/2014,10
50487931,2480542,"ORDONEZ,TIFFANIE ROSE",Marlin,12/1/2026,AGGRAVATED ROBBERY,12/19/2023,1/27/2019,5
50489077,2416949,"ZENO,DAVELL CHARLEY",Coffield,5/1/2027,INDEC W/CHILD CONTACT,10/7/2022,12/30/2021,6
50489177,2564341,"GONZALEZ,DANIEL",Dominguez,5/26/2031,VIOL BOND/PRO ORD ASLT/STALK,5/29/2025,12/17/2022,8
50492490,2481791,"JONES,REYLEN MARIE",Coleman,4/4/2028,AGG ASLT W/DWPN,1/2/2024,4/5/2023,5
50495479,2604250,"PEREZ,CONRAD CONSTANTINE",Segovia,3/2/2027,UNL CARRY WPN W/FEL CONV,2/10/2026,9/4/2025,2
50496549,2589325,"RUIZ,ADRIAN JR",Segovia,9/10/2026,ASSAULT FAMILY 2ND OFFENSE,11/6/2025,2/10/2022,4
50496573,2597474,"BASON,DWIGHT OKEITH",East Texas Treatment Facility,11/11/2026,POSS CS PG 1/1-B >=4G<200G,,8/16/2023,6
50496646,1969714,"LEATHERMAN,ROBERT",Telford,5/6/2049,AGG SEX ASLT CHILD,12/2/2014,5/5/2014,35
50498582,2565742,"MORAN,MATTHEW DYLAN",Stevenson,12/12/2032,AGG ASLT DW,6/10/2025,2/5/2024,8
50498862,2381765,"JOHNSON,DA ONTE",Willacy County,3/2/2027,POSS CONT SUBS PG1 4-200G,2/4/2022,9/27/2018,18
50499503,2483932,"DECKARD,KENNETH DOMINIQUE",Gist,7/1/2026,AGG ASLT W/DWPN,1/3/2024,12/3/2018,4
50500954,2217612,"PEREZ,MICHAEL ALBERT",Wynne,1/23/2030,BURG HABIT FORCE,8/20/2018,4/20/2018,12
50504368,2044972,"RODRIGUEZ,SARI S",Murray,5/20/2074,MURDER,10/22/2015,12/19/2013,60
50504397,2352792,"ADAMS,KEARY DOUGLAS",Stevenson,9/7/2033,AGG ROBBERY,5/28/2021,7/23/2017,15
50505103,2505848,"PENA,CARLOS",Garza West,11/25/2026,AGG ROBBERY,4/20/2020,10/4/2019,5
50505233,2235888,"SANCHEZ,SEBASTIAN FERNANDO JOV",Garza East,10/16/2037,MURDER,11/26/2018,4/25/2017,20
50506172,2553738,"FIELDS,BILLY",Dominguez,11/19/2028,ASLT FAM/HOU MEM PREV CONV,3/28/2025,11/6/2023,4
50506926,2606286,"GOVER,CASSANDRA MARIE",Plane,8/18/2027,UUV,2/20/2026,10/17/2025,1.5
50507594,2487972,"CORRALES,RENO ONTARRIO",Coffield,9/11/2029,UNL CARRY WPN W/FELONY,1/25/2024,9/12/2023,6
50507793,2426690,"BUCHANAN,JARED TYLER",McConnell,5/8/2027,AGG ASLT W/DWPN,12/15/2022,5/8/2022,5
50507888,2580207,"ALONZO,JUVENTINO MIGUEL",Ellis,2/1/2027,UNL POSS FIREARM BY FELON,10/2/2024,5/30/2024,4
50508403,2432176,"GARCIA,JOHNATHAN CRUZ",Smith,2/12/2051,ATT CAP MURDER-POLICE OFFI,1/23/2023,2/12/2019,32
50508642,2078696,"HERRERA,MIRANDA",Crain,5/19/2064,ATT CAPITAL MURDER-OTHER FELON,7/15/2016,12/19/2013,50
50511468,2539249,"CASTANEDA,JUAN ALEJANDRO",Ferguson,8/19/2026,AGG ASLT DW,12/19/2024,8/19/2024,2
50511999,2397465,"ROBERTSON,DESAHAUN",Lychner,2/21/2027,AGG ASLT BY PUBL SERV,6/6/2022,7/23/2021,5
50512196,2470966,"CANASTRA,JASON LLABAN",Lopez,8/5/2027,DEL CS TO MINOR,10/5/2023,8/24/2022,10
50514009,2426707,"RIOJAS,JAIME SEBASTIAN",Torres,7/29/2032,MANSLAUGHTER,11/29/2022,8/15/2020,10
50515282,2220202,"ARCE,PERFECTO",Smith,4/10/2028,AGG ROBBERY,8/24/2018,4/11/2018,10
50515691,2612641,"SEGURA,OLIVIA BIANCA",Henley,2/12/2027,AGG ASSAULT W/DEADLY WEAPON,,6/18/2020,10
50517141,2589311,"GONZALES,CHRISTOPHER LEE",Segovia,8/27/2027,BURG HABIT,10/29/2025,5/5/2025,5
50518354,2431190,"RANGEL,STEVEN ANTHONY",Daniel,8/21/2027,ASLT FAM CHOKING/STRANG 2ND,1/18/2023,8/21/2022,5
50518448,2044235,"NEELY,ROBERT ALLEN",Briscoe,6/13/2028,INDECENCY W/CHILD CONTACT,1/7/2016,4/3/2014,14
50518544,2079281,"JEAN-BATISTE,SEAN",Wainwright,12/7/2029,POSS WID CONT SUB 4-200G,7/19/2016,11/2/2015,20
50518952,2592110,"GOMEZ,DEZHMEN DEBRYAN",Dominguez,8/30/2027,HARASS PUB SERV,11/6/2025,4/3/2025,5
50519076,2610521,"GONZALEZ,JESUS ARMANDO",Garza West,10/16/2036,POSS CHILD PORN CHILD Y/10 YOA,3/26/2026,4/3/2025,25
50520477,2576038,"HOW,TONY RENE",Gist,7/10/2026,POSS CS PG1 4-200G,8/12/2025,2/20/2023,5
50521650,2121194,"MARTINEZ,DANIEL DEVLIN",Connally,2/28/2037,AGG ROBBERY,3/2/2017,10/22/2014,15
50522319,2151648,"DUNCAN,ZACHARY EARL",Polunsky,6/3/2045,MURDER RPT,8/7/2017,4/29/2015,30
50522869,2290775,"MONSIVAIS,JESUS",McConnell,10/22/2039,AGG SEX ASLT CHILD,10/23/2019,5/30/2016,20
50523893,2544964,"SAENZ,GABRIEL RAYMOND",Segovia,10/7/2027,VIOL BOND/PROT ORDER ASLT/STALK,2/7/2025,10/3/2021,4
50524056,2518762,"PEREZ,JUSTIN LEE",Briscoe,1/23/2030,AGG ROBBERY,8/13/2024,1/11/2024,6
50524787,2586491,"GOMEZ,JULIA RAE",Crain,9/2/2026,POSS CS PG 1 <1G,,3/10/2017,4
50525034,1992893,"GUERRERO,VICTOR",Roach,6/25/2029,INDEC W/CHILD-CONTACT,3/26/2015,6/24/2014,15
50526730,2156874,"MARTINEZ,ANTOINETTE",O'Daniel,1/1/5555,CAPITAL MURDER-OTHER FELONY,9/19/2017,6/18/2014,LWOP
50527937,2581287,"JUAREZ,MICHAEL ANTHONY",Willacy County,2/2/2044,AGG SEX ASLT CHILD,8/26/2025,6/4/2017,20
50529524,2141604,"MARTINEZ,JUAN ANTONIO",Estelle,6/1/2026,SEXUAL ASLT/CHILD,6/14/2017,7/3/2014,12
50531732,2164948,"LOPEZ,FRANCISCO XAVIER",McConnell,10/24/2057,CONTINUOUS SEX ABUSE-CHILD,10/27/2017,10/28/2013,40
50531754,2296980,"SAUCEDO,DANIEL APOLONIO",Stiles,4/8/2061,MURDER,12/3/2019,4/8/2019,42
50533071,2596291,"ESTRADA,ASHLEY BRIANAMARIE",Henley,11/3/2026,DRIVING WHILE INTOXICATED 3RD OR,,9/10/2021,7
50533142,2560790,"STOWE,FREDRICK ALAN JAMES",Dominguez,7/18/2027,UNL POSS FIREARM BY FELON,5/5/2025,7/23/2024,6
50533341,2402153,"SANDOVAL,ISAAC",Connally,7/17/2060,MURDER,7/5/2022,7/17/2020,40
50534741,2585396,"AGREDA-ORELLANA,ROBERTO CARLOS",Segovia,11/14/2026,AGG ASLT W/DWPN,10/20/2025,11/14/2024,2
50537713,2545202,"RODRIGUEZ,NOEL ANTHONY",Willacy County,6/24/2030,ASLT INT RCK BRTH CIRC,12/9/2024,6/6/2024,6
50538059,1967698,"CHAIREZ-MURILLO,MELITON",Torres,7/18/2044,AGG SEX ASLT CHILD,11/12/2014,12/31/2010,30
50539759,2379368,"COBB,DONNAVEN",Roach,4/3/2029,AGG ASLT W/DWPN,1/13/2022,8/3/2020,8
50540570,2113254,"SCOTT,TREVON",Hamilton,9/1/2026,MURDER,1/25/2017,7/20/2014,16
50541458,2518760,"PALAFOS,MICHAEL",Garza West,10/22/2073,MURDER,8/12/2024,10/23/2023,50
50542673,2325662,"IDUMBO,BLANDINE YVONNE",Murray,3/2/2038,AGG ROBBERY,10/6/2020,2/21/2018,20
50542990,2379367,"CERVANTES,JONANGEL",Wainwright,12/30/2031,AGG ASLT W/DWPN,1/14/2022,12/18/2019,12
50543785,2537024,"BRAZIEL,LAYTHAN DANIEL",McConnell,9/28/2026,BURG HABIT,12/10/2024,6/6/2023,3
50545609,2068526,"BRYANT,LAZELL",Michael,11/22/2030,AGG ROBBERY,5/24/2016,8/29/2015,15
50548036,2446499,"PATTON,KYLE",Boyd,1/25/2028,VIOL BOND/PROT ORDER-ASLTS,4/14/2023,7/31/2022,5
50548221,1967697,"CARDENAS,RICHARD",Lynaugh,8/6/2032,SEX ASLT CHILD,11/17/2014,3/1/2009,18
50549146,2593060,"JACKSON,REECE TYLER",Dominguez,6/12/2026,BURG VEH W/PREV 2+ CONV,3/29/2023,2/9/2022,0.7
50549252,2190626,"CAIN,SHAWN CHRISTIAN",B. Moore,12/15/2027,AGG ASLT W/DWPN,3/26/2018,1/19/2017,10
50549434,2031969,"MUNOZ,JAVIER RENTERIA",Huntsville,6/30/2029,INTOX ASSAULT,10/26/2015,8/9/2014,8
50550380,2363718,"ORTEGA,JOSEPH ANGELO",Connally,3/26/2027,BURG HAB-FORCE,9/10/2021,4/28/2021,8
50551044,2394035,"WALMSLEY,JORDAN",Ramsey,4/1/2027,AGG SEX ASLT CHILD,5/5/2022,12/1/2017,7
50554444,2607503,"DAUBERMAN,JESSICA NICOLE",Marlin,1/1/2027,EVADE ARREST DET W/VEH,3/5/2026,5/6/2024,6
50554767,2557417,"RODRIGUEZ,JONATHAN RAY",Glossbrenner,8/6/2026,ROBBERY,3/21/2025,11/6/2024,8
50555227,2548559,"ZAPATA,RENE",Garza East,3/17/2028,DEADLY CONDUCT DISCH FIREARM,2/28/2025,2/7/2021,8
50557992,2570403,"SOSA,CHRISTOPHER DANIEL",Garza East,6/8/2036,AGG ASLT W/DWPN,7/7/2025,6/8/2024,12
50558336,2244997,"YOAST,ETHAN CONRAD",Torres,10/10/2048,MURDER,1/24/2019,10/10/2016,32
50558889,2433315,"ZAMORA,SANTANA SANTOS",Hughes,1/28/2028,UNL CARRY WPN FEL CONV,2/6/2023,6/7/2022,5
50559066,2553749,"ROSS,JOHNNY MAC",Lopez,3/4/2027,UNL CARRY WPN W/FELONY CONV,3/27/2025,1/23/2025,5
50559124,2362561,"LOPEZ,STEPHANIE MARIE",Crain,4/25/2043,AGG ROBBERY,8/26/2021,4/20/2018,25
50561573,2610513,"CASTRO,CHRISTIAN ALLEN",Garza West,4/5/2028,AGG ASLT W/DWPN,3/17/2026,12/21/2024,3
50561735,2580785,"BOTTOMS,ANDREA DAWN",Crain,6/1/2026,POSS CS PG 1/1-B 1-4G,9/17/2025,9/27/2024,2
50562479,2500494,"DIAZ MARTINEZ,CARLOS BENEDICTO",Hightower,10/12/2032,AGG ROBBERY,4/12/2024,10/13/2023,9
50562996,2495837,"LOPEZ,EZRA XANDER",Garza East,3/3/2032,AGG ASLT DW,3/11/2024,9/1/2021,8
50563279,2555049,"ENRIQUEZ,ROBERTO FLAVIO",Segovia,1/23/2027,POSS CS PG 1/1-B 4G-200G,4/7/2025,1/23/2025,2
50563968,2603024,"DOBBINS,BRENNAN MARQUIS",Glossbrenner,11/26/2026,AGG ROBBERY,1/5/2026,12/4/2017,5
50564368,2571942,"SANCHEZ,PRISCILLA LUNA",Marlin,7/8/2026,UNL POSS FIREARM BY FEL,8/5/2025,2/28/2025,3
50564649,2374425,"MARTINEZ,LUIS ENRIQUE",Willacy County,8/30/2026,ASLT PREGNANT PERSON,12/3/2021,6/14/2021,4
50566142,2594061,"AVILEZ,ANGELICA DOLORES MARIE",Marlin,10/5/2026,POSS CS PG1 4-200G,12/12/2025,7/9/2023,4
50566193,2478919,"VADEZ-CASTILLO,DAMION ANGEL",Memorial,6/11/2026,POSS CS PG2 4-400G,11/29/2023,8/4/2022,6
50566567,2046698,"ALLEN,JOEL T",Stevenson,8/29/2033,AGG SEX ASLT-CHILD,1/25/2016,9/1/2014,18
50567030,2576045,"RAMIREZ,DOMINIC RENE",Briscoe,11/4/2032,ROBBERY,8/15/2025,7/28/2024,8
50568732,2611827,"VILLANUEVA,ALBERT LEE",Garza West,1/23/2028,THEFT PROP $30K-150K,2/6/2026,12/5/2025,2
50570201,2502698,"LUNA,KEVIN JOVANNY",Torres,3/29/2062,MURDER,5/2/2024,1/3/2022,40
50570316,2530300,"ZUNIGA,JOHN MATTHEW",Stiles,11/25/2029,MAN DEL CS PG1 4G-200G,1/15/2021,12/4/2020,6
50570333,2430601,"VASQUEZ,EUGENE ORLANDO",Telford,3/1/2028,AGG ROBBERY,1/9/2023,3/2/2022,6
50571508,2118295,"CISNEROS,SERGIO",Smith,11/2/2050,MURDER,2/17/2017,12/29/2014,35
50572087,2490127,"MARCHAN,JUSTIN MARCOS",Robertson,9/11/2032,POSS WID 200-400G,2/5/2024,12/11/2022,10
50572877,2398175,"BAILEY,BRENT EUGENE",Segovia,8/1/2026,ONLINE SOLICIT MINOR,6/8/2022,7/8/2021,10
50572922,2550476,"NINO-ARRIAGA,JOSE LUIS",Segovia,9/11/2026,POSS CS PG 1/1-B 4G-200G,2/18/2025,9/11/2024,2
50573436,2410750,"PINA,JONATHAN RENE",Memorial,12/1/2026,FELON POSS FIREARM,8/29/2022,6/16/2022,6
50574158,2605011,"BERYEJI,ARDAVAN",Lopez,1/7/2027,FRAUD USE/POSS ID INFO ITM L/5,2/11/2026,8/26/2024,3
50575627,2502454,"GONZALES,RAYMOND",Dominguez,5/16/2027,ASLT PEACE OFFICER/JUDGE,12/16/2021,6/9/2020,4
50575920,2531732,"SOTO-LIMON,OSCAR",McConnell,7/9/2027,POSS CS PG1/1-B 4-200G,10/30/2024,7/9/2024,3
50577433,2244431,"DOMINGUEZ,CANDIE",Hobby,10/5/2044,MURDER,2/4/2019,9/30/2014,30
50577559,2604245,"FLORES,AARON ANTHONY",Hamilton,11/12/2026,DWI 3RD MORE,2/12/2026,6/19/2025,3
50577696,2535877,"RICO,RALPH ANTHONY",McConnell,6/8/2030,UNL CARRY WPN W/FEL CON,12/3/2024,12/22/2023,6
50578800,2589309,"DHOOGE,DEREK DEAN",Segovia,4/6/2027,UNL POSS FIREARM FELON,10/31/2025,4/6/2025,2
50580068,2565954,"JACKSON,DEIONDRAI MARQUIS",Kyle,6/1/2026,EVADING ARR DET W/VEH,6/11/2025,11/28/2023,4
50580227,2121159,"CASTILLO,EUGENE",Connally,10/29/2042,AGG SEXUAL ASLT,1/4/2017,6/10/2014,28
50580421,2544967,"TALAVERA,CARLOS IV",Willacy County,10/1/2026,EVADING ARR DET W/VEH,9/25/2024,8/16/2022,6
50581182,2575799,"FARIAS,SAMUEL XAVIER",Briscoe,12/3/2027,AGG ASLT DW,8/11/2025,12/2/2024,3
50581830,2606746,"DELEON,JOSE ANTHONY",East Texas Treatment Facility,10/8/2026,UNL CARRY WPN W/FELONY CON,1/10/2023,5/23/2022,6
50582985,2610511,"CARDENAS,RAUL MORALES",Garza West,1/27/2028,EVADING ARREST DET CAUSE SBI,3/23/2026,6/6/2025,4
50583124,2152895,"SPIVEY,DAYNE EVERETTE",Beto,3/17/2051,MURDER,8/8/2017,3/14/2016,35
50583406,2471079,"SOTO,SENAIDA MARIE",Young,11/19/2028,ARSON-HABIT/PLACE,10/23/2023,11/20/2022,6
50583416,2389479,"HERNANDEZ,ANTHONY",Hodge,3/23/2027,AGG SEX ASLT CHILD,3/21/2022,9/5/2018,7
50583709,2010493,"MARTINEZ,JOHN H",Dalhart,5/1/2027,AGG SEX ASLT/CHILD,6/30/2015,3/1/2014,15
50583912,2096335,"DELEON,EDEN AURELIO",Willacy County,2/1/2027,FRAUD USE POSS ID INFO 10-49,10/13/2016,12/16/2015,10
50584319,2557414,"OLALDE,JOSE ARMANDO ORDUNA",Segovia,11/29/2027,DWI,3/27/2023,10/7/2021,3
50585785,2016070,"HAWKINS,DAVID JERMAIN",Hughes,12/4/2029,INJ TO CHILD/BI/INT/KNOW,6/23/2015,10/17/2014,30
50585816,2612776,"WHEELER,NOAH THOMAS",East Texas Treatment Facility,2/13/2027,POSS CS PG 1/1-B<1G,,6/16/2023,2
50586607,2573524,"LOPEZ,RAUL HINOJOSA",Stevenson,12/22/2032,INDECENCY W/CHILD SEX CONTACT,7/28/2025,12/20/2024,8
50586957,2538086,"ALVAREZ,GABRIEL ANTHONY",Polunsky,10/1/2027,ROBBERY,10/28/2021,2/9/2021,3
50592073,2325521,"FLORES,XZAVIER",Segovia,3/11/2027,AGG ROBBERY,7/9/2020,9/4/2018,8
50592080,2510916,"LEWIS,LATRELL JACQUISE",Garza East,12/10/2052,MURDER,6/20/2024,12/11/2022,30
50593204,2484298,"CHRISTIAN,JADON",Smith,1/5/2029,AGG ROBBERY,7/12/2021,12/10/2019,7
50593434,2405634,"MORENO,EDWARD",Stevenson,12/21/2027,ASLT-FAMILY-2ND OFFENSE,8/1/2022,2/13/2021,6
50594360,2023026,"ARTEAGA,EDGARDO FRANCISCO ESTR",Smith,11/1/2030,AGG SEX ASLT-CHILD,9/15/2015,11/1/2014,16
50595008,2545947,"BELMUDEZ,KEITH D",Torres,9/11/2027,AGG ASLT CAUSE SBI,2/13/2025,9/10/2023,4
50595205,2193221,"COX,DONOVAN CALEB",Allred,3/21/2051,AGG ASLT/PUBLIC SERVANT,4/9/2018,4/24/2017,30
50597425,2572367,"GOMEZ,DEVAN MANUEL",Torres,11/9/2026,POSS CS PG1/1-B 1-4G,7/14/2025,11/9/2024,2
50598898,2585420,"GONZALES,MARTIN JR",Segovia,7/1/2026,UNL CARRY WPN W/FEL CONV,1/6/2025,2/4/2024,2
50600195,2435073,"REYES,JULIAN JOEL",Memorial,9/9/2036,AGG ROBBERY,2/9/2023,1/22/2021,14
50600215,2593419,"BELTRAN,FELIX SEBASTIAN JR",Segovia,5/9/2027,DDLY COND DISCH FIREARM,12/1/2025,6/29/2025,4
50600306,2281718,"MUNERLYN,ANTRAIL JADAVEONTE",Smith,6/3/2026,AGG ROBBERY,8/29/2019,5/29/2018,8
50600980,2130366,"FAZIO,BRIAN",Bell,9/1/2026,MANSLAUGHTER,4/19/2017,6/5/2015,20
50601260,2609384,"HAMBLIN,SCOTT EUGENE",Gist,7/10/2026,POSS CS PG1/1-B<1G,4/9/2026,9/13/2025,0.5
50601409,2474564,"RECINOS,RICARDO ANTONIO",Garza West,9/25/2058,CONT SEX ABUSE/CHILD,10/13/2023,1/1/2015,35
50602402,2580233,"SANCHEZ,JONATHAN RAY",Willacy County,4/17/2034,AGG SEX ASLT CHILD,9/8/2025,4/12/2024,10
50602665,2517962,"NOBLES,AUSTIN DAVID",Connally,1/8/2054,SUPER AGG SEX ASLT CHILD,7/31/2024,8/1/2017,30
50603392,2609336,"RAMSEY,JARVIS AMARRION DEANT",Dominguez,9/15/2039,AGG ROBBERY,3/6/2026,9/10/2025,14
50604274,2405614,"DELGADO,PHILLIP ARTHUR",Memorial,7/8/2029,AGG ASLT W/DWPN,7/26/2022,6/2/2021,8
50604953,2480350,"JOHNS,KAMERON HUNTER",Polunsky,1/30/2038,MANSLAUGHTER,12/14/2023,1/14/2023,15
50605814,2564347,"KNODELL,PAUL GUSTAV",Clements,2/16/2031,AGG ASLT DW,5/27/2025,2/7/2021,10
50608743,2476087,"GARCIA,JUAN JAVIER DEHOYOS",Polunsky,11/26/2030,AGG ASSLT W/DWPN,11/6/2023,12/21/2020,8
50609244,2125229,"TORRES,JOE ANTHONY",Memorial,11/18/2061,MURDER,3/23/2017,10/24/2015,45
50611953,2558542,"NEGRON,CARLOS ROBERTO",Polunsky,11/23/2046,MURDER,4/23/2025,11/23/2021,25
50612590,2585209,"VEGA,ZENARIO HERNANDEZ",Segovia,5/27/2027,DWI 3RD/MORE,10/7/2025,5/27/2025,2
50613609,2522448,"TORRES,GILBERT",McConnell,5/5/2054,MURDER,9/3/2024,8/29/2022,30
50613697,2583984,"ROJAS,GIL III",Connally,7/16/2054,AGG ROBBERY,9/30/2025,7/9/2024,30
50614004,2321347,"VARGAS,STEPHEN",Torres,7/17/2034,AGG ROBBERY,3/19/2020,10/23/2018,15
50614034,2600452,"MUNOZ,VINCENT AMBROSE",Dominguez,3/5/2027,ABAND/ENDANGER CHILD CRIM NEG,1/21/2026,8/2/2023,1.7
50614747,2084343,"MORAN,ROMAN",Smith,8/9/2046,AGG SEX ASLT CHILD,8/12/2016,7/16/2010,30
50614756,2407632,"CHAVEZ,CHRISTOPHER JAMES",Dominguez,10/24/2030,AGG ROBBERY,4/5/2022,5/9/2018,10
50614763,2564352,"ORTIZ,RAUL EDWARD CARMONA III",Segovia,9/16/2027,UNL POSS F/ARM BY FELON,5/28/2025,9/16/2024,3
50614767,2394844,"HERNANDEZ,EFRAIN JR",Memorial,3/28/2029,AGG ASLT W/DW,5/16/2022,3/28/2021,8
50615193,2313115,"WESTMAN,ISAIAH LOUIS",Polunsky,11/7/2053,AGG ROBBERY,3/16/2020,3/8/2018,35
50616552,2539254,"DAHL,CHRISTOPHER",McConnell,3/1/2030,AGG ASLT AGAINST PUB SERVANT,12/19/2024,3/1/2024,6
50617369,2166097,"LEONARD,TAVORYEAH",Wainwright,8/14/2028,AGG ROBBERY,10/31/2017,11/27/2015,10
50617425,2482081,"DEARS,JAYLEN",Connally,12/24/2042,AGG ROBBERY,12/15/2023,12/17/2020,22
50619033,2480177,"SPANGRUD,BRYAN ALEXANDER",Coffield,5/5/2038,AGG ASLT PUB SERV,12/6/2023,5/6/2023,15
50619929,2522424,"LEOBARDO,GAMAEL PEREZ",Dominguez,3/25/2028,CONT VIOL AGAINST FAM,9/10/2024,2/13/2021,4
50621433,2553753,"WILLIAM,ALEXANDER",Garza East,8/2/2030,AGG ROBBERY,4/1/2025,8/2/2024,6
50622116,2591896,"RODRIGUEZ,JULIAN ANDREW",Lopez,12/1/2026,POSS CS PG1/1-B 1-4G,11/17/2025,7/4/2024,5
50622493,2119674,"FRANKLIN,DEMOND",Telford,1/1/5555,CAPITAL MURDER,12/12/2016,10/22/2014,LWOP
50622633,2475464,"HERNANDEZ,JOE ANTHONY",Torres,2/15/2030,POSS CS PG1 1-4G,10/31/2023,4/11/2020,8
50623289,2220224,"GONZALES,JACOB RUDY",McConnell,4/29/2040,AGG ROBBERY,6/28/2018,3/29/2018,22
50623605,2612629,"RUFFER,AMANDA SUSAN",Plane,4/24/2027,MAN/DEL CS PG 1 4-200G,3/31/2026,1/8/2018,5
50624559,2612132,"MENCHACA,SERVANDO JR",Garza West,7/8/2028,DWI 3RD OR MORE,3/30/2026,8/25/2024,5
50624573,2577979,"MARTINEZ,JOSE JUAN",Dominguez,6/1/2026,ASLT FAM HSEHLD MEM PREV CONV,8/22/2025,6/25/2021,3
50625131,2590123,"ST AMIE,RONALD ARTHUR",Smith,8/21/2064,MURDER,10/24/2025,8/20/2024,40
50626553,2589304,"BROOKS,EKALI JR",Stevenson,5/13/2032,SEXUAL ASLT CHILD,11/6/2025,2/26/2022,7
50627028,2088063,"MONTENEGRO,ROLAND MORRIS",Stevenson,7/22/2031,AGG SEXUAL ASLT CHILD,7/25/2016,5/20/2012,15
50627206,2569013,"MURCHISON-SMITH,RICKY DARNELL",Dominguez,6/20/2032,UNL POSS FIREARM BY FELON,7/3/2025,6/21/2024,8
50627625,2501018,"MENDOZA,KATRINA ROSE",Hobby,2/9/2067,INJURY CHILD SBI INTENT/KNO,4/29/2024,2/7/2022,45
50628201,2374417,"GUTIERREZ,MIGUEL",Ferguson,1/1/9999,MURDER,12/20/2021,11/3/2017,Life
50628609,2613794,"BURKE,OLIVIA",Henley,2/19/2027,VIOL BOND/PROTECTIVE ORDER 2+ TI,,9/3/2023,4
50629298,2591664,"MCDANIELS,DEVON",Glossbrenner,7/7/2026,ASSAULT FAM/HOUSE MEM IMPEDE BRE,,10/22/2021,5
50634223,2418333,"NARVAREZ,ARMANDO",Lopez,7/31/2034,AGG ROBBERY,10/17/2022,7/30/2019,15
50634431,2480340,"CRUZ,JAIME YBARRA",Stevenson,12/2/2026,MANSLAUGHTER,12/13/2023,4/28/2018,7
50634678,2184329,"LINDSEY,DAKOTA",Havins,7/8/2026,AGG ROBBERY,2/21/2018,9/19/2017,12
50636246,2567480,"ROSAS,JUANITA ANN",Plane,6/16/2029,AGG KIDNAPPING,7/7/2025,1/7/2022,5
50636930,2454906,"MARTINEZ,ROBERTO VICHOT",Connally,12/16/2028,AGG ASLT W D/W,6/20/2023,12/17/2022,6
50638464,2604775,"FLORES,LINDA ROSE",Hilltop,4/1/2027,POSS CS PG1 1-4G,2/18/2026,6/11/2023,4
50639344,2594069,"SERNA,CASSANDRA MARIE",Plane,11/15/2026,HARASSMENT OF PUBLIC SERVANT,12/9/2025,11/30/2024,3
50639786,2559117,"MENDOZA,VICTOR MANUEL",Briscoe,9/27/2029,AGG ASLT DW,5/6/2025,3/22/2022,6
50642419,2011967,"CAZARES,ALFONSO",Pack,2/2/2040,AGG SEX ASLT CHILD,7/15/2015,7/10/2011,25
50643284,2563314,"FIELDS,DANYAEL B",Dominguez,6/1/2026,ASLT INT/REC BRTH/CIR FM/MEM PRE,5/23/2025,6/16/2023,3
50643706,2123901,"BAKER,COREY",Polunsky,1/24/2043,MURDER,3/21/2017,3/12/2015,23
50643817,2384377,"BARRIENTES,FAITH E",Hobby,7/21/2031,AGG ASLT DW,2/22/2022,7/18/2021,10
50643872,2150363,"TRUJILLO,ELIAN VINCENT",Polunsky,10/7/2031,AGG ASLT W/DDLY WPN,7/19/2017,8/20/2016,15
50644897,2457695,"HOWERTON,MARK P",Jester III,5/31/2043,AGG ASLT SBI,6/30/2023,10/29/2017,20
50645702,2555074,"SANCHEZ,ANGEL JOE",Dominguez,8/28/2028,ASLT FAM HHLD MEM PREV CONV,3/28/2025,8/28/2024,4
50645792,2556147,"GARZA,JONATHAN",Clemens,10/20/2038,AGGRAVATED ROBBERY,4/11/2025,3/25/2023,15
50646089,2458690,"ARROW,MASON",Dominguez,1/1/2027,HARASSMT OF PUBLIC SERV,7/17/2023,3/11/2021,6
50646640,2356989,"TYLER,TRELON FELIX",Ferguson,3/1/2027,AGG SEX ASLT CHILD,7/23/2021,11/15/2019,12
50646983,2596682,"SNEED,THOMAS WAYNE",Lopez,4/30/2031,AGG ROBBERY,12/18/2025,4/30/2025,6
50647018,2052523,"GARCIA,JESSE",Stiles,3/2/2040,AGG ROBBERY,2/22/2016,1/29/2015,25
50648647,2295008,"MARTINEZ,DENYS A",Torres,10/8/2037,MANSLAUGHTER,11/12/2019,5/7/2017,18
50648848,2062643,"MARTINEZ,RICHARD MANUEL",Jordan,8/15/2032,AGG ASLT W/DWPN,4/14/2016,2/13/2015,15
50649267,2340197,"RUCKETT,KENYION LARAE",Michael,6/15/2027,AGG ROBBERY,3/3/2021,6/15/2020,7
50649343,2172784,"SANCHEZ,MOSIAH",Connally,2/13/2045,MURDER,12/15/2017,2/13/2015,30
50650628,2575393,"PATINO,ABIGAIL KAY",Marlin,10/5/2026,ROBBERY,8/21/2025,9/9/2023,3
50651139,2130384,"ROSALES,RONNIE",Allred,10/28/2035,AGG ROBBERY,4/18/2017,10/24/2015,20
50651616,2430108,"ESCOBAR,MATTHEW GAGE",Garza East,12/22/2033,ROBBERY,1/9/2023,10/31/2021,12
50654510,2321841,"PEREZ,ROMAN GERALDO",Lewis,5/15/2039,AGG KIDNAPPING,7/16/2020,10/21/2018,20
50655057,2564622,"AYALA,MICHAEL ANTHONY",Garza West,11/22/2030,ASLT FAM/HSE MEM IMP BRTH/CIRC,6/3/2025,9/5/2024,6
50657477,2502673,"BARNES,CAMERON",Lopez,3/5/2034,AGG ROBBERY,5/6/2024,8/22/2022,10
50657934,2509006,"GUEVARA,JADE",McConnell,1/1/5555,CAPITAL MURDER MULTI PERS,2/28/2023,11/26/2016,LWOP
50660555,2462919,"RODRIGUEZ,FABIAN",Memorial,8/20/2052,MURDER,8/14/2023,8/21/2022,30
50661552,2200750,"DORCH,DEANDRE JEROME",Polunsky,5/10/2081,INJ CHLD SBI OMISSION,5/18/2018,4/28/2016,65
50661697,2581271,"CONTRERAS,TIMOTHY ROBERT",Garza East,7/19/2030,ASLT PEACE OFF/JUDGE,9/10/2025,7/19/2025,5
50662069,2601891,"JOSEPH,EUGENE PATRICK",Segovia,1/1/2027,OBSTRUCTION/RETALIATION,1/30/2026,11/22/2023,4
50662170,2083267,"SLAVIN,JASON MICHAEL",Ramsey,9/30/2035,BURG HABIT INT COMMIT FEL,8/2/2016,9/30/2015,20
50663143,2028306,"MARTIN,WESTLEY",Polunsky,3/11/2035,AGG SEXUAL ASLT/CHILD,10/6/2015,3/23/2013,20
50663735,2407449,"JONES,NORMAN ROBERT",Lychner,3/7/2027,ASLT FAM CHOKING/STRANG,8/5/2022,12/2/2020,4
50666725,2080508,"GERYK,JONATHAN KYLE",Ney,7/14/2046,MURDER,7/21/2016,3/18/2015,30
50667142,2597655,"GONZALES,JOHNNY RICHARD",Sayle,8/12/2026,POSS CS PG 1/1-B >=1G<4G,,9/29/2024,8
50670154,2296209,"ELLISON,LONNIE JEROME JAMES",Allred,1/1/9999,AGG ROBBERY,7/26/2019,8/2/2016,Life
50670565,2281727,"RIOS,ARMANDO",Dominguez,5/31/2026,THEFT $30K-$150K VE,8/26/2019,5/15/2019,8
50670634,2465925,"WHITE,MARCUS",Willacy County,10/30/2036,AGG ASLT DW,8/28/2023,11/26/2020,14
50671686,2445303,"GUTIERREZ,MARTIN JUAN ANTONIO",Estelle,9/11/2030,AGG ROBBERY,4/12/2023,8/5/2022,8
50672025,2435052,"CARROLL,JOSHUA TREMAIN",Hamilton,9/1/2026,AGG ASLT SBI,2/13/2023,5/9/2019,4
50675654,2205755,"SELECTMAN,NICOLE PATRICE",Coleman,6/11/2028,AGG ASLT W/DW SBI FAM/DATE,6/15/2018,4/2/2015,10
50675972,2597577,"MERSHON,GABRIEL RAYNE",Willacy County,2/1/2027,POSS CONT SUB L/1G,12/18/2025,10/20/2025,2
50676344,2343002,"HILDRETH,JACKUB JACKSON",Robertson,12/5/2029,AGG ASLT W/DW SBI FAM/DATING,3/31/2021,12/5/2019,10
50678751,2280661,"ESCOBEDO,JOHN ANTHONY",Allred,1/18/2030,DDLY CONDUCT FIREARM,8/12/2019,12/15/2018,8
50680191,2584445,"CHASE,DONTAVIA MONIQUE",Murray,1/23/2029,AGG ASLT W/DWPN,10/7/2025,12/30/2022,4
50680499,2433089,"MARTINEZ,JOSEPH",Connally,4/4/2041,AGG ROBBERY,1/23/2023,4/10/2020,20
50681279,2404117,"BERNAL,ANGELO",Clemens,10/29/2028,AGG ASLT W/DWPN,6/8/2022,12/28/2016,9
50681593,2603644,"DESANTIAGO,ASHLYN MARIE",Plane,1/12/2027,FRAUD USE CREDIT/DEBIT CARD L/5,2/9/2026,8/16/2025,1.4
50682008,2601636,"ALIKSA,BRADLEY JACK BLAS",Glossbrenner,7/11/2026,FRAUD USE/POSS IDENTIFYING INFO,,2/26/2024,4
50682255,2369067,"RUFFIN,TERRANCE CONTRELL",Briscoe,2/9/2028,BURG HABIT FORCE,10/14/2021,9/18/2019,8
50682372,2478185,"GONZALES,SEBASTIAN ANGEL",Dalby,3/2/2027,AGG ROBBERY,11/20/2023,10/2/2023,5
50682627,2377875,"GALLARDO,SALVADOR JUAREZ",McConnell,4/15/2031,AGG ROBBERY,9/25/2015,4/15/2015,12
50682787,2601352,"RIOS,VICTORIA RAE",Henley,12/10/2026,POSS CS PG 2 >= 1G<4G,,9/27/2025,2
50682964,2079289,"MENDOZA,RAMOS CRISTIAN",McConnell,7/12/2028,AGG ASLT PUB SERV,7/13/2016,4/16/2015,12
50683178,2615218,"MOLINA,LEONARDO",Garza West,3/31/2028,THEFT PROP $30K-150K,4/16/2026,7/30/2021,3
50684752,2499687,"ROSAS,CHRIS RAMON",Polunsky,2/15/2043,AGG ASLT PUBLIC SERV REPEAT,4/10/2024,2/15/2023,20
50685153,2568995,"CHTATA,JOERAY AGUILAR",Segovia,4/13/2027,UNL POSS FIREARM FELON,7/1/2025,4/13/2025,2
50686281,2564409,"MCDONALD,CHASE COLLIN",Dominguez,6/19/2028,UNL POSS FIREARM BY FELON,3/12/2025,9/17/2024,9
50686948,2593423,"GALLEGOS,NATALIEROSE EMILY",Garza West,1/26/2029,AGG ASLT DW,12/3/2025,8/14/2023,4
50689460,2487003,"CABALLERO,MATTHEW EDWARD",Dominguez,6/1/2026,POSS WI/DELV CS PG1 4G-200G,1/24/2024,9/21/2023,5
50689925,2514757,"REYGADAS,LOGAN MATTHEW",Robertson,9/23/2035,AGG ROBBERY,7/15/2024,9/23/2023,12
50691412,2565951,"HENNING,FRANKLIN DAVID",Segovia,12/1/2026,POSS CS PG1/1-B 4-200G,6/16/2025,3/14/2025,4
50691964,2309139,"FULLER,CHARLES DE ADRE",Wainwright,10/31/2058,MURDER,2/13/2020,8/24/2016,40
50692619,2433098,"RIVERA,RICHARD NATHAN",Wynne,7/25/2034,AGG ASLT AGAINST PUB SERV,2/2/2023,3/15/2020,12
50693252,2401703,"VILLAGRAN,JOSE MANUEL",Torres,6/2/2046,AGGRAVATED ROBBERY,6/14/2022,12/20/2020,25
50693749,2543821,"CAMPBELL,DEVONTE RIONDO",Luther,1/1/9999,MURDER,3/27/2024,6/21/2021,Life
50693826,2368436,"MONTOYA,GABRIEL MATTHEW",Coffield,5/10/2057,MURDER,10/6/2021,11/10/2019,37.5
50695074,2313076,"DAVILA,BENITO",Luther,5/31/2031,SEX ASLT CHILD,3/19/2020,11/29/2013,12
50695076,2615006,"OJEDA,ABEL RENE",Dominguez,5/21/2027,BURG OF BUILDING,4/13/2026,11/23/2025,1.5
50695398,2551399,"WISEMAN,GREGORY JEVON",Luther,6/4/2026,POSS CS PG1/1-B 4-200G,2/27/2025,5/27/2024,4
50695530,2578896,"TANNER,DUSTIN TYLER",Willacy County,10/22/2027,MAN DEL CS PG1-B 4-200G,8/26/2025,10/21/2024,7
50695640,2247617,"RAMIREZ,ABRAHAM R",Wainwright,6/20/2026,AGG ASLT W/DW,2/7/2019,9/17/2017,8
50697363,2438870,"CARROLL,ERIC PHARRELL",Ferguson,7/24/2028,AGG ROBBERY,3/24/2023,5/15/2021,7
50700126,2494684,"HERRERA,ORLANDO DOMINGO",Connally,1/29/2033,AGG ASSLT W/DWPN,2/29/2024,1/30/2023,10
50701195,2403182,"MARCHAN,NATHAN",Jester III,6/1/2026,AGG ROBBERY,2/12/2016,4/23/2015,10
50701841,2181152,"FISHER,SIERRA",Crain,1/26/2038,INJURY TO CHILD/SBI,1/29/2018,1/25/2014,20
50702913,2601889,"JASON,MALYK",Garza West,8/21/2052,MURDER,1/23/2026,5/3/2022,30
50705143,2237189,"HALLFORD,DALE RYAN",Smith,9/10/2035,ROBBERY,12/5/2018,5/9/2017,18
50705372,2443419,"TRAN,JIMMY COUNG DUC",Ferguson,1/1/5555,CAPITAL MURDER-OTHER FELONY,4/5/2023,8/12/2019,LWOP
50705447,2096336,"DELEON,MARCOS VINCENT",Wainwright,5/25/2040,AGG SEXUAL ASLT CHILD,10/13/2016,12/13/2014,25
50705495,2318900,"MAYAH,CHARLES PETER",Dominguez,6/1/2026,AGG ASLT AGAINST PUB SERV,3/18/2020,4/4/2018,10
50707916,2512002,"MANGUM,CHRISTOPHER DAVID",Gist,6/4/2026,BURG HABIT,6/28/2024,12/28/2023,5
50708137,2258628,"SPENCER,TERENCE W",Telford,11/15/2033,AGG ROBBERY,4/16/2019,11/15/2017,16
50708611,2463793,"PEREZ-CAVDELA,JOAB ABISAI",Lopez,5/21/2032,BURG HABITATION-FORCE,8/16/2023,5/22/2022,10
50708712,2336104,"KNICKERBOCKER,GINO RAY VASQUEZ",Hodge,4/5/2028,AGG ROBBERY,1/7/2021,4/5/2020,8
50708792,2144185,"YANES,VICTOR JOSE SALINAS",Estelle,6/1/2049,MURDER,6/26/2017,6/2/2015,34
50709063,2581280,"GONZALEZ,JOSUE ALEJANDRO",Segovia,10/22/2026,THEFT PROP $30K-$150K,9/11/2025,7/6/2021,3
50711334,2487971,"CHISM,ROCHE ANTHONY",Connally,3/29/2088,MURDER,1/26/2024,3/30/2023,65
50711676,2588026,"GUTIERREZ,MARIO ISMAEL JR",Garza West,11/17/2026,MAN DEL CS PG1 1-4G,10/23/2025,6/28/2025,3
50713065,2612630,"RUMP,MARLAYNA NOEL",Plane,6/8/2033,SEX ASSLT CHILD,3/31/2026,3/6/2025,8
50715820,2442044,"GUZARDO,TRAVIS LEE",Hamilton,10/7/2026,AGG ASSULT SBI,3/31/2023,10/6/2018,4
50715991,2359550,"SIMONETTI,NOEL FERNANDO",Wynne,11/27/2028,AGG ASLT W/DW,7/20/2021,1/14/2020,8
50716985,2495251,"IZQUIERDO,JAIME",Hamilton,7/14/2026,EVADE ARR DET VEH,3/13/2024,11/1/2023,3
50718904,2554382,"LOPEZ,BRYAN RAFAEL",Wainwright,5/11/2027,DWI 3RD/MORE,4/7/2025,10/24/2024,6
50719407,2215878,"HERRERA,SILVIA A",Hobby,4/21/2041,INTOXICATION MANSLAUGHTER,8/16/2018,6/20/2015,8
50719677,2190638,"KYLE,DEMARCO JABREI",McConnell,3/22/2032,AGG ASLT W/DW,11/16/2017,2/15/2016,15
50720273,2453695,"BRAVO,ALEJANDRO MANUEL",Ramsey,1/14/2031,AGG ROBBERY,6/12/2023,12/30/2022,8
50720277,2473745,"CASTILLO,JOE ANGEL",Connally,10/2/2032,AGG ROBBERY,10/18/2023,9/17/2022,10
50720688,2462917,"QUIROGA,LEONEL AURELIANO",Connally,5/16/2030,AGG ASLT W/DWPN,8/7/2023,5/16/2022,8
50720947,2333179,"DOBERCK,BRIAN WILLIAM",Lewis,5/8/2028,AGG ROBBERY,12/18/2020,5/8/2020,8
50721388,2422272,"DENNIS,BRYAN DAVID",Garza West,7/16/2026,FELON POSS FIREARM,11/2/2022,10/20/2020,4
50722942,2540222,"ZUNIGA,CONRAD ADAM",Lopez,7/24/2031,OBSTRUCTION OR RETALIATION,1/6/2025,12/2/2024,8
50723490,2609334,"PLEASANT,JER AUNTEY",McConnell,3/5/2076,MURDER,3/6/2026,4/14/2023,50
50723820,2596333,"DOSSEY,LYDIA YVETTE",Crain,8/3/2026,POSS CS PG 1/1-B >=4G<200G,,2/5/2024,4
50727284,2440891,"BADILLO,ADAN",Dominguez,11/19/2027,BURG HABIT FORCE,3/21/2023,11/19/2022,5
50728913,2498426,"GONZALES,ELIJAIH CLEMENTE",McConnell,7/20/2057,ATT CAP MURDER-POLICE OFF,4/1/2024,7/21/2022,35
50730760,2329238,"SAMUDIO,DANIEL JAY",Garza West,12/14/2041,AGG ROBBERY,1/31/2017,2/5/2016,25
50731661,2486056,"BURKETTE,DUSTIN COLE",Ney,5/17/2033,POSS CS PG1 4-200G,1/8/2024,12/29/2022,10
50733131,2246390,"NERIO,ALEX",Smith,3/24/2047,MURDER,2/6/2019,3/24/2017,30
50733656,2529238,"MARTINEZ,MATTHEW JOSEPH",Briscoe,8/30/2029,FAIL-STOP/RENDER AID-DEATH,10/17/2024,10/26/2022,12
50736323,2573784,"JUANEZ,ISRAEL TRINIDAD",Garza East,11/20/2029,AGG ROBBERY,8/4/2025,11/8/2024,5
50736374,2556142,"CARRIZALES,KURT DAVID",Dominguez,8/15/2026,ASLT FAMILY 2ND OFFENSE,3/28/2025,11/11/2020,6
50736895,2603732,"MATHERS,DAVION CARLYLE",Dominguez,5/19/2027,ABND/END CHLD INT/KNO/REC/CRIM N,2/12/2026,5/2/2025,2
50737285,2590218,"DEAN,LUISA",Coleman Work Facility,2/24/2028,THEFT PROP $2500 2/M PRE CONV,8/29/2025,1/27/2024,3
50737825,2585199,"MOSLEY,LAWRENCE EDWARD",Lopez,4/15/2029,ASLT FAM/HSEHLD MEM PREV CONV,10/3/2025,4/9/2024,4
50738988,2163485,"RODRIGUEZ,EMMA MARIE",Hobby,7/29/2060,INJURY TO CHILD SBI-INT/KNOW,10/26/2017,7/30/2015,45
50740973,2121910,"MOTA,KRYSTAL",Crain,10/21/2031,ENGAGE ORG CRIM ACT,2/16/2017,8/2/2015,15
50741141,2563313,"ESTRADA,JONATHAN ISAIAH",Segovia,10/28/2026,FAIL STOP/REND AID INJ/DEATH,3/7/2023,11/21/2021,2
50741325,2613785,"LEWIS,AMOIYAH SEMONE",Plane,1/5/2028,TAMP/FAB PHYS EVID W/I IMP,4/14/2026,1/5/2026,2
50741557,2583580,"BOYD,STEVEN",Briscoe,11/14/2049,AGG SEX ASLT,9/19/2025,12/21/2019,25
50741586,2415580,"FONDON,ABEL VILLEGAS",Torres,5/27/2046,AGG ROBBERY,9/28/2022,3/7/2021,25
50742039,2569020,"SCHEIBELHUT,JAKE",Ney,1/12/2030,OBSTRUCTION/RETALIATION,6/26/2025,1/11/2025,5
50742692,2539247,"BAUTISTA,RICARDO",Torres,9/18/2031,AGG ASLT W/DWPN,12/30/2024,2/18/2020,7
50742931,2573774,"ASHBAUGH,TYLER JAMES",Briscoe,5/22/2040,AGG ASLT AGAINST PUB SERV,7/18/2025,5/22/2022,15
50744505,2571937,"GOODWIN,KATRINA",Marlin,7/8/2026,"THEFT OVER $200,000-VEH",7/8/2025,7/2/2015,4
50744630,2406483,"SOTELO,DAMIAN ZAINE",Torres,5/2/2027,AGG ASLT,4/12/2017,8/20/2016,12
50746449,2354531,"FLOWERS,DARIUS",Willacy County,5/19/2029,AGG ASLT W/DW,6/30/2021,3/3/2020,9
50746542,2478907,"PEREZ,JULIUS ADALBERTO",Ramsey,7/13/2043,AGG ROBBERY,11/30/2023,8/22/2022,20
50746556,2531056,"DARRAH,BRIDGET L",Coleman,2/3/2027,DWI 3RD OR MORE,10/17/2024,8/4/2024,2.5
50751986,2528380,"SPURLOCK,DANIEL DUANE",Connally,10/1/2026,UNL CARRY WPN W/FEL CON,10/8/2024,7/24/2024,5
50754707,2484605,"LEE,TOMESHA PATRISE",Halbert,10/8/2026,AGG ASLT DWPN,1/19/2024,2/26/2023,5
50755467,2586699,"GARCIA-ALVEAR,MYSTKIAL ISAYA",Dominguez,10/3/2026,UUV,10/23/2025,10/4/2025,1
50756375,2452399,"PANTALEON,ANDREW ALEXANDER",Hightower,5/29/2039,AGG ASLT DWPN,6/2/2023,6/15/2021,16
50759510,2088371,"LOPEZ,MICHAEL LEE",Connally,9/10/2035,MURDER,8/31/2016,9/10/2015,20
50759806,2401804,"JONES,KEYANA SHANICE",Hobby,12/10/2045,AGG ROBBERY,7/7/2022,12/7/2020,25
50759852,2506047,"NNAMDI,MARTIN",Connally,10/10/2027,REPEATED VIOL CT ORDER/BOND,1/4/2023,1/17/2020,6
50759991,2476632,"GUSTAMANTE,BRANDON LEE",Beto,7/1/2026,AGG ROBBERY,6/10/2019,3/1/2017,6
50760235,2400132,"QUINTERO,ROY ANTHONY",Goree,6/15/2027,AGG SEX ASLT CHILD,6/16/2022,5/20/2019,5
50760410,2336108,"PEOPLES,DE ONTAY RAYSHAWN",Hightower,1/17/2028,AGG ROBBERY,6/1/2017,1/19/2017,10
50761272,2126469,"FERRERA-RAMOS,CHRISTIAN",B. Moore,9/13/2027,MANSLAUGHTER,3/31/2017,9/13/2015,12
50761421,2102293,"GONZALEZ,EDUARDO MORALES",Lynaugh,9/12/2040,AGG SEXUAL ASLT CHILD,11/15/2016,8/1/2014,25
50762295,2430109,"HUGHES,ZACHARY",Lewis,11/18/2033,ARSON HABIT/PLACE,12/16/2022,11/15/2021,12
50762300,2605709,"TAYLOR,ALONZO MIGUEL",Lindsey,3/9/2035,FELON POSS F/ARM,1/22/2026,4/2/2022,10
50764949,2207449,"OTTER,EARL JAMES",Michael,4/13/2037,POSS WID CONT SUB 4-200G,7/12/2018,1/18/2017,30
50765161,2590127,"VILLARREAL,MARIO",Briscoe,5/18/2029,POSS CS PG1/1B 4-200G,10/31/2025,8/7/2025,8
50765519,2452388,"MARTINEZ,ALEJANDRO VIDAL",Estelle,8/2/2032,AGG SEX ASSLT,6/7/2023,5/11/2022,10
50766444,2614140,"DEMOORE,ERIC OMAR",Johnston,2/14/2027,ASSAULT FAM/HOUSE MEM IMPEDE BRE,,7/23/2021,5
50767218,2419306,"GONZALEZSALAZAR,JONATHAN DAVID",Robertson,5/3/2027,ROBBERY,10/20/2022,5/3/2022,5
50767666,2508362,"GARCIA,BRIANNA MARIE",Marlin,1/1/2027,AGG ASSLT W/DWPN,6/18/2024,9/4/2021,5
50767745,2491335,"MACIAS,JONATHAN JACOB",Briscoe,10/19/2030,SEXUAL ASLT CHILD,2/16/2024,10/19/2022,8
50768154,2574873,"PLEASANT,Z VONNETRE C",Lopez,3/20/2027,ASLT FAM/HSE MEM PREV CONV,8/7/2025,12/26/2022,2
50768587,2216368,"MEDELLIN,CHRISTOPHER RYAN",Smith,3/9/2028,ROBBERY,8/15/2018,11/8/2016,10
50769989,2463800,"STEWART,JAMES CHRISTOPHER",Beto,11/29/2097,MURDER,8/11/2023,4/25/2020,75
50770087,2527612,"PALOMINO,ROBERTO EDUARDO",Torres,7/31/2027,ASLT INT RCK BRTH CIRC FAM MEM P,10/4/2024,6/23/2019,8
50770192,2154546,"PETERS,ANTHONY LAQUINN",Cole,9/18/2031,INTOXICATION ASLT,8/18/2017,9/18/2015,16
50770885,2480357,"OROZCO-HERNANDEZ,LUIS",Hamilton,7/14/2026,AGG ASLT W/DWPN,12/13/2023,6/9/2019,4
50772768,2100115,"GAMEZ,MARVIN",C.T. Terrell,7/10/2041,AGG SEXUAL ASLT CHILD,11/7/2016,10/9/2015,25
50774088,2393684,"GAITON,MELANIE MARIAH",Crain,5/1/2027,MANSLAUGHTER,5/5/2022,6/10/2021,8
50774822,2605394,"ALFARO,MATTHEW RAUL",Dominguez,11/8/2029,UNL POSS FIREARM FELON,2/27/2026,11/8/2025,4
50775488,2568153,"SEGOVIA,CHRISTIAN ANGEL",Briscoe,3/6/2031,AGG ROBBERY,6/18/2025,10/31/2022,7
50775577,2545944,"ARTEAGA,DENILSON MISAEL",Connally,9/16/2043,AGG SEXUAL ASLT CHILD,2/14/2025,9/13/2023,20
50778907,2556166,"YBARRA,ISAIAH DAVID",Gist,6/11/2026,ROBBERY,4/7/2025,10/23/2020,3
50780790,2581300,"PEREZ,JOE",Dominguez,8/25/2026,POSS CS PG1 1-4G,9/11/2025,3/5/2020,3
50780912,2276325,"MEJIA,RAUL",Glossbrenner,9/15/2026,AGG ROBBERY,7/30/2019,6/18/2018,10
50782171,2454907,"MARTINEZ,ROY MATTHEW",Connally,10/23/2045,AGG ROBBERY,6/13/2023,1/20/2020,25
50782482,2492691,"STEVENSON-MCNALLY,VERNARD JACO",McConnell,12/11/2031,AGG ROBBERY,4/11/2018,7/27/2017,12
50783288,2564345,"IBARRA,JONATHAN GRANADOS",Hightower,3/4/2036,SEXUAL ASLT CHILD,3/26/2025,7/25/2023,12
50785776,2589312,"GONZALEZ,ADRIAN ALBERT",Torres,2/11/2030,AGG SEX ASLT CHILD,11/3/2025,12/17/2024,5
50785890,2531676,"ALEJANDRO,RAYMOND JR",Ney,11/2/2026,INDECENCY W/CHILD SEXUAL,11/6/2024,2/21/2021,2
50785910,2522276,"ANDERSON,ANTHONY JEREL",Dominguez,1/9/2028,POSS WID CS 4-200G,9/9/2024,1/10/2024,8
50786150,2480337,"CHANEY,TREVON",Luther,9/23/2045,AGG ROBBERY,12/14/2023,9/22/2020,25
50786641,2436355,"TAYLOR,ERIC",Briscoe,8/6/2057,CONTINUOUS TRAFF PERSONS,1/17/2023,3/1/2016,35
50786858,2499689,"SEGOVIA,PETE ROY",Robertson,8/28/2031,ASLT PREGNANT PERSON,4/15/2024,8/8/2023,8
50787179,2549017,"SANDOVAL,KAESEA JAE",Crain,8/7/2027,MAN/DEL CS PG1 4-200G,3/17/2025,12/15/2021,6
50787573,2127781,"EDGINGTON,DONN",Fort Stockton,4/8/2032,INDEC W/CHILD CONTACT,4/11/2017,3/31/2015,15
50788579,2077908,"SMITH,MELVIN",Torres,7/11/2028,SEXUAL ASLT CHILD,7/12/2016,10/17/2015,12
50788809,2238661,"LEON,JOSEPH ANTHONY",Garza West,1/5/2027,BURG HABIT,12/12/2018,4/20/2018,8
50790032,2271359,"GREEN,KAMERON",Ferguson,2/4/2031,AGG ASLT W/DWPN,5/15/2019,11/9/2018,12
50790151,2478196,"LUCIO,CRISTIAN",McConnell,2/4/2028,KIDNAPPING,9/14/2023,6/20/2022,8
50790587,2478173,"CONNER,WALTER DUANE",Hightower,8/23/2030,AGG ROBBERY,11/17/2023,8/19/2022,8
50791766,2413309,"JUAREZ,JOHN MICHAEL",McConnell,10/21/2026,AGG ROBBERY,9/13/2022,10/18/2021,5
50793146,2557581,"CONTRERAS,SABASTIAN",Dominguez,4/9/2028,POSS CS PG1/1-B 200-400G,4/17/2025,10/24/2023,8
50794680,2486061,"HARBERT,JEISEAN TYRRELL",Garza East,12/24/2034,TRAFF OF PERSON 18 PROST/FORC,1/12/2024,8/1/2019,11
50795531,2447489,"IBARRA,OZZY LAZARUS",Clemens,10/5/2027,AGG ROBBERY,5/2/2023,9/13/2020,5
50797621,2152853,"COGGINS,BARRY G",Boyd,8/13/2037,INDECENCY W/CHILD-CONTACT,8/15/2017,11/30/2014,20
50798519,2561535,"VILLANUEVA,KRISTIAN MIGUEL",Ellis,4/8/2029,INDECENCY W/CHILD SEXUAL CONTACT,5/16/2025,10/11/2023,5
50798650,2374849,"RUSHER,ESTEBAN VILLA",Dominguez,3/8/2039,AGG ASLT W/DWPN,12/7/2021,3/8/2019,20
50798835,2485007,"MOTON,TARUZ J",Clements,3/6/2028,HARASSMT OF PUBLIC SERVANT,1/11/2024,3/7/2023,5
50799678,2344486,"VARGAS,SERGIO PADRON",Torres,8/16/2032,AGG ROBBERY,4/13/2021,7/21/2020,12
50800881,2557611,"ORTIZ,DEMETRI",Segovia,6/30/2027,VIOL BOND PROT ORD ASLT STLK,1/27/2025,12/9/2023,3
50802186,2189287,"LOCASCIO,CHARLES JOHN",Beto,12/3/2035,MURDER,3/19/2018,12/3/2015,20
50802665,2362021,"IVY,LESTER MORRIS",McConnell,10/23/2040,AGG SEX ASLT,8/25/2021,4/8/2015,20
50803646,2497070,"REYES,ARTURO ALAN",Willacy County,9/20/2042,AGG ROBBERY,3/26/2024,5/29/2022,20
50804618,2193251,"TREVINO,JULIAN JACOB",Hightower,6/1/2026,COMPEL PROSTITUTION/CHILD,3/5/2018,5/28/2016,9
50805034,2521019,"SULLIVAN,JOHNATHAN MALCOM",Ellis,11/16/2027,POSS WI DEL CS PG1 4G-200G,8/29/2024,7/26/2022,7
50806607,2465891,"FLORES,ABRAHAM RAY",Cotulla,4/1/2027,AGG ASLT W/DDLY WPN,9/6/2023,11/8/2020,6
50807221,2443915,"MARTIN,SAHARA MARGARET",Plane,4/4/2027,POSS WI DEL CS PG1 4-200G,4/12/2023,8/18/2022,5
50807926,2204309,"CEARLEY,AMBER DON",Crain,2/5/2043,CONTINUOUS SEX ABUSE CHILD,6/15/2018,1/3/2013,25
50809682,2576367,"LAWS,TAMERA TAMIKA",Crain,3/2/2043,MURDER,4/28/2025,2/22/2020,20
50810353,2372979,"HARPS,GERALD WAYNE",McConnell,5/17/2035,AGG ROBBERY,11/9/2021,2/26/2020,15
50811858,2490325,"HERNANDEZ,JESUS ANTHONIO",Memorial,9/17/2030,AGG ROBBERY,2/8/2024,12/13/2017,7
50812359,2607992,"CHAVEZ,ENRIQUE TREJO",Segovia,3/22/2027,AGG ASLT W/DWPN,3/4/2026,10/3/2019,3
50814368,2257399,"CARMICHAEL,DARIONE",Bradshaw,3/6/2030,AGG ROBBERY,2/28/2019,9/5/2017,12
50814517,2276310,"ELLIS,KEVIN SCOTT",Robertson,4/21/2029,ROBBERY,7/23/2019,9/18/2017,10
50817421,2468050,"MARTIN,SHAMAR",Diboll,10/16/2029,SEXUAL ASLT CHILD,9/1/2023,7/12/2015,7
50817423,2283281,"WILSON,CHRISTOPHER JAMES",Dominguez,9/3/2026,AGG ROBBERY,9/9/2019,1/5/2016,7
50817837,2542084,"DIAZ,LETICIA NICOLE",Crain,10/30/2026,ASLT PUBLIC SERVANT,2/3/2025,10/30/2024,2
50819734,2214019,"CONTRERAS,BRYAN JAMES",Estes,7/29/2028,INTOXICATION MANSLAUGHTER,8/2/2018,1/9/2016,10
50821876,2424560,"GAMEZ,ANTHONY",Ferguson,4/8/2036,AGG SEX ASLT CHILD,11/30/2022,6/15/2009,17
50822008,2490108,"AUSTRAW-OVERSTREET,JASON",McConnell,9/18/2057,CONT SEX ABUSE CHILD,2/5/2024,1/1/2015,35
50824147,2393133,"VELAZQUEZ,ABEL ISAISA",Torres,3/10/2031,AGG ROBBERY,5/10/2022,3/10/2021,10
50824607,2577628,"GRAVES,BRODERICK CRAIG",Dominguez,1/25/2027,THEFT PROP $2500-30K,8/22/2025,9/7/2024,1.5
